# Blender 5.0.1
# www.blender.org
mtllib Thompson_1921AC_Cinematic.mtl
o Thompson_1921AC_Magazine_Cinematic
v 0.014587 0.056040 0.093638
v -0.001654 0.057361 0.121510
v -0.001654 0.057361 0.093638
v -0.022707 -0.019286 0.136448
v -0.023078 -0.029579 0.136448
v -0.022756 -0.020626 0.136448
v 0.001903 -0.028509 0.134737
v -0.000010 -0.030145 0.136448
v 0.001903 -0.028509 0.136448
v 0.002596 -0.025585 0.135985
v 0.001651 -0.028581 0.137269
v 0.002596 -0.025585 0.137269
v 0.001651 -0.028581 0.131580
v 0.001651 -0.028581 0.135985
v 0.002596 -0.025585 0.131580
v 0.001651 -0.028581 0.137269
v 0.002596 -0.025585 0.135985
v 0.001651 -0.028581 0.135985
v -0.001136 -0.030031 0.135985
v 0.001651 -0.028581 0.131580
v -0.001136 -0.030031 0.131580
v -0.001136 -0.030031 0.137269
v 0.001651 -0.028581 0.135985
v 0.001651 -0.028581 0.137269
v 0.001651 -0.028581 0.131580
v -0.001136 -0.030031 0.135985
v 0.001651 -0.028581 0.135985
v -0.001851 -0.021854 0.131580
v -0.004637 -0.023304 0.135985
v -0.004637 -0.023304 0.131580
v 0.014799 -0.108317 0.093638
v 0.030308 -0.103323 0.093638
v 0.044986 -0.095768 0.093638
v 0.081867 -0.026160 0.093638
v 0.057405 -0.085218 0.093638
v 0.080546 -0.042400 0.093638
v 0.068074 -0.072620 0.093638
v 0.075510 -0.058122 0.093638
v 0.075510 0.005802 0.093638
v 0.080504 -0.009708 0.093638
v -0.048113 -0.095887 0.093638
v -0.033616 -0.103323 0.093638
v -0.017894 -0.108360 0.093638
v -0.001654 -0.109681 0.093638
v 0.057405 0.032898 0.093638
v 0.067954 0.020480 0.093638
v 0.030308 0.051004 0.093638
v 0.044807 0.043568 0.093638
v -0.060712 -0.085218 0.093638
v -0.084137 -0.009753 0.093638
v -0.071270 -0.072803 0.093638
v -0.085175 -0.026160 0.093638
v -0.083760 -0.042616 0.093638
v -0.078817 -0.058122 0.093638
v -0.018106 0.055998 0.093638
v -0.001654 0.057361 0.093638
v 0.014587 0.056040 0.093638
v -0.033616 0.051004 0.093638
v -0.060712 0.032898 0.093638
v -0.048294 0.043448 0.093638
v -0.071015 0.020202 0.093638
v -0.078817 0.005802 0.093638
v -0.060712 -0.085218 0.093638
v -0.048113 -0.095887 0.121510
v -0.048113 -0.095887 0.093638
v -0.060712 -0.085218 0.121510
v -0.071270 -0.072803 0.121510
v -0.071270 -0.072803 0.093638
v -0.078817 -0.058122 0.121510
v -0.078817 -0.058122 0.093638
v -0.083760 -0.042616 0.121510
v -0.083760 -0.042616 0.093638
v -0.085175 -0.026160 0.121510
v -0.085175 -0.026160 0.093638
v -0.084137 -0.009753 0.121510
v -0.084137 -0.009753 0.093638
v -0.001654 -0.109681 0.121510
v 0.014799 -0.108317 0.093638
v -0.001654 -0.109681 0.093638
v 0.014799 -0.108317 0.121510
v 0.030308 -0.103323 0.121510
v 0.030308 -0.103323 0.093638
v 0.044986 -0.095768 0.093638
v 0.044986 -0.095768 0.121510
v 0.057405 -0.085218 0.093638
v 0.057405 -0.085218 0.121510
v 0.068074 -0.072620 0.121510
v 0.057405 -0.085218 0.093638
v 0.057405 -0.085218 0.121510
v 0.068074 -0.072620 0.093638
v 0.075510 -0.058122 0.093638
v 0.075510 -0.058122 0.121510
v 0.080546 -0.042400 0.121510
v 0.080546 -0.042400 0.093638
v 0.081867 -0.026160 0.093638
v 0.081867 -0.026160 0.121510
v 0.080504 -0.009708 0.121510
v 0.080504 -0.009708 0.093638
v 0.075510 0.005802 0.093638
v 0.075510 0.005802 0.121510
v 0.075510 0.005802 0.121510
v 0.067954 0.020480 0.093638
v 0.075510 0.005802 0.093638
v 0.067954 0.020480 0.121510
v 0.057405 0.032898 0.121510
v 0.057405 0.032898 0.093638
v 0.044807 0.043568 0.121510
v 0.044807 0.043568 0.093638
v 0.030308 0.051004 0.093638
v 0.030308 0.051004 0.121510
v 0.014587 0.056040 0.093638
v 0.014587 0.056040 0.121510
v -0.001654 0.057361 0.121510
v -0.001654 0.057361 0.121510
v -0.018106 0.055998 0.093638
v -0.001654 0.057361 0.093638
v -0.018106 0.055998 0.121510
v -0.033616 0.051004 0.093638
v -0.033616 0.051004 0.121510
v -0.048294 0.043448 0.093638
v -0.048294 0.043448 0.121510
v -0.060712 0.032898 0.093638
v -0.060712 0.032898 0.121510
v -0.071015 0.020202 0.121510
v -0.071015 0.020202 0.093638
v -0.078817 0.005802 0.093638
v -0.078817 0.005802 0.121510
v -0.084137 -0.009753 0.093638
v -0.084137 -0.009753 0.121510
v -0.018163 -0.109718 0.121510
v -0.001654 -0.111061 0.133035
v -0.001654 -0.111061 0.121510
v -0.018163 -0.109718 0.133035
v -0.034144 -0.104598 0.121510
v 0.058380 -0.086194 0.121510
v 0.045757 -0.096918 0.133035
v 0.058380 -0.086194 0.133035
v 0.045757 -0.096918 0.121510
v 0.030836 -0.104598 0.133035
v 0.030836 -0.104598 0.121510
v 0.015070 -0.109675 0.121510
v 0.015071 -0.109675 0.133035
v -0.001654 -0.111061 0.121510
v -0.001654 -0.111061 0.133035
v 0.076785 0.006330 0.121510
v 0.081862 -0.009436 0.133035
v 0.076785 0.006330 0.133035
v 0.081862 -0.009436 0.121510
v 0.083247 -0.026160 0.133035
v 0.083247 -0.026160 0.121510
v 0.081904 -0.042669 0.133035
v 0.081904 -0.042669 0.121510
v 0.076785 -0.058650 0.133035
v 0.076785 -0.058650 0.121510
v 0.069226 -0.073388 0.133035
v 0.069226 -0.073388 0.121510
v 0.058380 -0.086194 0.121510
v 0.058380 -0.086194 0.133035
v 0.014855 0.057398 0.121510
v -0.001654 0.058741 0.133035
v -0.001654 0.058741 0.121510
v 0.014855 0.057398 0.133035
v 0.030836 0.052278 0.121510
v -0.080092 0.006330 0.133035
v -0.072161 0.020968 0.121510
v -0.072161 0.020968 0.133035
v -0.080092 0.006330 0.121510
v -0.085499 -0.009482 0.133035
v -0.085499 -0.009482 0.121510
v -0.086555 -0.026160 0.133035
v -0.086555 -0.026160 0.121510
v -0.085117 -0.042888 0.121510
v -0.085117 -0.042888 0.133035
v -0.080092 -0.058650 0.121510
v -0.080092 -0.058650 0.133035
v -0.072420 -0.073573 0.133035
v -0.072420 -0.073573 0.121510
v -0.061688 -0.086194 0.133035
v -0.061688 -0.086194 0.121510
v -0.048881 -0.097039 0.133035
v -0.048881 -0.097039 0.121510
v -0.034144 -0.104598 0.121510
v -0.034144 -0.104598 0.133035
v -0.018163 -0.109718 0.133035
v -0.048113 -0.095887 0.121510
v -0.033616 -0.103323 0.093638
v -0.048113 -0.095887 0.093638
v -0.033616 -0.103323 0.121510
v -0.017894 -0.108360 0.093638
v -0.017894 -0.108360 0.121510
v -0.001654 -0.109681 0.121510
v -0.001654 -0.109681 0.093638
v 0.069104 0.021251 0.133035
v 0.076785 0.006330 0.121510
v 0.076785 0.006330 0.133035
v 0.069104 0.021251 0.121510
v 0.058380 0.033874 0.121510
v 0.058380 0.033874 0.133035
v 0.045575 0.044720 0.133035
v 0.045575 0.044720 0.121510
v 0.030837 0.052278 0.133035
v 0.030836 0.052278 0.121510
v 0.014855 0.057398 0.133035
v -0.001654 0.058741 0.133035
v -0.018378 0.057355 0.121510
v -0.001654 0.058741 0.121510
v -0.018378 0.057355 0.133035
v -0.034144 0.052278 0.121510
v -0.034144 0.052278 0.133035
v -0.049065 0.044598 0.121510
v -0.049065 0.044598 0.133035
v -0.061688 0.033874 0.121510
v -0.061688 0.033874 0.133035
v -0.072161 0.020968 0.121510
v -0.072161 0.020968 0.133035
v 0.076785 0.006330 0.133035
v 0.058380 0.033874 0.133035
v 0.069104 0.021251 0.133035
v 0.081862 -0.009436 0.133035
v 0.045575 0.044720 0.133035
v -0.072161 0.020968 0.133035
v 0.030837 0.052278 0.133035
v 0.014855 0.057398 0.133035
v -0.001654 0.058741 0.133035
v -0.018378 0.057355 0.133035
v -0.034144 0.052278 0.133035
v -0.061688 0.033874 0.133035
v -0.049065 0.044598 0.133035
v 0.081904 -0.042669 0.133035
v 0.083247 -0.026160 0.133035
v 0.069226 -0.073388 0.133035
v 0.076785 -0.058650 0.133035
v 0.058380 -0.086194 0.133035
v 0.045757 -0.096918 0.133035
v 0.030836 -0.104598 0.133035
v 0.015071 -0.109675 0.133035
v -0.001654 -0.111061 0.133035
v -0.018163 -0.109718 0.133035
v -0.034144 -0.104598 0.133035
v -0.048881 -0.097039 0.133035
v -0.061688 -0.086194 0.133035
v -0.072420 -0.073573 0.133035
v -0.080092 -0.058650 0.133035
v -0.085499 -0.009482 0.133035
v -0.080092 0.006330 0.133035
v -0.085117 -0.042888 0.133035
v -0.086555 -0.026160 0.133035
v 0.046025 -0.027608 0.137286
v 0.025388 -0.026492 0.137286
v 0.046071 -0.026445 0.137286
v 0.025585 -0.028131 0.137286
v 0.046037 -0.030746 0.135729
v 0.025585 -0.028131 0.135729
v 0.046025 -0.027608 0.135729
v 0.026630 -0.036848 0.135729
v 0.015581 -0.039028 0.135729
v 0.025388 -0.026492 0.135729
v 0.019485 -0.025350 0.135729
v 0.011254 -0.031967 0.135729
v 0.005026 -0.036651 0.135729
v 0.007365 -0.040458 0.135729
v -0.001912 -0.036244 0.135729
v -0.001651 -0.040484 0.135729
v -0.011278 -0.040314 0.135729
v 0.003969 -0.034780 0.132844
v -0.001808 -0.034441 0.132844
v 0.008972 -0.031138 0.132844
v -0.008850 -0.033548 0.132844
v 0.014442 -0.026884 0.135729
v 0.011809 -0.026648 0.132844
v 0.013628 -0.021963 0.135729
v 0.011131 -0.022549 0.132844
v 0.019165 -0.018431 0.135729
v 0.009006 -0.018769 0.132844
v 0.011075 -0.017423 0.135729
v 0.016300 -0.013522 0.135729
v 0.006650 -0.015821 0.132844
v 0.008246 -0.013882 0.135729
v 0.010078 -0.010020 0.135729
v 0.001676 -0.009699 0.135729
v 0.001564 -0.011750 0.135729
v 0.001086 -0.014045 0.132844
v -0.006445 -0.009708 0.135729
v -0.006213 -0.015109 0.132844
v -0.007202 -0.013028 0.135729
v -0.012892 -0.017603 0.135729
v -0.010951 -0.018919 0.132844
v -0.027884 -0.013250 0.135729
v -0.013776 -0.024272 0.132844
v -0.016284 -0.024031 0.135729
v -0.016451 -0.030142 0.135729
v -0.013914 -0.029360 0.132844
v -0.012134 -0.031566 0.132844
v -0.014313 -0.032791 0.135729
v -0.010369 -0.035172 0.135729
v -0.018508 -0.037690 0.135729
v -0.021868 -0.032640 0.135729
v -0.022400 -0.026215 0.135729
v -0.026602 -0.023199 0.135729
v -0.026286 -0.024733 0.135729
v -0.049368 -0.023867 0.135729
v -0.048875 -0.020268 0.135729
v 0.046071 -0.026445 0.137286
v 0.025388 -0.026492 0.137286
v 0.025388 -0.026492 0.135729
v 0.046071 -0.026445 0.132844
v 0.025388 -0.026492 0.132844
v 0.019485 -0.025350 0.132844
v 0.019485 -0.025350 0.135729
v 0.025585 -0.028131 0.135729
v 0.025388 -0.026492 0.137286
v 0.025585 -0.028131 0.137286
v 0.025388 -0.026492 0.135729
v 0.025585 -0.028131 0.135729
v 0.046025 -0.027608 0.137286
v 0.046025 -0.027608 0.135729
v 0.025585 -0.028131 0.137286
v 0.046025 -0.027608 0.135729
v 0.046025 -0.027608 0.137286
v 0.046071 -0.026445 0.137286
v 0.046025 -0.027608 0.132844
v 0.046071 -0.026445 0.132844
v 0.046037 -0.030746 0.135729
v 0.046037 -0.030746 0.132844
v -0.026286 -0.024733 0.137286
v -0.049368 -0.023867 0.137286
v -0.026602 -0.023199 0.137286
v -0.049052 -0.025401 0.137286
v -0.026286 -0.024733 0.135729
v -0.026602 -0.023199 0.137286
v -0.026602 -0.023199 0.135729
v -0.026286 -0.024733 0.137286
v -0.026602 -0.023199 0.137286
v -0.049368 -0.023867 0.135729
v -0.026602 -0.023199 0.135729
v -0.049368 -0.023867 0.137286
v -0.049052 -0.025401 0.137286
v -0.049368 -0.023867 0.135729
v -0.049368 -0.023867 0.137286
v -0.049052 -0.025401 0.135729
v -0.049052 -0.025401 0.132844
v -0.049368 -0.023867 0.132844
v -0.048875 -0.020268 0.132844
v -0.048875 -0.020268 0.135729
v -0.026286 -0.024733 0.135729
v -0.049052 -0.025401 0.137286
v -0.026286 -0.024733 0.137286
v -0.049052 -0.025401 0.135729
v -0.049052 -0.025401 0.132844
v -0.026286 -0.024733 0.132844
v -0.022400 -0.026215 0.135729
v -0.022400 -0.026215 0.132844
v 0.026630 -0.036848 0.132844
v 0.046037 -0.030746 0.135729
v 0.046037 -0.030746 0.132844
v 0.026630 -0.036848 0.135729
v 0.015581 -0.039028 0.132844
v 0.015581 -0.039028 0.135729
v 0.007365 -0.040458 0.132844
v 0.007365 -0.040458 0.135729
v -0.001651 -0.040484 0.132844
v -0.001651 -0.040484 0.135729
v -0.011278 -0.040314 0.132844
v -0.011278 -0.040314 0.135729
v -0.018508 -0.037690 0.135729
v -0.018508 -0.037690 0.132844
v 0.019485 -0.025350 0.135729
v 0.019165 -0.018431 0.132844
v 0.019485 -0.025350 0.132844
v 0.019165 -0.018431 0.135729
v 0.016300 -0.013522 0.135729
v 0.016300 -0.013522 0.132844
v 0.016300 -0.013522 0.135729
v 0.010078 -0.010020 0.132844
v 0.016300 -0.013522 0.132844
v 0.010078 -0.010020 0.135729
v 0.001676 -0.009699 0.132844
v 0.001676 -0.009699 0.135729
v -0.006445 -0.009708 0.132844
v -0.006445 -0.009708 0.135729
v -0.027884 -0.013250 0.135729
v -0.027884 -0.013250 0.132844
v -0.048875 -0.020268 0.132844
v -0.048875 -0.020268 0.135729
v -0.021868 -0.032640 0.135729
v -0.022400 -0.026215 0.132844
v -0.022400 -0.026215 0.135729
v -0.021868 -0.032640 0.132844
v -0.018508 -0.037690 0.132844
v -0.018508 -0.037690 0.135729
v -0.020508 -0.033584 0.136448
v -0.017082 -0.033285 0.136448
v -0.018765 -0.033775 0.136448
v -0.022045 -0.032741 0.136448
v -0.023143 -0.031374 0.136448
v -0.023078 -0.029579 0.136448
v -0.022707 -0.019286 0.136448
v -0.021974 -0.017949 0.136448
v -0.020784 -0.016994 0.136448
v -0.015714 -0.032187 0.136448
v -0.017803 -0.016733 0.136448
v -0.019320 -0.016567 0.136448
v -0.016466 -0.017467 0.136448
v -0.015084 -0.020121 0.136448
v -0.015511 -0.018656 0.136448
v -0.013811 -0.030551 0.135957
v -0.013347 -0.021665 0.135957
v -0.011795 -0.021463 0.135541
v -0.012259 -0.030348 0.135541
v -0.011090 -0.030286 0.136448
v -0.010626 -0.021400 0.136448
v -0.002308 -0.030741 0.136448
v -0.001844 -0.021856 0.136448
v -0.000010 -0.030145 0.136448
v 0.000637 -0.022171 0.136448
v 0.002982 -0.026154 0.136448
v 0.002507 -0.023736 0.136448
v 0.001903 -0.028509 0.136448
v -0.015511 -0.018656 0.134737
v -0.016466 -0.017467 0.136448
v -0.016466 -0.017467 0.134737
v -0.015511 -0.018656 0.136448
v -0.015084 -0.020121 0.134737
v -0.015084 -0.020121 0.136448
v -0.020508 -0.033584 0.136448
v -0.022045 -0.032741 0.134737
v -0.022045 -0.032741 0.136448
v -0.020508 -0.033584 0.134737
v -0.018765 -0.033775 0.136448
v -0.018765 -0.033775 0.134737
v -0.017082 -0.033285 0.134737
v -0.017082 -0.033285 0.136448
v -0.015714 -0.032187 0.134737
v -0.015714 -0.032187 0.136448
v -0.013811 -0.030551 0.134246
v -0.013811 -0.030551 0.135957
v -0.012259 -0.030348 0.133831
v -0.012259 -0.030348 0.135541
v -0.011090 -0.030286 0.134737
v -0.011090 -0.030286 0.136448
v -0.002308 -0.030741 0.134737
v -0.002308 -0.030741 0.136448
v -0.000010 -0.030145 0.136448
v -0.000010 -0.030145 0.134737
v 0.001903 -0.028509 0.134737
v -0.023143 -0.031374 0.136448
v -0.022045 -0.032741 0.134737
v -0.023143 -0.031374 0.134737
v -0.022045 -0.032741 0.136448
v -0.023078 -0.029579 0.134737
v -0.023143 -0.031374 0.136448
v -0.023143 -0.031374 0.134737
v -0.023078 -0.029579 0.136448
v -0.022756 -0.020626 0.136448
v -0.022756 -0.020626 0.134737
v -0.022707 -0.019286 0.136448
v -0.022707 -0.019286 0.134737
v -0.021974 -0.017949 0.136448
v -0.021974 -0.017949 0.134737
v -0.021974 -0.017949 0.134737
v -0.020784 -0.016994 0.136448
v -0.021974 -0.017949 0.136448
v -0.020784 -0.016994 0.134737
v -0.019320 -0.016567 0.134737
v -0.019320 -0.016567 0.136448
v -0.017803 -0.016733 0.134737
v -0.017803 -0.016733 0.136448
v -0.016466 -0.017467 0.136448
v -0.016466 -0.017467 0.134737
v -0.013347 -0.021665 0.134246
v -0.015084 -0.020121 0.136448
v -0.015084 -0.020121 0.134737
v -0.013347 -0.021665 0.135957
v -0.011795 -0.021463 0.133831
v -0.011795 -0.021463 0.135541
v -0.010626 -0.021400 0.136448
v -0.010626 -0.021401 0.134737
v -0.001844 -0.021856 0.136448
v -0.001844 -0.021856 0.134737
v 0.000637 -0.022171 0.134737
v 0.000637 -0.022171 0.136448
v 0.002507 -0.023736 0.136448
v 0.002507 -0.023736 0.134737
v 0.002982 -0.026154 0.136448
v 0.001903 -0.028509 0.134737
v 0.001903 -0.028509 0.136448
v 0.002982 -0.026154 0.134737
v 0.002507 -0.023736 0.136448
v 0.002507 -0.023736 0.134737
v 0.002982 -0.026154 0.134737
v -0.000010 -0.030145 0.134737
v 0.001903 -0.028509 0.134737
v 0.000637 -0.022171 0.134737
v 0.002507 -0.023736 0.134737
v -0.001844 -0.021856 0.134737
v -0.002308 -0.030741 0.134737
v -0.011090 -0.030286 0.134737
v -0.010626 -0.021401 0.134737
v -0.012259 -0.030348 0.133831
v -0.011795 -0.021463 0.133831
v -0.013811 -0.030551 0.134246
v -0.013347 -0.021665 0.134246
v -0.015714 -0.032187 0.134737
v -0.015084 -0.020121 0.134737
v -0.015511 -0.018656 0.134737
v -0.016466 -0.017467 0.134737
v -0.017082 -0.033285 0.134737
v -0.018765 -0.033775 0.134737
v -0.022045 -0.032741 0.134737
v -0.020508 -0.033584 0.134737
v -0.022756 -0.020626 0.134737
v -0.023078 -0.029579 0.134737
v -0.023143 -0.031374 0.134737
v -0.022707 -0.019286 0.134737
v -0.021974 -0.017949 0.134737
v -0.017803 -0.016733 0.134737
v -0.019320 -0.016567 0.134737
v -0.020784 -0.016994 0.134737
v -0.020453 -0.022522 0.137617
v -0.017236 -0.022240 0.137617
v -0.018755 -0.023400 0.137405
v -0.018985 -0.020773 0.138098
v -0.021612 -0.021002 0.137405
v -0.020734 -0.019305 0.137617
v -0.017517 -0.019023 0.137617
v -0.016358 -0.020543 0.137405
v -0.019215 -0.018145 0.137405
v -0.016511 -0.022848 0.136123
v -0.016358 -0.020543 0.137405
v -0.015767 -0.020491 0.136123
v -0.017236 -0.022240 0.137617
v -0.018703 -0.023990 0.136123
v -0.018755 -0.023400 0.137405
v -0.019266 -0.017555 0.136123
v -0.017517 -0.019023 0.137617
v -0.019215 -0.018145 0.137405
v -0.016909 -0.018298 0.136123
v -0.016358 -0.020543 0.137405
v -0.015767 -0.020491 0.136123
v -0.022202 -0.021054 0.136123
v -0.020734 -0.019305 0.137617
v -0.021612 -0.021002 0.137405
v -0.021459 -0.018697 0.136123
v -0.019215 -0.018145 0.137405
v -0.019266 -0.017555 0.136123
v -0.021061 -0.023247 0.136123
v -0.018755 -0.023400 0.137405
v -0.018703 -0.023990 0.136123
v -0.020453 -0.022522 0.137617
v -0.021612 -0.021002 0.137405
v -0.022202 -0.021054 0.136123
v -0.003359 -0.028166 0.138743
v 0.000730 -0.027808 0.138743
v -0.001201 -0.029281 0.138472
v -0.001493 -0.025942 0.139353
v -0.004832 -0.026235 0.138472
v -0.003717 -0.024077 0.138743
v 0.000372 -0.023719 0.138743
v 0.001845 -0.025650 0.138472
v -0.001785 -0.022604 0.138472
v 0.001651 -0.028581 0.137269
v 0.001845 -0.025650 0.138472
v 0.002596 -0.025585 0.137269
v 0.000730 -0.027808 0.138743
v -0.001136 -0.030031 0.137269
v -0.001201 -0.029281 0.138472
v -0.001851 -0.021853 0.137269
v 0.000372 -0.023719 0.138743
v -0.001785 -0.022604 0.138472
v 0.001145 -0.022798 0.137269
v 0.001845 -0.025650 0.138472
v 0.002596 -0.025585 0.137269
v -0.001785 -0.022604 0.138472
v -0.004637 -0.023304 0.137269
v -0.001851 -0.021853 0.137269
v -0.003717 -0.024077 0.138743
v -0.005582 -0.026300 0.137269
v -0.004832 -0.026235 0.138472
v -0.004131 -0.029087 0.137269
v -0.004131 -0.029087 0.137269
v -0.001201 -0.029281 0.138472
v -0.001136 -0.030031 0.137269
v -0.003359 -0.028166 0.138743
v -0.004832 -0.026235 0.138472
v 0.001145 -0.022798 0.137269
v 0.002596 -0.025585 0.135985
v 0.002596 -0.025585 0.137269
v 0.001145 -0.022798 0.135985
v 0.002596 -0.025585 0.131580
v 0.001145 -0.022798 0.131580
v -0.001851 -0.021853 0.135985
v -0.001851 -0.021853 0.137269
v -0.001851 -0.021854 0.131580
v -0.004637 -0.023304 0.137269
v -0.001851 -0.021853 0.135985
v -0.001851 -0.021853 0.137269
v -0.004637 -0.023304 0.135985
v -0.001851 -0.021854 0.131580
v -0.005582 -0.026300 0.137269
v -0.005582 -0.026300 0.135985
v -0.004131 -0.029087 0.137269
v -0.004637 -0.023304 0.131580
v -0.005582 -0.026300 0.131580
v -0.020758 -0.031759 0.137617
v -0.017541 -0.031477 0.137617
v -0.019060 -0.032637 0.137405
v -0.019290 -0.030010 0.138098
v -0.021917 -0.030240 0.137405
v -0.021040 -0.028542 0.137617
v -0.017823 -0.028260 0.137617
v -0.016663 -0.029780 0.137405
v -0.019520 -0.027383 0.137405
v -0.016816 -0.032086 0.136123
v -0.016663 -0.029780 0.137405
v -0.016073 -0.029728 0.136123
v -0.017541 -0.031477 0.137617
v -0.019009 -0.033227 0.136123
v -0.019060 -0.032637 0.137405
v -0.019572 -0.026792 0.136123
v -0.017823 -0.028260 0.137617
v -0.019520 -0.027383 0.137405
v -0.017214 -0.027536 0.136123
v -0.016663 -0.029780 0.137405
v -0.016073 -0.029728 0.136123
v -0.022508 -0.030291 0.136123
v -0.021040 -0.028542 0.137617
v -0.021917 -0.030240 0.137405
v -0.021764 -0.027934 0.136123
v -0.019520 -0.027383 0.137405
v -0.019572 -0.026792 0.136123
v -0.021366 -0.032484 0.136123
v -0.019060 -0.032637 0.137405
v -0.019009 -0.033227 0.136123
v -0.020758 -0.031759 0.137617
v -0.021917 -0.030240 0.137405
v -0.022508 -0.030291 0.136123
v -0.004667 -0.034112 0.093985
v -0.007221 -0.032405 0.089311
v -0.007221 -0.032405 0.093985
v -0.004667 -0.034112 0.089311
v -0.001654 -0.034712 0.089311
v -0.001654 -0.034712 0.093985
v 0.001359 -0.034112 0.093985
v 0.001359 -0.034112 0.089311
v 0.003914 -0.032405 0.089311
v 0.003914 -0.032405 0.093985
v -0.008928 -0.029851 0.089311
v -0.007221 -0.032405 0.093985
v -0.007221 -0.032405 0.089311
v -0.008928 -0.029851 0.093985
v -0.009527 -0.026838 0.089311
v -0.009527 -0.026838 0.093985
v -0.008928 -0.023825 0.093985
v -0.008928 -0.023825 0.089311
v -0.007221 -0.021271 0.093985
v -0.007221 -0.021271 0.089311
v -0.004667 -0.019564 0.089311
v -0.007221 -0.021271 0.093985
v -0.007221 -0.021271 0.089311
v -0.004667 -0.019564 0.093985
v -0.001654 -0.018965 0.089311
v -0.001654 -0.018965 0.093985
v 0.001359 -0.019564 0.093985
v 0.001359 -0.019564 0.089311
v 0.003914 -0.021271 0.093985
v 0.003914 -0.021271 0.089311
v 0.005620 -0.023825 0.089311
v 0.003914 -0.021271 0.093985
v 0.003914 -0.021271 0.089311
v 0.005620 -0.023825 0.093985
v 0.006220 -0.026838 0.093985
v 0.006220 -0.026838 0.089311
v 0.005620 -0.029851 0.089311
v 0.005620 -0.029851 0.093985
v 0.003914 -0.032405 0.093985
v 0.003914 -0.032405 0.089311
v -0.005489 -0.023003 0.093610
v -0.001654 -0.021414 0.093610
v -0.003729 -0.021827 0.093610
v -0.007078 -0.026838 0.093610
v -0.006665 -0.024762 0.093610
v 0.003770 -0.026838 0.093610
v 0.000422 -0.021827 0.093610
v 0.002182 -0.023003 0.093610
v 0.003357 -0.024762 0.093610
v -0.005489 -0.030673 0.093610
v -0.006665 -0.028914 0.093610
v 0.002182 -0.030673 0.093610
v 0.003357 -0.028914 0.093610
v -0.001654 -0.032262 0.093610
v 0.000422 -0.031849 0.093610
v -0.003729 -0.031849 0.093610
v -0.005489 -0.030673 0.089311
v -0.003729 -0.031849 0.093610
v -0.005489 -0.030673 0.093610
v -0.003729 -0.031849 0.089311
v -0.001654 -0.032262 0.089311
v -0.001654 -0.032262 0.093610
v 0.000422 -0.031849 0.093610
v 0.000422 -0.031849 0.089311
v 0.002182 -0.030673 0.093610
v 0.002182 -0.030673 0.089311
v -0.006665 -0.028914 0.093610
v -0.005489 -0.030673 0.089311
v -0.005489 -0.030673 0.093610
v -0.006665 -0.028914 0.089311
v -0.007078 -0.026838 0.089311
v -0.007078 -0.026838 0.093610
v -0.006665 -0.024762 0.089311
v -0.006665 -0.024762 0.093610
v -0.005489 -0.023003 0.089311
v -0.005489 -0.023003 0.093610
v -0.005489 -0.023003 0.093610
v -0.003729 -0.021827 0.089311
v -0.005489 -0.023003 0.089311
v -0.003729 -0.021827 0.093610
v -0.001654 -0.021414 0.093610
v -0.001654 -0.021414 0.089311
v 0.000422 -0.021827 0.089311
v 0.000422 -0.021827 0.093610
v 0.002182 -0.023003 0.093610
v 0.002182 -0.023003 0.089311
v 0.002182 -0.023003 0.093610
v 0.003357 -0.024762 0.089311
v 0.002182 -0.023003 0.089311
v 0.003357 -0.024762 0.093610
v 0.003770 -0.026838 0.093610
v 0.003770 -0.026838 0.089311
v 0.003357 -0.028914 0.089311
v 0.003357 -0.028914 0.093610
v 0.002182 -0.030673 0.093610
v 0.003357 -0.028914 0.089311
v 0.003357 -0.028914 0.093610
v 0.002182 -0.030673 0.089311
v 0.015431 0.047764 0.138916
v -0.024310 0.046353 0.139630
v -0.024339 0.047764 0.138916
v 0.015437 0.046353 0.139630
v 0.015443 0.045087 0.139876
v -0.024283 0.045087 0.139876
v 0.015450 0.043713 0.139603
v -0.024255 0.043713 0.139603
v -0.024226 0.042344 0.138916
v 0.015457 0.042344 0.138916
v -0.024061 0.035811 0.134545
v 0.015577 0.029256 0.134545
v -0.023902 0.029256 0.134545
v 0.015494 0.035811 0.134545
v -0.024310 0.046353 0.139630
v -0.024339 0.047764 0.134545
v -0.024339 0.047764 0.138916
v -0.024255 0.043713 0.132235
v -0.024283 0.045087 0.139876
v -0.024255 0.043713 0.139603
v -0.024226 0.042344 0.138916
v -0.024226 0.042344 0.136587
v -0.024339 0.053705 0.132235
v -0.024339 0.053705 0.134545
v -0.024061 0.035811 0.134545
v -0.024061 0.035811 0.136587
v -0.023902 0.029256 0.134545
v -0.023902 0.029256 0.132235
v -0.023711 0.010709 0.134545
v -0.023711 0.010709 0.132235
v -0.023559 0.003217 0.134545
v -0.023559 0.003217 0.132235
v -0.021553 0.000527 0.134545
v -0.021553 0.000527 0.132235
v -0.024061 0.035811 0.136587
v 0.015494 0.035811 0.134545
v -0.024061 0.035811 0.134545
v 0.015494 0.035811 0.136587
v 0.015494 0.035811 0.134545
v 0.015494 0.035811 0.136587
v 0.015457 0.042344 0.136587
v 0.015450 0.043713 0.132235
v 0.015457 0.042344 0.138916
v 0.015450 0.043713 0.139603
v 0.015443 0.045087 0.139876
v 0.015577 0.029256 0.134545
v 0.015437 0.046353 0.139630
v 0.015577 0.029256 0.132235
v 0.015677 0.010709 0.134545
v 0.015677 0.010709 0.132235
v 0.015756 0.006689 0.132235
v 0.015756 0.006689 0.134545
v 0.013729 0.001367 0.134545
v 0.013729 0.001367 0.132235
v 0.015431 0.047764 0.134545
v 0.015431 0.047764 0.138916
v 0.015431 0.053705 0.132235
v 0.015431 0.053705 0.134545
v -0.024339 0.047764 0.134545
v 0.015431 0.047764 0.138916
v -0.024339 0.047764 0.138916
v 0.015431 0.047764 0.134545
v -0.024226 0.042344 0.138916
v 0.015457 0.042344 0.136587
v -0.024226 0.042344 0.136587
v 0.015457 0.042344 0.138916
v -0.024339 0.053705 0.132235
v 0.015431 0.053705 0.134545
v -0.024339 0.053705 0.134545
v 0.015431 0.053705 0.132235
v -0.021553 0.000527 0.134545
v 0.010734 0.000527 0.132235
v -0.021553 0.000527 0.132235
v 0.010734 0.000527 0.134545
v 0.013729 0.001367 0.132235
v 0.013729 0.001367 0.134545
v 0.015431 0.047764 0.134545
v -0.024339 0.053705 0.134545
v 0.015431 0.053705 0.134545
v -0.024339 0.047764 0.134545
v 0.015677 0.010709 0.134545
v 0.015756 0.006689 0.134545
v 0.013729 0.001367 0.134545
v -0.023711 0.010709 0.134545
v 0.010734 0.000527 0.134545
v -0.023559 0.003217 0.134545
v -0.021553 0.000527 0.134545
v 0.015577 0.029256 0.134545
v 0.014662 0.011443 0.135838
v 0.014570 0.028522 0.135838
v 0.015677 0.010709 0.134545
v -0.023902 0.029256 0.134545
v 0.014570 0.028522 0.135838
v -0.022848 0.028522 0.135838
v 0.015577 0.029256 0.134545
v -0.023711 0.010709 0.134545
v 0.014662 0.011443 0.135838
v 0.015677 0.010709 0.134545
v -0.022672 0.011443 0.135838
v 0.014662 0.011443 0.135838
v -0.022848 0.028522 0.135838
v 0.014570 0.028522 0.135838
v -0.022672 0.011443 0.135838
v -0.023711 0.010709 0.134545
v -0.022848 0.028522 0.135838
v -0.022672 0.011443 0.135838
v -0.023902 0.029256 0.134545
v -0.024226 0.042344 0.136587
v 0.015494 0.035811 0.136587
v -0.024061 0.035811 0.136587
v 0.015457 0.042344 0.136587
v -0.024310 0.046353 0.087012
v 0.015431 0.047764 0.087726
v -0.024339 0.047764 0.087726
v 0.015438 0.046353 0.087012
v -0.024283 0.045087 0.086766
v 0.015443 0.045087 0.086766
v 0.015450 0.043713 0.087039
v -0.024255 0.043713 0.087039
v 0.015457 0.042344 0.087726
v -0.024226 0.042344 0.087726
v -0.024061 0.035811 0.092097
v 0.015577 0.029256 0.092097
v 0.015494 0.035811 0.092097
v -0.023902 0.029256 0.092097
v -0.024061 0.035811 0.090055
v 0.015494 0.035811 0.092097
v 0.015494 0.035811 0.090055
v -0.024061 0.035811 0.092097
v 0.015494 0.035811 0.092097
v 0.015457 0.042344 0.090055
v 0.015494 0.035811 0.090055
v 0.015450 0.043713 0.094406
v 0.015577 0.029256 0.092097
v 0.015450 0.043713 0.087039
v 0.015457 0.042344 0.087726
v 0.015443 0.045087 0.086766
v 0.015438 0.046353 0.087012
v 0.015577 0.029256 0.094406
v 0.015677 0.010709 0.094406
v 0.015677 0.010709 0.092097
v 0.015756 0.006689 0.094406
v 0.015756 0.006689 0.092097
v 0.013729 0.001367 0.092097
v 0.013729 0.001367 0.094406
v 0.015431 0.047764 0.092097
v 0.015431 0.047764 0.087726
v 0.015431 0.053705 0.094406
v 0.015431 0.053705 0.092097
v 0.015431 0.047764 0.092097
v -0.024339 0.047764 0.087726
v 0.015431 0.047764 0.087726
v -0.024339 0.047764 0.092097
v -0.024226 0.042344 0.090055
v -0.024061 0.035811 0.092097
v -0.024061 0.035811 0.090055
v -0.024255 0.043713 0.094406
v -0.023902 0.029256 0.094406
v -0.023902 0.029256 0.092097
v -0.023711 0.010709 0.094406
v -0.023711 0.010709 0.092097
v -0.023559 0.003217 0.092097
v -0.023559 0.003217 0.094406
v -0.021553 0.000527 0.092097
v -0.021553 0.000527 0.094406
v -0.024255 0.043713 0.087039
v -0.024226 0.042344 0.087726
v -0.024283 0.045087 0.086766
v -0.024310 0.046353 0.087012
v -0.024339 0.047764 0.087726
v -0.024339 0.047764 0.092097
v -0.024339 0.053705 0.094406
v -0.024339 0.053705 0.092097
v -0.024226 0.042344 0.090055
v 0.015457 0.042344 0.087726
v -0.024226 0.042344 0.087726
v 0.015457 0.042344 0.090055
v -0.024339 0.053705 0.092097
v 0.015431 0.053705 0.094406
v -0.024339 0.053705 0.094406
v 0.015431 0.053705 0.092097
v 0.010734 0.000527 0.094406
v -0.021553 0.000527 0.092097
v -0.021553 0.000527 0.094406
v 0.010734 0.000527 0.092097
v 0.013729 0.001367 0.094406
v 0.013729 0.001367 0.092097
v -0.024339 0.053705 0.092097
v 0.015431 0.047764 0.092097
v 0.015431 0.053705 0.092097
v -0.024339 0.047764 0.092097
v 0.015677 0.010709 0.092097
v 0.013729 0.001367 0.092097
v 0.015756 0.006689 0.092097
v 0.010734 0.000527 0.092097
v -0.023559 0.003217 0.092097
v -0.023711 0.010709 0.092097
v -0.021553 0.000527 0.092097
v 0.014662 0.011443 0.090804
v 0.015577 0.029256 0.092097
v 0.014570 0.028522 0.090804
v 0.015677 0.010709 0.092097
v -0.023902 0.029256 0.092097
v 0.014570 0.028522 0.090804
v 0.015577 0.029256 0.092097
v -0.022848 0.028522 0.090804
v -0.022672 0.011443 0.090804
v 0.015677 0.010709 0.092097
v 0.014662 0.011443 0.090804
v -0.023711 0.010709 0.092097
v -0.022848 0.028522 0.090804
v 0.014662 0.011443 0.090804
v 0.014570 0.028522 0.090804
v -0.022672 0.011443 0.090804
v -0.023902 0.029256 0.092097
v -0.022672 0.011443 0.090804
v -0.022848 0.028522 0.090804
v -0.023711 0.010709 0.092097
v -0.024061 0.035811 0.090055
v 0.015457 0.042344 0.090055
v -0.024226 0.042344 0.090055
v 0.015494 0.035811 0.090055
v 0.013393 0.004411 0.136226
v 0.011022 0.002039 0.136226
v 0.011022 0.004411 0.136881
v 0.009265 0.002654 0.135717
v 0.011022 0.001248 0.134262
v 0.008650 0.002039 0.134262
v 0.007859 0.004411 0.134262
v 0.008650 0.004411 0.136226
v 0.009265 0.006168 0.135717
v 0.011022 0.006783 0.136226
v 0.008650 0.006783 0.134262
v 0.011022 0.006783 0.136226
v 0.013393 0.004411 0.136226
v 0.011022 0.004411 0.136881
v 0.012779 0.006168 0.135717
v 0.014184 0.004411 0.134262
v 0.013393 0.006783 0.134262
v 0.011022 0.007573 0.134262
v 0.008650 0.006783 0.134262
v 0.009265 0.006168 0.135717
v 0.013393 0.002039 0.134262
v 0.013393 0.004411 0.136226
v 0.014184 0.004411 0.134262
v 0.012779 0.002654 0.135717
v 0.011022 0.002039 0.136226
v 0.011022 0.001248 0.134262
v 0.004682 0.035988 0.135246
v 0.002469 0.001013 0.135246
v 0.002469 0.035988 0.135246
v 0.004682 0.001013 0.135246
v 0.002469 0.001013 0.135246
v 0.001982 0.036473 0.134545
v 0.002469 0.035988 0.135246
v 0.001982 0.000527 0.134545
v 0.004682 0.001013 0.135246
v 0.001982 0.000527 0.134545
v 0.002469 0.001013 0.135246
v 0.005168 0.000527 0.134545
v 0.004682 0.001013 0.135246
v 0.005168 0.036473 0.134545
v 0.005168 0.000527 0.134545
v 0.004682 0.035988 0.135246
v -0.012840 0.035935 0.135246
v -0.010627 0.001013 0.135246
v -0.012840 0.001013 0.135246
v -0.010627 0.035935 0.135246
v -0.012840 0.001013 0.135246
v -0.013326 0.036421 0.134545
v -0.012840 0.035935 0.135246
v -0.013326 0.000527 0.134545
v -0.013326 0.000527 0.134545
v -0.010627 0.001013 0.135246
v -0.010141 0.000527 0.134545
v -0.012840 0.001013 0.135246
v -0.010141 0.036421 0.134545
v -0.010627 0.001013 0.135246
v -0.010627 0.035935 0.135246
v -0.010141 0.000527 0.134545
v -0.018302 0.001682 0.136226
v -0.020673 0.004054 0.136226
v -0.018302 0.004054 0.136881
v -0.020059 0.002297 0.135717
v -0.020673 0.001682 0.134262
v -0.021464 0.004054 0.134262
v -0.018302 0.000891 0.134262
v -0.015929 0.004054 0.136226
v -0.018302 0.001682 0.136226
v -0.018302 0.004054 0.136881
v -0.016545 0.002297 0.135717
v -0.015929 0.001682 0.134262
v -0.018302 0.000891 0.134262
v -0.015139 0.004054 0.134262
v -0.018302 0.006426 0.136226
v -0.015929 0.004054 0.136226
v -0.018302 0.004054 0.136881
v -0.016545 0.005811 0.135717
v -0.018302 0.007216 0.134262
v -0.015929 0.006426 0.134262
v -0.015139 0.004054 0.134262
v -0.018302 0.006426 0.136226
v -0.020673 0.006426 0.134262
v -0.018302 0.007216 0.134262
v -0.020059 0.005811 0.135717
v -0.021464 0.004054 0.134262
v -0.018302 0.004054 0.136881
v -0.020673 0.004054 0.136226
v 0.011022 0.004411 0.089761
v 0.012779 0.002654 0.090925
v 0.013393 0.004411 0.090415
v 0.011022 0.002039 0.090415
v 0.009265 0.002654 0.090925
v 0.008650 0.004411 0.090415
v 0.011022 0.006783 0.090415
v 0.009265 0.006168 0.090925
v 0.013393 0.004411 0.090415
v 0.011022 0.006783 0.090415
v 0.011022 0.004411 0.089761
v 0.012779 0.006168 0.090925
v 0.012779 0.002654 0.090925
v 0.011022 0.001248 0.092380
v 0.013393 0.002039 0.092380
v 0.011022 0.002039 0.090415
v 0.008650 0.002039 0.092380
v 0.009265 0.002654 0.090925
v 0.014184 0.004411 0.092380
v 0.012779 0.006168 0.090925
v 0.013393 0.004411 0.090415
v 0.013393 0.006783 0.092380
v 0.012779 0.002654 0.090925
v 0.014184 0.004411 0.092380
v 0.013393 0.004411 0.090415
v 0.013393 0.002039 0.092380
v 0.011022 0.007573 0.092380
v 0.009265 0.006168 0.090925
v 0.011022 0.006783 0.090415
v 0.008650 0.006783 0.092380
v 0.012779 0.006168 0.090925
v 0.011022 0.007573 0.092380
v 0.011022 0.006783 0.090415
v 0.013393 0.006783 0.092380
v 0.008650 0.004411 0.090415
v 0.008650 0.002039 0.092380
v 0.009265 0.002654 0.090925
v 0.007859 0.004411 0.092380
v 0.009265 0.006168 0.090925
v 0.008650 0.006783 0.092380
v 0.002469 0.035987 0.091396
v 0.004682 0.001013 0.091396
v 0.004682 0.035987 0.091396
v 0.002469 0.001013 0.091396
v 0.002469 0.035987 0.091396
v 0.001982 0.000527 0.092097
v 0.002469 0.001013 0.091396
v 0.001982 0.036473 0.092097
v 0.001982 0.000527 0.092097
v 0.004682 0.001013 0.091396
v 0.002469 0.001013 0.091396
v 0.005168 0.000527 0.092097
v 0.005168 0.000527 0.092097
v 0.004682 0.035987 0.091396
v 0.004682 0.001013 0.091396
v 0.005168 0.036473 0.092097
v -0.010627 0.035935 0.091396
v -0.012840 0.001013 0.091396
v -0.010627 0.001013 0.091396
v -0.012840 0.035935 0.091396
v -0.012840 0.001013 0.091396
v -0.013326 0.036421 0.092097
v -0.013326 0.000527 0.092097
v -0.012840 0.035935 0.091396
v -0.012840 0.001013 0.091396
v -0.010141 0.000527 0.092097
v -0.010627 0.001013 0.091396
v -0.013326 0.000527 0.092097
v -0.010141 0.000527 0.092097
v -0.010627 0.035935 0.091396
v -0.010627 0.001013 0.091396
v -0.010141 0.036421 0.092097
v -0.018302 0.004054 0.089761
v -0.020059 0.002297 0.090925
v -0.018302 0.001682 0.090415
v -0.020673 0.004054 0.090415
v -0.015929 0.004054 0.090415
v -0.018302 0.001682 0.090415
v -0.016545 0.002297 0.090925
v -0.018302 0.004054 0.089761
v -0.018302 0.004054 0.089761
v -0.016545 0.005811 0.090925
v -0.018302 0.006426 0.090415
v -0.015929 0.004054 0.090415
v -0.018302 0.006426 0.090415
v -0.020673 0.004054 0.090415
v -0.018302 0.004054 0.089761
v -0.020059 0.005811 0.090925
v -0.018302 0.000891 0.092380
v -0.016545 0.002297 0.090925
v -0.018302 0.001682 0.090415
v -0.015929 0.001682 0.092380
v -0.020673 0.001682 0.092380
v -0.018302 0.001682 0.090415
v -0.020059 0.002297 0.090925
v -0.018302 0.000891 0.092380
v -0.015139 0.004054 0.092380
v -0.016545 0.005811 0.090925
v -0.015929 0.004054 0.090415
v -0.015929 0.006426 0.092380
v -0.015929 0.001682 0.092380
v -0.015929 0.004054 0.090415
v -0.016545 0.002297 0.090925
v -0.015139 0.004054 0.092380
v -0.020059 0.005811 0.090925
v -0.018302 0.007216 0.092380
v -0.020673 0.006426 0.092380
v -0.018302 0.006426 0.090415
v -0.015929 0.006426 0.092380
v -0.018302 0.006426 0.090415
v -0.016545 0.005811 0.090925
v -0.018302 0.007216 0.092380
v -0.021464 0.004054 0.092380
v -0.020059 0.002297 0.090925
v -0.020673 0.004054 0.090415
v -0.020673 0.001682 0.092380
v -0.020059 0.005811 0.090925
v -0.021464 0.004054 0.092380
v -0.020673 0.004054 0.090415
v -0.020673 0.006426 0.092380
v -0.005582 -0.026300 0.131580
v -0.004131 -0.029087 0.135985
v -0.004131 -0.029087 0.131580
v -0.005582 -0.026300 0.135985
v -0.001136 -0.030031 0.131580
v -0.004131 -0.029087 0.137269
v -0.001136 -0.030031 0.135985
v -0.001136 -0.030031 0.137269
v -0.007221 -0.021271 0.089311
v -0.006665 -0.024762 0.089311
v -0.005489 -0.023003 0.089311
v -0.003729 -0.021827 0.089311
v -0.008928 -0.023825 0.089311
v -0.004667 -0.019564 0.089311
v -0.007078 -0.026838 0.089311
v -0.001654 -0.018965 0.089311
v -0.009527 -0.026838 0.089311
v -0.001654 -0.021414 0.089311
v 0.001359 -0.019564 0.089311
v 0.000422 -0.021827 0.089311
v 0.003914 -0.021271 0.089311
v 0.002182 -0.023003 0.089311
v 0.005620 -0.023825 0.089311
v 0.003357 -0.024762 0.089311
v 0.006220 -0.026838 0.089311
v 0.003770 -0.026838 0.089311
v -0.006665 -0.028914 0.089311
v -0.008928 -0.029851 0.089311
v -0.007221 -0.032405 0.089311
v -0.005489 -0.030673 0.089311
v -0.004667 -0.034112 0.089311
v -0.003729 -0.031849 0.089311
v -0.001654 -0.034712 0.089311
v -0.001654 -0.032262 0.089311
v 0.001359 -0.034112 0.089311
v 0.000422 -0.031849 0.089311
v 0.003914 -0.032405 0.089311
v 0.002182 -0.030673 0.089311
v 0.005620 -0.029851 0.089311
v 0.003357 -0.028914 0.089311
v -0.083760 -0.042616 0.121510
v -0.086555 -0.026160 0.121510
v -0.085117 -0.042888 0.121510
v -0.080092 -0.058650 0.121510
v -0.085175 -0.026160 0.121510
v -0.078817 -0.058122 0.121510
v -0.084137 -0.009753 0.121510
v -0.085499 -0.009482 0.121510
v -0.080092 0.006330 0.121510
v -0.078817 0.005802 0.121510
v -0.071270 -0.072803 0.121510
v -0.072420 -0.073573 0.121510
v -0.072161 0.020968 0.121510
v -0.071015 0.020202 0.121510
v -0.060712 0.032898 0.121510
v -0.061688 0.033874 0.121510
v -0.061688 -0.086194 0.121510
v -0.060712 -0.085218 0.121510
v -0.048113 -0.095887 0.121510
v -0.048881 -0.097039 0.121510
v -0.033616 -0.103323 0.121510
v -0.034144 -0.104598 0.121510
v -0.048294 0.043448 0.121510
v -0.049065 0.044598 0.121510
v -0.034144 0.052278 0.121510
v -0.033616 0.051004 0.121510
v -0.018378 0.057355 0.121510
v -0.018106 0.055998 0.121510
v -0.001654 0.058741 0.121510
v -0.001654 0.057361 0.121510
v -0.017894 -0.108360 0.121510
v -0.018163 -0.109718 0.121510
v -0.001654 -0.111061 0.121510
v -0.001654 -0.109681 0.121510
v 0.014855 0.057398 0.121510
v 0.014587 0.056040 0.121510
v 0.030308 0.051004 0.121510
v 0.030836 0.052278 0.121510
v 0.015070 -0.109675 0.121510
v 0.014799 -0.108317 0.121510
v 0.030308 -0.103323 0.121510
v 0.030836 -0.104598 0.121510
v 0.044807 0.043568 0.121510
v 0.045575 0.044720 0.121510
v 0.058380 0.033874 0.121510
v 0.057405 0.032898 0.121510
v 0.044986 -0.095768 0.121510
v 0.045757 -0.096918 0.121510
v 0.058380 -0.086194 0.121510
v 0.057405 -0.085218 0.121510
v 0.069104 0.021251 0.121510
v 0.067954 0.020480 0.121510
v 0.069226 -0.073388 0.121510
v 0.068074 -0.072620 0.121510
v 0.075510 -0.058122 0.121510
v 0.076785 -0.058650 0.121510
v 0.080546 -0.042400 0.121510
v 0.081904 -0.042669 0.121510
v 0.081867 -0.026160 0.121510
v 0.083247 -0.026160 0.121510
v 0.080504 -0.009708 0.121510
v 0.081862 -0.009436 0.121510
v 0.075510 0.005802 0.121510
v 0.076785 0.006330 0.121510
vn 0.0811 0.9967 -0.0000
vn 0.1943 0.9809 -0.0000
vn -0.0000 -0.0000 1.0000
vn -0.0000 0.0001 1.0000
vn 0.6501 -0.7599 -0.0000
vn 0.4624 -0.8867 -0.0000
vn 0.9962 0.0871 -0.0000
vn 0.7660 -0.6429 -0.0000
vn 0.0872 -0.9962 -0.0000
vn 0.7659 -0.6429 -0.0000
vn 0.7659 -0.6429 0.0001
vn -0.7662 0.6427 -0.0000
vn -0.0872 0.9962 -0.0000
vn -0.0000 -0.0000 -1.0000
vn -0.5551 -0.8318 -0.0000
vn -0.7064 -0.7078 -0.0000
vn -0.8311 -0.5562 -0.0000
vn -0.9242 -0.3818 -0.0000
vn -0.9806 -0.1959 -0.0000
vn -0.9999 -0.0113 -0.0000
vn -0.9808 0.1950 -0.0000
vn 0.0826 -0.9966 -0.0000
vn 0.1958 -0.9806 -0.0000
vn 0.3834 -0.9236 -0.0000
vn 0.5562 -0.8311 -0.0000
vn 0.7076 -0.7066 -0.0000
vn 0.8319 -0.5549 -0.0000
vn 0.9242 -0.3820 -0.0000
vn 0.9809 -0.1943 -0.0000
vn 1.0000 0.0008 -0.0000
vn 0.9806 0.1958 -0.0000
vn 0.9237 0.3832 -0.0000
vn 0.9236 0.3833 -0.0000
vn 0.8311 0.5562 -0.0000
vn 0.7066 0.7076 -0.0000
vn 0.5549 0.8319 -0.0000
vn 0.3820 0.9242 -0.0000
vn 0.1944 0.9809 -0.0000
vn -0.0826 0.9966 -0.0000
vn -0.1958 0.9806 -0.0000
vn -0.3834 0.9236 -0.0000
vn -0.3829 0.9238 -0.0000
vn -0.5562 0.8310 -0.0000
vn -0.7150 0.6991 -0.0000
vn -0.8314 0.5556 -0.0000
vn -0.9159 0.4014 -0.0000
vn -0.9808 0.1951 -0.0000
vn -0.0811 -0.9967 -0.0000
vn -0.1944 -0.9809 -0.0000
vn -0.1943 -0.9809 -0.0000
vn -0.3820 -0.9242 -0.0000
vn -0.8315 0.5556 -0.0000
vn -0.5549 -0.8319 -0.0000
vn -0.3820 -0.9241 -0.0000
vn -0.5550 -0.8318 -0.0000
vn -0.3831 0.9237 -0.0000
vn -0.5562 0.8311 -0.0000
vn -0.2979 0.2615 0.9181
vn -0.1151 0.3501 0.9296
vn 0.0441 0.4787 0.8769
vn -0.2052 0.7872 0.5816
vn 0.0785 0.8441 0.5304
vn -0.5621 0.5634 0.6055
vn 0.2404 0.7862 0.5693
vn -0.3172 0.0594 0.9465
vn -0.7221 0.1626 0.6724
vn -0.3540 -0.1216 0.9273
vn -0.7050 -0.2548 0.6619
vn -0.6298 -0.4251 0.6501
vn -0.3342 -0.2251 0.9152
vn -0.4206 -0.6280 0.6547
vn -0.2007 -0.2861 0.9370
vn -0.0350 -0.3790 0.9247
vn -0.0539 -0.7770 0.6272
vn 0.3094 -0.7177 0.6239
vn 0.1501 -0.3418 0.9277
vn 0.2994 -0.2434 0.9226
vn 0.5957 -0.4998 0.6288
vn 0.7300 -0.2053 0.6519
vn 0.3554 -0.0880 0.9306
vn 0.3066 0.1025 0.9463
vn 0.6961 0.2392 0.6769
vn 0.4949 0.6001 0.6285
vn 0.2627 0.2879 0.9209
vn 0.1465 0.3838 0.9117
vn 0.0620 0.9981 -0.0000
vn -0.0023 1.0000 -0.0000
vn 0.0943 0.9955 -0.0000
vn 0.1899 0.9818 -0.0000
vn -0.9929 -0.1190 -0.0000
vn 0.0256 -0.9997 -0.0000
vn 0.9992 -0.0394 -0.0000
vn 0.9997 -0.0251 -0.0000
vn 0.9998 -0.0179 -0.0000
vn 1.0000 0.0036 -0.0000
vn 0.9795 0.2015 -0.0000
vn -0.0293 0.9996 -0.0000
vn -0.9795 -0.2016 -0.0000
vn -0.9959 -0.0903 -0.0000
vn -0.9994 -0.0335 -0.0000
vn -0.9908 0.1356 -0.0000
vn 0.0293 -0.9996 -0.0000
vn -0.1010 -0.9949 -0.0000
vn -0.1668 -0.9860 -0.0000
vn -0.3564 -0.9343 -0.0000
vn 0.3000 -0.9540 -0.0000
vn 0.2471 -0.9690 -0.0000
vn 0.2472 -0.9690 -0.0000
vn 0.1826 -0.9832 -0.0000
vn 0.0875 -0.9962 0.0001
vn -0.0074 -1.0000 -0.0000
vn -0.1819 -0.9833 -0.0000
vn -0.3412 -0.9400 -0.0000
vn 0.9989 0.0462 -0.0000
vn 0.9590 0.2833 -0.0000
vn 0.7015 0.7127 -0.0000
vn 0.7014 0.7127 -0.0000
vn 0.2719 0.9623 -0.0000
vn 0.0186 0.9998 -0.0000
vn -0.0823 0.9966 -0.0000
vn -0.2408 0.9706 -0.0000
vn -0.3170 0.9484 -0.0000
vn -0.9966 -0.0826 -0.0000
vn -0.9445 -0.3286 -0.0000
vn -0.8326 -0.5539 -0.0000
vn 0.0694 -0.0036 0.9976
vn 0.0644 -0.0034 0.9979
vn -0.0001 -0.0000 1.0000
vn 0.2604 -0.0136 0.9654
vn -0.2406 0.0126 0.9705
vn -0.1599 0.0084 0.9871
vn -0.3342 0.0175 0.9423
vn -0.3169 0.0166 0.9483
vn 0.7798 0.6260 -0.0000
vn 0.8872 0.4614 -0.0000
vn 0.8870 0.4618 -0.0000
vn 0.9601 0.2797 -0.0000
vn -0.4809 -0.8768 -0.0000
vn -0.3007 -0.9537 -0.0000
vn 0.4618 -0.8870 -0.0000
vn 0.6397 -0.7686 -0.0000
vn 0.6381 -0.7699 -0.0000
vn 0.3698 -0.9291 -0.0000
vn 0.4466 -0.8948 -0.0000
vn 0.0984 -0.9951 -0.0000
vn 0.0878 -0.9961 -0.0000
vn 0.0099 -1.0000 -0.0000
vn -0.0127 -0.9999 -0.0000
vn 0.1008 -0.9949 -0.0000
vn -0.9492 -0.3147 -0.0000
vn -0.7799 -0.6259 -0.0000
vn -0.9492 -0.3146 -0.0000
vn -0.9994 0.0360 -0.0000
vn -0.9641 0.2657 -0.0000
vn -0.8767 0.4811 -0.0000
vn -0.6259 0.7799 -0.0000
vn -0.4618 0.8870 -0.0000
vn 0.3007 0.9537 -0.0000
vn 0.4811 0.8767 -0.0000
vn 0.4810 0.8767 -0.0000
vn 0.6645 0.7473 -0.0000
vn 0.2313 0.9729 -0.0000
vn 0.3578 0.9338 -0.0000
vn -0.0983 0.9952 -0.0000
vn -0.0877 0.9961 -0.0000
vn 0.0128 0.9999 -0.0000
vn -0.0099 1.0000 -0.0000
vn 0.0890 0.9960 -0.0000
vn 0.4000 0.9165 -0.0000
vn 0.6414 0.7672 -0.0000
vn 0.6417 0.7670 -0.0000
vn 0.9091 -0.4165 -0.0000
vn 0.9931 -0.1176 -0.0000
vn 0.9931 -0.1175 -0.0000
vn 0.9812 0.1927 -0.0000
vn 0.0002 0.0001 -1.0000
vn 0.3342 -0.0175 -0.9423
vn 0.3168 -0.0165 -0.9483
vn 0.1599 -0.0084 -0.9871
vn 0.2406 -0.0126 -0.9705
vn -0.2604 0.0136 -0.9654
vn -0.0693 0.0036 -0.9976
vn -0.0644 0.0034 -0.9979
vn -0.0001 -0.0001 -1.0000
vn 0.0953 -0.7032 0.7046
vn 0.4452 -0.3981 0.8021
vn -0.3757 -0.4563 0.8066
vn 0.0080 0.0007 1.0000
vn -0.7208 -0.0297 0.6925
vn -0.4692 0.3764 0.7988
vn 0.3693 0.4694 0.8021
vn 0.6950 0.0608 0.7165
vn -0.0283 0.7090 0.7046
vn 0.9042 0.0790 0.4196
vn 0.6950 0.0608 0.7164
vn 0.6431 -0.5689 0.5127
vn 0.1038 -0.8877 0.4485
vn -0.0284 0.7090 0.7046
vn 0.3693 0.4694 0.8020
vn -0.0520 0.8922 0.4486
vn 0.5347 0.6718 0.5126
vn 0.9042 0.0791 0.4196
vn -0.7208 -0.0298 0.6925
vn -0.4693 0.3765 0.7988
vn -0.8922 -0.0519 0.4486
vn -0.6718 0.5347 0.5126
vn -0.0520 0.8923 0.4485
vn -0.5601 -0.6675 0.4906
vn -0.8922 -0.0520 0.4486
vn 0.0875 -0.6518 0.7533
vn 0.4065 -0.3616 0.8390
vn -0.3427 -0.4170 0.8418
vn -0.6695 -0.0284 0.7423
vn -0.4268 0.3448 0.8361
vn 0.3376 0.4268 0.8390
vn 0.6444 0.0564 0.7626
vn -0.0270 0.6569 0.7535
vn 0.8443 0.0738 0.5308
vn 0.5921 -0.5202 0.6156
vn 0.4066 -0.3616 0.8390
vn 0.0949 -0.8274 0.5535
vn 0.0876 -0.6518 0.7533
vn -0.0270 0.6568 0.7535
vn 0.3377 0.4268 0.8389
vn -0.0502 0.8312 0.5538
vn 0.4928 0.6151 0.6156
vn 0.8443 0.0739 0.5308
vn -0.6151 0.4927 0.6155
vn -0.4268 0.3448 0.8360
vn -0.8311 -0.0503 0.5538
vn -0.6695 -0.0284 0.7422
vn -0.5145 -0.6131 0.5995
vn -0.3428 -0.4170 0.8418
vn 0.9962 0.0872 -0.0000
vn 0.6425 0.7663 -0.0000
vn 0.6425 0.7662 -0.0000
vn 0.6428 0.7660 -0.0000
vn -0.0871 0.9962 -0.0000
vn -0.7661 0.6427 -0.0000
vn -0.7662 0.6426 -0.0000
vn -0.9962 -0.0872 -0.0000
vn -0.9962 -0.0871 -0.0000
vn -0.6426 -0.7662 -0.0000
vn 0.4450 -0.3982 0.8022
vn -0.4692 0.3767 0.7987
vn 0.4450 -0.3982 0.8021
vn 0.5348 0.6718 0.5126
vn 0.9042 0.0792 0.4196
vn -0.6718 0.5350 0.5123
vn -0.0521 0.8923 0.4485
vn 0.1037 -0.8877 0.4485
vn -0.8922 -0.0520 0.4485
vn -0.5556 -0.8315 -0.0000
vn -0.3827 -0.9239 -0.0000
vn -0.3830 -0.9237 -0.0000
vn -0.0000 -1.0000 -0.0000
vn 0.3830 -0.9237 -0.0000
vn 0.3831 -0.9237 -0.0000
vn 0.5556 -0.8315 -0.0000
vn -0.8315 -0.5556 -0.0000
vn -0.9239 -0.3827 -0.0000
vn -1.0000 -0.0000 -0.0000
vn -0.9239 0.3827 -0.0000
vn -0.5556 0.8315 -0.0000
vn -0.3827 0.9239 -0.0000
vn -0.0000 1.0000 -0.0000
vn 0.3827 0.9239 -0.0000
vn 0.5556 0.8315 -0.0000
vn 0.8315 0.5556 -0.0000
vn 0.9239 0.3827 -0.0000
vn 1.0000 -0.0000 -0.0000
vn 0.9239 -0.3827 -0.0000
vn 0.8315 -0.5556 -0.0000
vn 0.5555 0.8315 -0.0000
vn -0.5555 0.8315 -0.0000
vn 0.8315 0.5555 -0.0000
vn 0.8315 -0.5555 -0.0000
vn 0.5555 -0.8315 -0.0000
vn 0.3827 -0.9239 -0.0000
vn -0.5555 -0.8315 -0.0000
vn -0.8315 -0.5555 -0.0000
vn -0.9239 0.3826 -0.0000
vn -0.8315 0.5555 -0.0000
vn -0.0000 0.4514 0.8923
vn -0.0000 0.3260 0.9454
vn -0.0000 0.3240 0.9461
vn -0.0000 -0.0026 1.0000
vn -0.0000 0.0005 1.0000
vn -0.0000 -0.3251 0.9457
vn -0.0000 -0.3231 0.9464
vn -0.0000 -0.4484 0.8938
vn -0.0000 -0.4485 0.8938
vn -0.9998 -0.0206 -0.0000
vn -0.9999 -0.0132 -0.0104
vn -0.9998 -0.0207 -0.0000
vn -0.9998 -0.0203 -0.0039
vn -0.9998 -0.0208 -0.0000
vn -0.9997 -0.0224 -0.0004
vn -1.0000 -0.0020 -0.0051
vn -0.9997 -0.0246 0.0006
vn -0.9997 -0.0254 -0.0000
vn -0.9998 -0.0173 0.0001
vn -0.9998 -0.0173 -0.0000
vn -0.9999 -0.0153 -0.0000
vn -0.9459 -0.3246 -0.0000
vn -0.9459 -0.3245 -0.0000
vn -0.8016 -0.5978 -0.0000
vn 1.0000 0.0051 0.0001
vn 1.0000 0.0058 -0.0000
vn 0.9998 0.0099 0.0146
vn 1.0000 0.0051 0.0019
vn 1.0000 0.0047 -0.0000
vn 1.0000 0.0048 -0.0000
vn 1.0000 0.0049 -0.0000
vn 1.0000 0.0073 0.0012
vn 1.0000 0.0071 -0.0000
vn 0.9999 0.0125 -0.0000
vn 0.9852 -0.1712 -0.0000
vn 0.9345 -0.3559 -0.0000
vn 1.0000 0.0030 0.0024
vn 1.0000 0.0045 -0.0000
vn 1.0000 0.0005 0.0012
vn 0.1362 -0.9907 -0.0000
vn 0.2699 -0.9629 -0.0000
vn 0.7879 0.0042 0.6157
vn 0.7880 0.0042 0.6157
vn -0.0000 0.8697 0.4935
vn -0.0000 -0.8698 0.4934
vn -0.0000 -0.8697 0.4937
vn -0.7774 -0.0080 0.6290
vn -0.7775 -0.0080 0.6288
vn -0.7774 -0.0080 0.6289
vn -0.0000 0.4515 -0.8923
vn -0.0000 0.3259 -0.9454
vn -0.0000 0.3239 -0.9461
vn -0.0000 0.0005 -1.0000
vn -0.0000 -0.0027 -1.0000
vn -0.0000 -0.3250 -0.9457
vn -0.0000 -0.3231 -0.9464
vn -0.0000 -0.4484 -0.8938
vn -0.0000 0.3864 -0.9223
vn -0.0000 0.3753 -0.9269
vn 1.0000 0.0051 -0.0001
vn 0.9998 0.0099 -0.0146
vn 1.0000 0.0051 -0.0019
vn 1.0000 0.0073 -0.0012
vn 0.9999 0.0126 -0.0000
vn 1.0000 0.0030 -0.0024
vn 1.0000 0.0005 -0.0012
vn -0.9997 -0.0247 -0.0001
vn -0.9997 -0.0224 0.0004
vn -0.9998 -0.0204 0.0039
vn -0.9999 -0.0173 -0.0001
vn -0.9999 -0.0173 -0.0000
vn -0.8018 -0.5976 -0.0000
vn -0.9998 -0.0206 0.0001
vn -0.9999 -0.0132 0.0103
vn -1.0000 -0.0020 0.0051
vn 0.2696 -0.9630 -0.0000
vn -0.0000 -0.3806 -0.9248
vn -0.0000 -0.3840 -0.9233
vn 0.7879 0.0042 -0.6157
vn 0.7880 0.0042 -0.6157
vn -0.0000 0.8697 -0.4935
vn -0.0000 -0.8698 -0.4934
vn -0.0000 -0.8697 -0.4937
vn -0.0001 -0.3840 -0.9233
vn -0.7775 -0.0080 -0.6288
vn -0.7774 -0.0080 -0.6289
vn -0.7775 -0.0080 -0.6289
vn -0.0236 -0.0000 0.9997
vn -0.0124 -0.6902 0.7235
vn 0.6880 0.0182 0.7255
vn -0.5415 -0.5415 0.6431
vn -0.0000 -0.9037 0.4282
vn -0.6069 -0.6069 0.5131
vn -0.9037 -0.0000 0.4282
vn -0.6820 -0.0000 0.7313
vn -0.5602 0.5015 0.6593
vn -0.0120 0.6690 0.7432
vn -0.6382 0.6010 0.4812
vn 0.6879 0.0182 0.7255
vn 0.5791 0.5210 0.6270
vn 0.9159 0.0265 0.4006
vn 0.6383 0.6013 0.4807
vn -0.0000 0.9277 0.3734
vn -0.6381 0.6011 0.4811
vn -0.5601 0.5016 0.6593
vn 0.9159 0.0264 0.4006
vn 0.6011 -0.6382 0.4811
vn 0.5215 -0.5787 0.6270
vn -0.0124 -0.6903 0.7235
vn -0.8218 -0.0000 0.5697
vn -0.8219 -0.0000 0.5697
vn -0.0000 -0.8220 0.5694
vn 0.8220 -0.0000 0.5694
vn 0.8220 -0.0000 0.5695
vn -0.8220 -0.0000 0.5695
vn -0.8220 -0.0000 0.5694
vn 0.8218 -0.0000 0.5697
vn -0.0118 0.0117 0.9999
vn -0.6792 0.0305 0.7334
vn -0.0001 -0.6777 0.7353
vn -0.5406 -0.5406 0.6446
vn -0.6317 -0.6317 0.4493
vn -0.9159 0.0264 0.4006
vn -0.0000 -0.9277 0.3733
vn -0.0000 -0.6777 0.7353
vn 0.6774 -0.0000 0.7356
vn 0.5406 -0.5406 0.6446
vn 0.6317 -0.6317 0.4494
vn 0.9277 -0.0001 0.3733
vn -0.0117 0.0117 0.9999
vn 0.6775 -0.0000 0.7356
vn 0.0062 0.6797 0.7335
vn 0.5215 0.5786 0.6271
vn 0.0265 0.9159 0.4006
vn 0.6012 0.6383 0.4808
vn 0.9277 -0.0000 0.3733
vn 0.0264 0.9159 0.4006
vn -0.6383 0.6012 0.4807
vn 0.0061 0.6797 0.7334
vn -0.5601 0.5015 0.6593
vn -0.0117 0.0118 0.9999
vn -0.6791 0.0306 0.7334
vn 0.2933 -0.0234 -0.9557
vn 0.3000 -0.2999 -0.9056
vn -0.0000 -0.0236 -0.9997
vn -0.0000 -0.2663 -0.9639
vn -0.2999 -0.2999 -0.9056
vn -0.2933 -0.0233 -0.9557
vn -0.0000 0.3201 -0.9474
vn -0.3773 0.3773 -0.8458
vn 0.2933 -0.0233 -0.9557
vn 0.3772 0.3772 -0.8458
vn 0.2789 -0.8366 -0.4715
vn 0.0262 -0.9157 -0.4010
vn 0.3316 -0.8463 -0.4170
vn 0.0319 -0.9142 -0.4040
vn -0.3496 -0.8364 -0.4221
vn -0.4116 -0.7641 -0.4966
vn 0.9276 -0.0000 -0.3735
vn 0.8463 0.3315 -0.4170
vn 0.9036 -0.0000 -0.4284
vn 0.8366 0.2790 -0.4714
vn 0.9036 -0.0000 -0.4283
vn 0.8463 -0.3316 -0.4170
vn 0.8366 -0.2790 -0.4714
vn -0.0000 0.9277 -0.3733
vn -0.3315 0.8463 -0.4171
vn -0.0000 0.9037 -0.4282
vn -0.2788 0.8366 -0.4715
vn 0.3316 0.8463 -0.4170
vn 0.2789 0.8366 -0.4715
vn -0.7640 -0.4115 -0.4969
vn -0.8364 -0.3496 -0.4221
vn -0.9142 0.0319 -0.4040
vn -0.9158 0.0264 -0.4008
vn -0.8463 0.3316 -0.4170
vn -0.8366 0.2788 -0.4715
vn -0.8218 -0.0000 -0.5698
vn -0.0000 -0.8220 -0.5695
vn 0.8220 -0.0000 -0.5695
vn -0.8220 -0.0000 -0.5695
vn 0.8218 -0.0000 -0.5698
vn -0.0234 -0.2935 -0.9557
vn -0.3000 -0.3000 -0.9056
vn -0.0000 -0.0001 -1.0000
vn -0.2933 -0.0234 -0.9557
vn 0.3773 -0.3773 -0.8457
vn -0.0233 -0.2935 -0.9557
vn 0.2933 0.0233 -0.9557
vn 0.0233 0.2933 -0.9557
vn 0.2999 0.2999 -0.9056
vn 0.2932 0.0233 -0.9558
vn -0.0001 -0.0000 -1.0000
vn 0.0232 0.2933 -0.9557
vn -0.3773 0.3772 -0.8458
vn 0.0320 -0.9142 -0.4039
vn 0.0265 -0.9159 -0.4006
vn 0.2788 -0.8366 -0.4715
vn -0.4115 -0.7641 -0.4969
vn 0.0320 -0.9143 -0.4039
vn 0.0264 -0.9159 -0.4006
vn 0.9142 0.0320 -0.4039
vn 0.8463 0.3316 -0.4170
vn 0.9159 0.0265 -0.4006
vn 0.8366 0.2788 -0.4715
vn 0.7643 -0.4116 -0.4965
vn 0.8364 -0.3496 -0.4221
vn 0.9159 0.0264 -0.4006
vn -0.2789 0.8366 -0.4715
vn -0.0265 0.9159 -0.4006
vn -0.3316 0.8463 -0.4170
vn -0.0321 0.9142 -0.4039
vn 0.4115 0.7640 -0.4969
vn -0.0320 0.9142 -0.4039
vn 0.3496 0.8364 -0.4221
vn -0.0264 0.9159 -0.4006
vn -0.9276 -0.0001 -0.3735
vn -0.8462 -0.3318 -0.4170
vn -0.9036 -0.0000 -0.4284
vn -0.8366 -0.2790 -0.4714
vn -0.9276 -0.0000 -0.3735
vn -0.9036 -0.0000 -0.4283
vn -0.8366 0.2790 -0.4714
vn -0.6428 -0.7660 -0.0000
vn 0.0871 -0.9962 -0.0000
vt 0.427490 0.281006
vt 0.427490 0.245483
vt 0.448975 0.281006
vt 0.077820 0.312988
vt 0.077576 0.324219
vt 0.077881 0.311279
vt 0.339355 0.021301
vt 0.336182 0.021301
vt 0.339355 0.019104
vt 0.499023 0.502930
vt 0.498291 0.507812
vt 0.497315 0.502930
vt 0.498047 0.506348
vt 0.499023 0.511231
vt 0.492432 0.507812
vt 0.498047 0.504883
vt 0.493408 0.507812
vt 0.493652 0.509766
vt 0.488281 0.500977
vt 0.485840 0.498291
vt 0.488281 0.503418
vt 0.585449 0.845215
vt 0.577148 0.865234
vt 0.565918 0.883301
vt 0.563477 0.744629
vt 0.588867 0.824219
vt 0.575684 0.762207
vt 0.588867 0.802734
vt 0.583984 0.782227
vt 0.529785 0.718262
vt 0.548340 0.729492
vt 0.492676 0.924316
vt 0.513184 0.919434
vt 0.533203 0.911133
vt 0.550781 0.898926
vt 0.489014 0.706543
vt 0.510254 0.709961
vt 0.446777 0.711426
vt 0.467529 0.706543
vt 0.470947 0.924316
vt 0.384033 0.868652
vt 0.449951 0.920898
vt 0.396728 0.885742
vt 0.412109 0.900879
vt 0.430176 0.912598
vt 0.394287 0.747070
vt 0.409424 0.731934
vt 0.426758 0.719727
vt 0.383057 0.765625
vt 0.371338 0.806641
vt 0.374756 0.785156
vt 0.371582 0.827637
vt 0.376221 0.848633
vt 0.786133 0.492920
vt 0.786133 0.528320
vt 0.764648 0.492920
vt 0.764648 0.528320
vt 0.743164 0.528320
vt 0.743164 0.492920
vt 0.721680 0.528320
vt 0.721680 0.492920
vt 0.700195 0.528320
vt 0.700195 0.492920
vt 0.678711 0.528320
vt 0.678711 0.492920
vt 0.657227 0.528320
vt 0.657227 0.492920
vt 0.770508 0.281006
vt 0.749023 0.281006
vt 0.770508 0.245483
vt 0.749023 0.245483
vt 0.727539 0.245483
vt 0.727539 0.281006
vt 0.706055 0.281006
vt 0.706055 0.245483
vt 0.684570 0.281006
vt 0.684570 0.245483
vt 0.663086 0.245483
vt 0.663086 0.281006
vt 0.642090 0.281006
vt 0.642090 0.245483
vt 0.620117 0.245483
vt 0.620117 0.281006
vt 0.599121 0.281006
vt 0.599121 0.245483
vt 0.577637 0.245483
vt 0.577637 0.281006
vt 0.556152 0.281006
vt 0.556152 0.245483
vt 0.534668 0.281006
vt 0.534668 0.245483
vt 0.513184 0.245483
vt 0.513184 0.281006
vt 0.491699 0.245483
vt 0.491699 0.281006
vt 0.470459 0.281006
vt 0.470459 0.245483
vt 0.448730 0.245483
vt 0.507324 0.492920
vt 0.528809 0.492920
vt 0.507324 0.528320
vt 0.528809 0.528320
vt 0.550293 0.492920
vt 0.550293 0.528320
vt 0.571777 0.492920
vt 0.571777 0.528320
vt 0.593262 0.492920
vt 0.593262 0.528320
vt 0.614258 0.528320
vt 0.614258 0.492920
vt 0.635742 0.492920
vt 0.635742 0.528320
vt 0.776367 0.289307
vt 0.776367 0.304199
vt 0.754883 0.289307
vt 0.754883 0.304199
vt 0.732910 0.289307
vt 0.620606 0.431885
vt 0.599121 0.431885
vt 0.620606 0.417236
vt 0.599121 0.417236
vt 0.577148 0.431885
vt 0.577148 0.417236
vt 0.555664 0.417236
vt 0.555664 0.431885
vt 0.533691 0.417236
vt 0.533691 0.431885
vt 0.751465 0.431885
vt 0.729981 0.431885
vt 0.751465 0.417236
vt 0.729981 0.417236
vt 0.708008 0.431885
vt 0.708008 0.417236
vt 0.686523 0.431885
vt 0.686523 0.417236
vt 0.664551 0.431885
vt 0.664551 0.417236
vt 0.642578 0.431885
vt 0.642578 0.417236
vt 0.882324 0.417236
vt 0.882324 0.431885
vt 0.860840 0.417236
vt 0.860840 0.431885
vt 0.838867 0.417236
vt 0.536621 0.304199
vt 0.536621 0.289307
vt 0.558594 0.304199
vt 0.558594 0.289307
vt 0.580078 0.304199
vt 0.580078 0.289307
vt 0.602051 0.304199
vt 0.602051 0.289307
vt 0.624023 0.289307
vt 0.624023 0.304199
vt 0.645508 0.289307
vt 0.645508 0.304199
vt 0.667481 0.304199
vt 0.667481 0.289307
vt 0.689453 0.304199
vt 0.689453 0.289307
vt 0.711426 0.304199
vt 0.711426 0.289307
vt 0.732910 0.304199
vt 0.807617 0.492920
vt 0.807617 0.528320
vt 0.829102 0.492920
vt 0.829102 0.528320
vt 0.850098 0.528320
vt 0.850098 0.492920
vt 0.773438 0.431885
vt 0.773438 0.417236
vt 0.794922 0.417236
vt 0.794922 0.431885
vt 0.816894 0.431885
vt 0.816894 0.417236
vt 0.838867 0.431885
vt 0.427978 0.289307
vt 0.449707 0.289307
vt 0.427978 0.304199
vt 0.449707 0.304199
vt 0.471435 0.289307
vt 0.471435 0.304199
vt 0.493408 0.289307
vt 0.493408 0.304199
vt 0.515137 0.289307
vt 0.515137 0.304199
vt 0.301758 0.627930
vt 0.297852 0.606934
vt 0.310303 0.647949
vt 0.322022 0.666504
vt 0.297607 0.584961
vt 0.418945 0.485596
vt 0.302002 0.563477
vt 0.310059 0.543457
vt 0.322510 0.525391
vt 0.337647 0.509766
vt 0.355957 0.498047
vt 0.397217 0.485352
vt 0.375977 0.489258
vt 0.355713 0.693848
vt 0.337891 0.681641
vt 0.397217 0.706543
vt 0.375977 0.702148
vt 0.419190 0.706055
vt 0.440430 0.702637
vt 0.460449 0.693848
vt 0.478760 0.682129
vt 0.493897 0.666016
vt 0.506348 0.648438
vt 0.514160 0.627930
vt 0.519043 0.606934
vt 0.518555 0.584961
vt 0.514648 0.563477
vt 0.505859 0.543457
vt 0.460938 0.497315
vt 0.440430 0.489746
vt 0.494385 0.525391
vt 0.478516 0.510254
vt 0.036407 0.265381
vt 0.010002 0.265381
vt 0.036285 0.263916
vt 0.010200 0.263428
vt 0.270996 0.447754
vt 0.273193 0.473633
vt 0.267090 0.447998
vt 0.261719 0.473389
vt 0.260498 0.487549
vt 0.275147 0.473877
vt 0.277344 0.481201
vt 0.269531 0.492188
vt 0.263916 0.500488
vt 0.258789 0.498047
vt 0.264160 0.509766
vt 0.258789 0.509277
vt 0.260498 0.521973
vt 0.268066 0.502441
vt 0.268555 0.509277
vt 0.272217 0.496338
vt 0.270508 0.517090
vt 0.276123 0.487793
vt 0.277100 0.492676
vt 0.282715 0.488037
vt 0.282227 0.492920
vt 0.286377 0.480713
vt 0.287109 0.495117
vt 0.289307 0.490723
vt 0.293213 0.483643
vt 0.290772 0.497559
vt 0.294190 0.494141
vt 0.298584 0.491211
vt 0.300781 0.501953
vt 0.298340 0.502441
vt 0.293701 0.503418
vt 0.301514 0.512695
vt 0.293213 0.512207
vt 0.297363 0.514160
vt 0.291016 0.521484
vt 0.288330 0.517578
vt 0.297119 0.540527
vt 0.281982 0.521484
vt 0.282715 0.526367
vt 0.274658 0.527344
vt 0.275879 0.522461
vt 0.273193 0.520996
vt 0.270752 0.524902
vt 0.266846 0.520019
vt 0.264893 0.530762
vt 0.271973 0.534180
vt 0.280029 0.534180
vt 0.284424 0.539551
vt 0.282471 0.539062
vt 0.285156 0.568848
vt 0.289551 0.567383
vt 0.850586 0.021698
vt 0.850586 0.023605
vt 0.824219 0.023605
vt 0.824219 0.018005
vt 0.850586 0.018005
vt 0.858398 0.018005
vt 0.858398 0.021698
vt 0.548828 0.559082
vt 0.550781 0.559082
vt 0.548828 0.561035
vt 0.550781 0.561035
vt 0.297363 0.257568
vt 0.297363 0.255615
vt 0.323486 0.257568
vt 0.323486 0.255615
vt 0.961914 0.768555
vt 0.960449 0.768555
vt 0.960449 0.766602
vt 0.960449 0.762695
vt 0.961914 0.762695
vt 0.956543 0.766602
vt 0.956543 0.762695
vt 0.900391 0.289062
vt 0.900391 0.260010
vt 0.902344 0.289307
vt 0.902344 0.260498
vt 0.311279 0.441162
vt 0.311279 0.443115
vt 0.309326 0.441162
vt 0.309326 0.443115
vt 0.976074 0.177734
vt 0.976074 0.148560
vt 0.978027 0.177734
vt 0.978027 0.148560
vt 0.977539 0.133667
vt 0.977539 0.135742
vt 0.975586 0.133667
vt 0.975586 0.135742
vt 0.975586 0.139404
vt 0.977539 0.139404
vt 0.981934 0.139404
vt 0.981934 0.135742
vt 0.903320 0.018005
vt 0.932129 0.018005
vt 0.903320 0.020004
vt 0.932129 0.020004
vt 0.932129 0.023605
vt 0.903320 0.023605
vt 0.897949 0.020004
vt 0.897949 0.023605
vt 0.914551 0.592285
vt 0.917969 0.592285
vt 0.914551 0.618164
vt 0.917969 0.618164
vt 0.914551 0.632324
vt 0.917969 0.632324
vt 0.914551 0.643066
vt 0.917969 0.643066
vt 0.914551 0.654785
vt 0.917969 0.654785
vt 0.914551 0.666992
vt 0.917969 0.666992
vt 0.917969 0.676758
vt 0.914551 0.676758
vt 0.362793 0.093811
vt 0.371826 0.093811
vt 0.362793 0.097473
vt 0.371826 0.097473
vt 0.378906 0.097473
vt 0.378906 0.093811
vt 0.388184 0.093811
vt 0.388184 0.097473
vt 0.398682 0.093811
vt 0.398682 0.097473
vt 0.409180 0.093811
vt 0.409180 0.097473
vt 0.437012 0.097473
vt 0.437012 0.093811
vt 0.465088 0.093811
vt 0.465088 0.097473
vt 0.473145 0.097473
vt 0.473145 0.093811
vt 0.481201 0.097473
vt 0.481201 0.093811
vt 0.489014 0.093811
vt 0.489014 0.097473
vt 0.071777 0.329346
vt 0.069702 0.328613
vt 0.073975 0.329102
vt 0.076111 0.328369
vt 0.077515 0.326660
vt 0.077026 0.309326
vt 0.075623 0.308105
vt 0.067993 0.327148
vt 0.071777 0.307617
vt 0.073730 0.307617
vt 0.070129 0.308350
vt 0.068115 0.311768
vt 0.068787 0.309815
vt 0.065674 0.324951
vt 0.065674 0.313477
vt 0.063721 0.313232
vt 0.063599 0.324463
vt 0.061707 0.324463
vt 0.061798 0.312988
vt 0.050507 0.324219
vt 0.050598 0.312988
vt 0.047699 0.323486
vt 0.047394 0.313232
vt 0.044098 0.318115
vt 0.044891 0.314941
vt 0.045288 0.321289
vt 0.037903 0.327148
vt 0.037903 0.329346
vt 0.036011 0.327148
vt 0.036011 0.329346
vt 0.034088 0.327148
vt 0.034088 0.329346
vt 0.306397 0.021301
vt 0.306397 0.019104
vt 0.308594 0.021301
vt 0.308594 0.019104
vt 0.310791 0.021301
vt 0.310791 0.019104
vt 0.312988 0.019104
vt 0.312988 0.021301
vt 0.315185 0.019104
vt 0.315185 0.021301
vt 0.318359 0.018494
vt 0.318359 0.020706
vt 0.320312 0.018005
vt 0.320312 0.020203
vt 0.322022 0.019104
vt 0.322022 0.021301
vt 0.333008 0.019104
vt 0.333008 0.021301
vt 0.336182 0.019104
vt 0.934082 0.955566
vt 0.934082 0.958008
vt 0.932129 0.955566
vt 0.932129 0.958008
vt 0.934082 0.953613
vt 0.932129 0.953613
vt 0.932129 0.941894
vt 0.934082 0.941894
vt 0.932129 0.940430
vt 0.934082 0.940430
vt 0.932129 0.938477
vt 0.934082 0.938477
vt 0.720703 0.237671
vt 0.718750 0.237671
vt 0.720703 0.235474
vt 0.718750 0.235474
vt 0.716797 0.235474
vt 0.716797 0.237671
vt 0.714844 0.235474
vt 0.714844 0.237671
vt 0.712891 0.237671
vt 0.712891 0.235474
vt 0.978027 0.638672
vt 0.979981 0.638672
vt 0.977051 0.641602
vt 0.979492 0.641602
vt 0.976562 0.643555
vt 0.979004 0.643555
vt 0.979981 0.645019
vt 0.978027 0.645019
vt 0.979981 0.656250
vt 0.978027 0.656250
vt 0.978027 0.659668
vt 0.979981 0.659668
vt 0.979981 0.662598
vt 0.978027 0.662598
vt 0.750488 0.608887
vt 0.752441 0.608887
vt 0.750488 0.612305
vt 0.752441 0.612305
vt 0.750488 0.615234
vt 0.752441 0.615234
vt 0.126953 0.320068
vt 0.124695 0.317627
vt 0.129883 0.321289
vt 0.134888 0.318359
vt 0.132935 0.320801
vt 0.135254 0.315185
vt 0.123901 0.314697
vt 0.124329 0.303467
vt 0.135742 0.303955
vt 0.124329 0.301514
vt 0.135620 0.302002
vt 0.124023 0.299560
vt 0.135254 0.300049
vt 0.121887 0.297119
vt 0.137329 0.297607
vt 0.139160 0.297119
vt 0.140625 0.295898
vt 0.120422 0.295410
vt 0.119812 0.293213
vt 0.120972 0.289062
vt 0.119995 0.291016
vt 0.136352 0.287842
vt 0.125000 0.287598
vt 0.122803 0.287598
vt 0.138184 0.287842
vt 0.139893 0.288818
vt 0.141480 0.294190
vt 0.141724 0.292236
vt 0.141113 0.290283
vt 0.983887 0.868652
vt 0.982422 0.866699
vt 0.986328 0.868164
vt 0.985352 0.865723
vt 0.988281 0.866699
vt 0.987793 0.864258
vt 0.983887 0.862793
vt 0.982422 0.864258
vt 0.986328 0.862305
vt 0.980469 0.863769
vt 0.980469 0.867676
vt 0.983398 0.870117
vt 0.987305 0.860840
vt 0.983398 0.860840
vt 0.990234 0.867188
vt 0.990234 0.863281
vt 0.987305 0.870117
vt 0.985840 0.442871
vt 0.982910 0.442139
vt 0.987793 0.440185
vt 0.984375 0.438721
vt 0.988281 0.437012
vt 0.985840 0.435303
vt 0.980957 0.437256
vt 0.980469 0.440430
vt 0.982910 0.434815
vt 0.979004 0.440918
vt 0.981934 0.444336
vt 0.986816 0.444336
vt 0.981934 0.433105
vt 0.979004 0.436279
vt 0.986816 0.433105
vt 0.990234 0.436523
vt 0.990234 0.441162
vt 0.496094 0.498535
vt 0.494873 0.499756
vt 0.490234 0.504883
vt 0.491211 0.497070
vt 0.490967 0.495605
vt 0.485596 0.497070
vt 0.485596 0.502930
vt 0.487060 0.502441
vt 0.488770 0.507324
vt 0.492676 0.500488
vt 0.874512 0.017899
vt 0.872559 0.019394
vt 0.874023 0.015503
vt 0.871582 0.016693
vt 0.872559 0.013603
vt 0.870606 0.014000
vt 0.868652 0.017899
vt 0.870117 0.019806
vt 0.868164 0.015404
vt 0.869629 0.021393
vt 0.873535 0.021393
vt 0.875977 0.018600
vt 0.866699 0.014801
vt 0.866699 0.018707
vt 0.873535 0.012001
vt 0.869629 0.012001
vt 0.875977 0.014702
vt 0.868164 0.289307
vt 0.862305 0.289307
vt 0.868164 0.285400
vt 0.862305 0.285400
vt 0.862305 0.281494
vt 0.868164 0.281494
vt 0.868164 0.277588
vt 0.862305 0.277588
vt 0.862305 0.273682
vt 0.868164 0.273682
vt 0.860840 0.852539
vt 0.860840 0.846191
vt 0.864258 0.852539
vt 0.864258 0.846191
vt 0.868164 0.852539
vt 0.868164 0.846191
vt 0.872070 0.846191
vt 0.872070 0.852539
vt 0.875977 0.846191
vt 0.875977 0.852539
vt 0.874512 0.337647
vt 0.880371 0.337647
vt 0.874512 0.341553
vt 0.880371 0.341553
vt 0.874512 0.345459
vt 0.880371 0.345459
vt 0.880371 0.349365
vt 0.874512 0.349365
vt 0.880371 0.353272
vt 0.874512 0.353272
vt 0.736328 0.071594
vt 0.730469 0.071594
vt 0.736328 0.067688
vt 0.730469 0.067688
vt 0.730469 0.063721
vt 0.736328 0.063721
vt 0.736328 0.059814
vt 0.730469 0.059814
vt 0.730469 0.055908
vt 0.736328 0.055908
vt 0.541016 0.566894
vt 0.541016 0.569336
vt 0.540039 0.563965
vt 0.535644 0.561523
vt 0.538086 0.562500
vt 0.532715 0.574707
vt 0.540039 0.571777
vt 0.538086 0.573731
vt 0.535644 0.574707
vt 0.530273 0.562500
vt 0.532715 0.561523
vt 0.528320 0.571777
vt 0.530273 0.573731
vt 0.527344 0.566894
vt 0.527344 0.569336
vt 0.528320 0.563965
vt 0.976562 0.235474
vt 0.976562 0.232788
vt 0.981934 0.235474
vt 0.981934 0.232788
vt 0.981934 0.230102
vt 0.976562 0.230102
vt 0.976562 0.227539
vt 0.981934 0.227539
vt 0.976562 0.224854
vt 0.981934 0.224854
vt 0.517090 0.024796
vt 0.511719 0.024796
vt 0.517090 0.022095
vt 0.511719 0.022095
vt 0.511719 0.019394
vt 0.517090 0.019394
vt 0.511719 0.016693
vt 0.517090 0.016693
vt 0.511719 0.014000
vt 0.517090 0.014000
vt 0.346435 0.016006
vt 0.349121 0.016006
vt 0.346435 0.021500
vt 0.349121 0.021500
vt 0.351807 0.021500
vt 0.351807 0.016006
vt 0.354492 0.016006
vt 0.354492 0.021500
vt 0.357422 0.021500
vt 0.357422 0.016006
vt 0.978516 0.594727
vt 0.978516 0.592285
vt 0.983887 0.594727
vt 0.983887 0.592285
vt 0.983887 0.589356
vt 0.978516 0.589356
vt 0.978516 0.586914
vt 0.983887 0.586914
vt 0.983887 0.583984
vt 0.978516 0.583984
vt 0.833008 0.743652
vt 0.834961 0.743652
vt 0.833008 0.794434
vt 0.834961 0.794434
vt 0.836426 0.794434
vt 0.836426 0.743652
vt 0.838379 0.794434
vt 0.838379 0.743652
vt 0.840332 0.743652
vt 0.840332 0.794434
vt 0.975586 0.611328
vt 0.925293 0.611328
vt 0.976074 0.603027
vt 0.925781 0.603027
vt 0.913574 0.812988
vt 0.919434 0.812988
vt 0.912598 0.814941
vt 0.921875 0.818359
vt 0.912598 0.816406
vt 0.912598 0.818359
vt 0.913574 0.820312
vt 0.916504 0.820312
vt 0.921875 0.805664
vt 0.919434 0.805664
vt 0.919434 0.828613
vt 0.916504 0.828613
vt 0.919434 0.836914
vt 0.921875 0.836914
vt 0.919434 0.860352
vt 0.921875 0.860352
vt 0.919434 0.870117
vt 0.921875 0.870117
vt 0.919434 0.874023
vt 0.921875 0.874023
vt 0.429199 0.441650
vt 0.378662 0.441650
vt 0.429199 0.439209
vt 0.378662 0.439209
vt 0.916504 0.737793
vt 0.916504 0.729492
vt 0.918945 0.729492
vt 0.921875 0.739746
vt 0.913574 0.737793
vt 0.912598 0.739746
vt 0.912109 0.741699
vt 0.918945 0.721191
vt 0.912598 0.743164
vt 0.921875 0.721191
vt 0.918945 0.697754
vt 0.921875 0.697754
vt 0.921875 0.692383
vt 0.918945 0.692383
vt 0.918945 0.685059
vt 0.921875 0.685059
vt 0.918945 0.745117
vt 0.913574 0.745117
vt 0.921875 0.752441
vt 0.918945 0.752441
vt 0.812500 0.043488
vt 0.761719 0.043488
vt 0.812500 0.037903
vt 0.761719 0.037903
vt 0.394531 0.119812
vt 0.445068 0.119812
vt 0.394531 0.122681
vt 0.445068 0.122681
vt 0.887207 0.249512
vt 0.887207 0.198852
vt 0.890137 0.249512
vt 0.890137 0.198852
vt 0.689453 0.537109
vt 0.730469 0.537109
vt 0.689453 0.540039
vt 0.730469 0.540039
vt 0.734375 0.537109
vt 0.734375 0.540039
vt 0.037201 0.032013
vt 0.087830 0.032013
vt 0.037201 0.039490
vt 0.087830 0.039490
vt 0.791992 0.695801
vt 0.794434 0.702637
vt 0.794434 0.707519
vt 0.744141 0.707519
vt 0.788086 0.694824
vt 0.744141 0.698242
vt 0.747070 0.694824
vt 0.922363 0.936523
vt 0.899414 0.934082
vt 0.924316 0.934570
vt 0.897461 0.932617
vt 0.921387 0.986328
vt 0.921387 0.938477
vt 0.922852 0.987793
vt 0.922852 0.937012
vt 0.898438 0.934570
vt 0.900391 0.936035
vt 0.898438 0.985352
vt 0.900391 0.983887
vt 0.742188 0.101623
vt 0.694824 0.101623
vt 0.742676 0.079895
vt 0.694824 0.079895
vt 0.899414 0.985840
vt 0.922363 0.988281
vt 0.897461 0.987305
vt 0.924316 0.990234
vt 0.967773 0.225098
vt 0.967773 0.275391
vt 0.959473 0.224854
vt 0.959473 0.275391
vt 0.357422 0.037415
vt 0.306641 0.037415
vt 0.357178 0.035309
vt 0.306641 0.035309
vt 0.357178 0.033691
vt 0.306641 0.033691
vt 0.306641 0.031891
vt 0.357178 0.031891
vt 0.306641 0.029999
vt 0.357178 0.029999
vt 0.824707 0.148438
vt 0.824707 0.140015
vt 0.875977 0.148438
vt 0.875977 0.140015
vt 0.364746 0.038605
vt 0.364746 0.035889
vt 0.415283 0.038605
vt 0.415283 0.035889
vt 0.247070 0.081421
vt 0.238648 0.081421
vt 0.247070 0.078796
vt 0.237061 0.075928
vt 0.255371 0.078796
vt 0.237061 0.085327
vt 0.238648 0.084412
vt 0.235230 0.085571
vt 0.233643 0.085327
vt 0.255371 0.075928
vt 0.279053 0.075928
vt 0.279053 0.078796
vt 0.284180 0.075928
vt 0.284180 0.078796
vt 0.291504 0.078796
vt 0.291504 0.075928
vt 0.231811 0.078796
vt 0.231811 0.084412
vt 0.224243 0.075928
vt 0.224243 0.078796
vt 0.970215 0.426514
vt 0.970215 0.477051
vt 0.964356 0.426514
vt 0.964356 0.477051
vt 0.169800 0.080078
vt 0.169800 0.082703
vt 0.161377 0.080078
vt 0.159668 0.085571
vt 0.178101 0.085571
vt 0.178101 0.082703
vt 0.201660 0.085571
vt 0.201660 0.082703
vt 0.211304 0.082703
vt 0.211304 0.085571
vt 0.215576 0.082703
vt 0.215576 0.085571
vt 0.159668 0.076172
vt 0.161377 0.077087
vt 0.157959 0.075928
vt 0.156250 0.076172
vt 0.154541 0.077087
vt 0.154541 0.082703
vt 0.146851 0.085571
vt 0.146851 0.082703
vt 0.965820 0.368652
vt 0.965820 0.419190
vt 0.962891 0.368652
vt 0.962891 0.419190
vt 0.965332 0.684570
vt 0.965332 0.633789
vt 0.967773 0.684570
vt 0.967773 0.633789
vt 0.519043 0.032013
vt 0.519043 0.034912
vt 0.477783 0.032013
vt 0.477783 0.034912
vt 0.473877 0.032013
vt 0.473877 0.034912
vt 0.970703 0.877441
vt 0.978027 0.877441
vt 0.970703 0.928223
vt 0.978027 0.928223
vt 0.824219 0.109802
vt 0.827148 0.102905
vt 0.824707 0.114990
vt 0.831055 0.101807
vt 0.875488 0.105286
vt 0.875977 0.114990
vt 0.873047 0.101807
vt 0.826172 0.137451
vt 0.824707 0.139038
vt 0.826172 0.117615
vt 0.824707 0.116028
vt 0.826172 0.138306
vt 0.874512 0.138184
vt 0.826172 0.116699
vt 0.874512 0.116699
vt 0.827148 0.137939
vt 0.827148 0.117065
vt 0.873535 0.137817
vt 0.873535 0.117065
vt 0.874512 0.137573
vt 0.874512 0.117798
vt 0.875977 0.139160
vt 0.875977 0.116211
vt 0.978027 0.733887
vt 0.978027 0.784180
vt 0.969727 0.733887
vt 0.969727 0.784180
vt 0.979004 0.382324
vt 0.976074 0.381103
vt 0.979981 0.379395
vt 0.976074 0.383545
vt 0.974121 0.380371
vt 0.974121 0.384522
vt 0.977051 0.387207
vt 0.978027 0.385010
vt 0.980469 0.385498
vt 0.981934 0.383301
vt 0.980957 0.387207
vt 0.982422 0.380859
vt 0.980957 0.377197
vt 0.983887 0.380127
vt 0.983887 0.384277
vt 0.977051 0.377197
vt 0.977539 0.379150
vt 0.998047 0.014679
vt 0.998047 0.064758
vt 0.994629 0.014679
vt 0.994629 0.064758
vt 0.996582 0.113953
vt 0.997559 0.113281
vt 0.996094 0.162109
vt 0.997070 0.162842
vt 0.961914 0.123230
vt 0.960449 0.123230
vt 0.962891 0.120911
vt 0.962402 0.119934
vt 0.997070 0.213379
vt 0.995606 0.163818
vt 0.998047 0.212646
vt 0.996582 0.164429
vt 0.687500 0.002106
vt 0.687012 0.005272
vt 0.637207 0.001115
vt 0.637207 0.004280
vt 0.346680 0.002886
vt 0.345947 0.001680
vt 0.395996 0.002739
vt 0.396728 0.001529
vt 0.144043 0.034607
vt 0.145142 0.035187
vt 0.147705 0.037689
vt 0.147705 0.036285
vt 0.293701 0.001784
vt 0.343018 0.001833
vt 0.292969 0.002993
vt 0.343750 0.003042
vt 0.980957 0.567871
vt 0.983887 0.568848
vt 0.979981 0.570801
vt 0.982422 0.570801
vt 0.982910 0.572754
vt 0.985840 0.569824
vt 0.979004 0.572754
vt 0.978516 0.566894
vt 0.978027 0.569336
vt 0.976074 0.569824
vt 0.976074 0.565918
vt 0.981934 0.564941
vt 0.979492 0.564941
vt 0.982910 0.562988
vt 0.979004 0.562988
vt 0.985840 0.565918
vt 0.984375 0.566406
vt 0.131836 0.451416
vt 0.133057 0.449219
vt 0.134766 0.452148
vt 0.135620 0.449219
vt 0.137695 0.450440
vt 0.137695 0.452881
vt 0.134033 0.455078
vt 0.136475 0.455078
vt 0.131836 0.453857
vt 0.562012 0.901856
vt 0.562988 0.904785
vt 0.560059 0.902832
vt 0.560059 0.905273
vt 0.562988 0.908203
vt 0.561035 0.907715
vt 0.572266 0.540039
vt 0.572266 0.537598
vt 0.574707 0.539551
vt 0.574219 0.536621
vt 0.572754 0.542481
vt 0.574707 0.542969
vt 0.164795 0.425781
vt 0.162354 0.425781
vt 0.164551 0.423096
vt 0.161377 0.423828
vt 0.167236 0.425293
vt 0.167725 0.423096
vt 0.587402 0.763184
vt 0.586426 0.761231
vt 0.589844 0.763184
vt 0.589844 0.760742
vt 0.592285 0.762695
vt 0.592773 0.760742
vt 0.995117 0.112549
vt 0.995117 0.066834
vt 0.998047 0.112549
vt 0.998047 0.066834
vt 0.973144 0.314209
vt 0.974121 0.313477
vt 0.972656 0.359863
vt 0.974121 0.360352
vt 0.970215 0.314209
vt 0.969238 0.313477
vt 0.970215 0.359863
vt 0.968750 0.360352
vt 0.739258 0.003128
vt 0.739258 0.005829
vt 0.693848 0.002930
vt 0.693848 0.005730
vt 0.532715 0.002747
vt 0.485596 0.002846
vt 0.531738 0.001746
vt 0.486328 0.001646
vt 0.574219 0.026199
vt 0.574707 0.025299
vt 0.574219 0.028900
vt 0.574707 0.029907
vt 0.582031 0.002859
vt 0.536621 0.002659
vt 0.582519 0.001959
vt 0.535644 0.001559
vt 0.143921 0.329346
vt 0.141846 0.328125
vt 0.144653 0.326416
vt 0.141846 0.325684
vt 0.146362 0.329346
vt 0.147705 0.327148
vt 0.145508 0.323486
vt 0.147705 0.324707
vt 0.142944 0.323486
vt 0.593750 0.980469
vt 0.591309 0.980469
vt 0.593750 0.978027
vt 0.590332 0.978516
vt 0.596191 0.979981
vt 0.596680 0.978027
vt 0.622070 0.663574
vt 0.619629 0.663086
vt 0.621582 0.660644
vt 0.618652 0.661621
vt 0.624023 0.662598
vt 0.624512 0.660644
vt 0.642578 0.747070
vt 0.639648 0.747070
vt 0.642090 0.745117
vt 0.639648 0.744629
vt 0.637207 0.744629
vt 0.636231 0.746582
vt 0.644531 0.769531
vt 0.644043 0.771973
vt 0.642090 0.769531
vt 0.642090 0.772461
vt 0.644531 0.767090
vt 0.642578 0.766113
vt 0.495117 0.501953
vt 0.489746 0.505859
vt 0.335205 0.496582
vt 0.336182 0.494141
vt 0.337891 0.498535
vt 0.333252 0.498535
vt 0.339355 0.494873
vt 0.335205 0.500977
vt 0.336182 0.491455
vt 0.331543 0.502930
vt 0.339355 0.490967
vt 0.330810 0.499756
vt 0.327393 0.502930
vt 0.328125 0.499756
vt 0.323975 0.500977
vt 0.325684 0.498535
vt 0.321045 0.498535
vt 0.323730 0.496582
vt 0.319580 0.494873
vt 0.322754 0.494141
vt 0.335205 0.489014
vt 0.337891 0.487305
vt 0.335205 0.484619
vt 0.333252 0.487060
vt 0.331543 0.482910
vt 0.330810 0.486084
vt 0.327393 0.482910
vt 0.328125 0.486084
vt 0.323975 0.484619
vt 0.325684 0.487060
vt 0.321045 0.487305
vt 0.323730 0.489014
vt 0.319580 0.490967
vt 0.322754 0.491455
vt 0.565430 0.561035
vt 0.583496 0.549316
vt 0.566406 0.562500
vt 0.549805 0.576660
vt 0.584473 0.550781
vt 0.551269 0.577637
vt 0.604004 0.541992
vt 0.603516 0.540527
vt 0.625000 0.537109
vt 0.625488 0.538574
vt 0.539062 0.595215
vt 0.537598 0.594727
vt 0.646973 0.537109
vt 0.646973 0.539062
vt 0.667481 0.543457
vt 0.667969 0.541504
vt 0.529297 0.614746
vt 0.530762 0.615234
vt 0.526367 0.636231
vt 0.524414 0.636231
vt 0.526367 0.657715
vt 0.524414 0.657715
vt 0.687500 0.551269
vt 0.688477 0.549805
vt 0.706055 0.562500
vt 0.705078 0.563965
vt 0.721191 0.578125
vt 0.719727 0.579102
vt 0.732910 0.596680
vt 0.730957 0.597168
vt 0.529785 0.678711
vt 0.528320 0.679199
vt 0.536133 0.699219
vt 0.538086 0.698731
vt 0.741211 0.616699
vt 0.739258 0.617188
vt 0.742676 0.638184
vt 0.744629 0.638184
vt 0.547852 0.717773
vt 0.549316 0.716797
vt 0.564453 0.731934
vt 0.562988 0.733398
vt 0.742676 0.659668
vt 0.744629 0.659668
vt 0.739746 0.681152
vt 0.737793 0.680664
vt 0.582031 0.744629
vt 0.581055 0.746094
vt 0.601074 0.754394
vt 0.601562 0.752441
vt 0.731445 0.701172
vt 0.729981 0.700195
vt 0.622559 0.759277
vt 0.622559 0.757324
vt 0.644043 0.757324
vt 0.644043 0.758789
vt 0.665039 0.753418
vt 0.665527 0.755371
vt 0.684570 0.745117
vt 0.685547 0.746582
vt 0.702637 0.733398
vt 0.704102 0.734863
vt 0.717773 0.718262
vt 0.719238 0.719238
s 1
usemtl Thompson_1921AC
f 3/1/1 2/2/1 1/3/2
f 6/4/3 5/5/3 4/6/4
f 9/7/5 8/8/6 7/9/5
f 12/10/7 11/11/8 10/12/7
f 14/13/8 13/14/8 10/12/7
f 15/15/7 10/12/7 13/14/8
f 18/13/8 17/12/7 16/11/8
f 21/16/9 20/14/10 19/17/9
f 19/17/9 23/13/10 22/18/9
f 24/11/10 22/18/9 23/13/10
f 27/13/11 26/17/9 25/14/10
f 30/19/12 29/20/12 28/21/13
f 33/22/14 32/23/14 31/24/14
f 34/25/14 33/22/14 31/24/14
f 35/26/14 33/22/14 34/25/14
f 36/27/14 35/26/14 34/25/14
f 37/28/14 35/26/14 36/27/14
f 38/29/14 37/28/14 36/27/14
f 39/30/14 34/25/14 31/24/14
f 40/31/14 34/25/14 39/30/14
f 41/32/14 39/30/14 31/24/14
f 42/33/14 41/32/14 31/24/14
f 43/34/14 42/33/14 31/24/14
f 44/35/14 43/34/14 31/24/14
f 45/36/14 39/30/14 41/32/14
f 46/37/14 39/30/14 45/36/14
f 47/38/14 45/36/14 41/32/14
f 48/39/14 45/36/14 47/38/14
f 49/40/14 47/38/14 41/32/14
f 50/41/14 47/38/14 49/40/14
f 51/42/14 50/41/14 49/40/14
f 52/43/14 50/41/14 51/42/14
f 53/44/14 52/43/14 51/42/14
f 54/45/14 53/44/14 51/42/14
f 55/46/14 47/38/14 50/41/14
f 56/47/14 47/38/14 55/46/14
f 57/48/14 47/38/14 56/47/14
f 58/49/14 55/46/14 50/41/14
f 59/50/14 58/49/14 50/41/14
f 60/51/14 58/49/14 59/50/14
f 61/52/14 59/50/14 50/41/14
f 62/53/14 61/52/14 50/41/14
f 65/54/15 64/55/15 63/56/16
f 66/57/16 63/56/16 64/55/15
f 66/57/16 67/58/17 63/56/16
f 68/59/17 63/56/16 67/58/17
f 67/58/17 69/60/18 68/59/17
f 70/61/18 68/59/17 69/60/18
f 69/60/18 71/62/19 70/61/18
f 72/63/19 70/61/18 71/62/19
f 71/62/19 73/64/20 72/63/19
f 74/65/20 72/63/19 73/64/20
f 73/64/20 75/66/21 74/65/20
f 76/67/21 74/65/20 75/66/21
f 79/68/22 78/69/23 77/70/22
f 80/71/23 77/70/22 78/69/23
f 80/71/23 78/69/23 81/72/24
f 82/73/24 81/72/24 78/69/23
f 82/73/24 83/74/25 81/72/24
f 84/75/25 81/72/24 83/74/25
f 83/74/25 85/76/26 84/75/25
f 86/77/26 84/75/25 85/76/26
f 89/77/26 88/76/26 87/78/27
f 90/79/27 87/78/27 88/76/26
f 90/79/27 91/80/28 87/78/27
f 92/81/28 87/78/27 91/80/28
f 92/81/28 91/80/28 93/82/29
f 94/83/29 93/82/29 91/80/28
f 94/83/29 95/84/30 93/82/29
f 96/85/30 93/82/29 95/84/30
f 96/85/30 95/84/30 97/86/31
f 98/87/31 97/86/31 95/84/30
f 98/87/31 99/88/32 97/86/31
f 100/89/32 97/86/31 99/88/32
f 103/88/33 102/90/34 101/89/33
f 104/91/34 101/89/33 102/90/34
f 104/91/34 102/90/34 105/92/35
f 106/93/35 105/92/35 102/90/34
f 105/92/35 106/93/35 107/94/36
f 108/95/36 107/94/36 106/93/35
f 108/95/36 109/96/37 107/94/36
f 110/97/37 107/94/36 109/96/37
f 109/96/37 111/3/38 110/97/37
f 112/98/2 110/97/37 111/3/38
f 112/98/2 111/3/38 113/2/1
f 116/99/39 115/100/40 114/101/39
f 117/102/40 114/101/39 115/100/40
f 115/100/40 118/103/41 117/102/40
f 119/104/42 117/102/40 118/103/41
f 118/103/41 120/105/43 119/104/42
f 121/106/43 119/104/42 120/105/43
f 120/105/43 122/107/44 121/106/43
f 123/108/44 121/106/43 122/107/44
f 123/108/44 122/107/44 124/109/45
f 125/110/45 124/109/45 122/107/44
f 125/110/45 126/111/46 124/109/45
f 127/112/46 124/109/45 126/111/46
f 126/111/46 128/67/47 127/112/46
f 129/66/47 127/112/46 128/67/47
f 132/113/48 131/114/48 130/115/49
f 133/116/50 130/115/49 131/114/48
f 130/115/49 133/116/50 134/117/51
f 137/118/26 136/119/25 135/120/26
f 138/121/25 135/120/26 136/119/25
f 136/119/25 139/122/24 138/121/25
f 140/123/24 138/121/25 139/122/24
f 140/123/24 139/122/24 141/124/23
f 142/125/23 141/124/23 139/122/24
f 141/124/23 142/125/23 143/126/22
f 144/127/22 143/126/22 142/125/23
f 147/128/32 146/129/31 145/130/32
f 148/131/31 145/130/32 146/129/31
f 146/129/31 149/132/30 148/131/31
f 150/133/30 148/131/31 149/132/30
f 149/132/30 151/134/29 150/133/30
f 152/135/29 150/133/30 151/134/29
f 151/134/29 153/136/28 152/135/29
f 154/137/28 152/135/29 153/136/28
f 153/136/28 155/138/27 154/137/28
f 156/139/27 154/137/28 155/138/27
f 156/139/27 155/138/27 157/120/26
f 158/118/26 157/120/26 155/138/27
f 161/140/1 160/141/1 159/142/38
f 162/143/2 159/142/38 160/141/1
f 159/142/38 162/143/2 163/144/37
f 166/145/52 165/146/52 164/147/46
f 167/148/46 164/147/46 165/146/52
f 164/147/46 167/148/46 168/149/47
f 169/150/47 168/149/47 167/148/46
f 168/149/47 169/150/47 170/151/20
f 171/152/20 170/151/20 169/150/47
f 171/152/20 172/153/19 170/151/20
f 173/154/19 170/151/20 172/153/19
f 172/153/19 174/155/18 173/154/19
f 175/156/18 173/154/19 174/155/18
f 175/156/18 174/155/18 176/157/17
f 177/158/17 176/157/17 174/155/18
f 176/157/17 177/158/17 178/159/16
f 179/160/16 178/159/16 177/158/17
f 178/159/16 179/160/16 180/161/53
f 181/162/53 180/161/53 179/160/16
f 181/162/53 182/117/51 180/161/53
f 183/163/54 180/161/53 182/117/51
f 183/163/54 182/117/51 184/116/49
f 187/54/55 186/164/54 185/55/55
f 188/165/54 185/55/55 186/164/54
f 186/164/54 189/166/49 188/165/54
f 190/167/49 188/165/54 189/166/49
f 190/167/49 189/166/49 191/168/48
f 192/169/48 191/168/48 189/166/49
f 195/128/33 194/130/33 193/170/34
f 196/171/34 193/170/34 194/130/33
f 196/171/34 197/172/35 193/170/34
f 198/173/35 193/170/34 197/172/35
f 198/173/35 197/172/35 199/174/36
f 200/175/36 199/174/36 197/172/35
f 199/174/36 200/175/36 201/176/37
f 202/144/37 201/176/37 200/175/36
f 201/176/37 202/144/37 203/143/38
f 206/177/39 205/178/40 204/179/39
f 207/180/40 204/179/39 205/178/40
f 205/178/40 208/181/41 207/180/40
f 209/182/56 207/180/40 208/181/41
f 208/181/41 210/183/57 209/182/56
f 211/184/57 209/182/56 210/183/57
f 210/183/57 212/185/44 211/184/57
f 213/186/44 211/184/57 212/185/44
f 212/185/44 214/146/45 213/186/44
f 215/145/45 213/186/44 214/146/45
f 218/187/3 217/188/3 216/189/3
f 217/188/3 219/190/3 216/189/3
f 220/191/3 219/190/3 217/188/3
f 221/192/3 219/190/3 220/191/3
f 222/193/3 221/192/3 220/191/3
f 223/194/3 221/192/3 222/193/3
f 224/195/3 221/192/3 223/194/3
f 225/196/3 221/192/3 224/195/3
f 226/197/3 221/192/3 225/196/3
f 227/198/3 221/192/3 226/197/3
f 228/199/3 227/198/3 226/197/3
f 229/200/3 219/190/3 221/192/3
f 230/201/3 219/190/3 229/200/3
f 231/202/3 229/200/3 221/192/3
f 232/203/3 229/200/3 231/202/3
f 233/204/3 231/202/3 221/192/3
f 234/205/3 233/204/3 221/192/3
f 235/206/3 234/205/3 221/192/3
f 236/207/3 235/206/3 221/192/3
f 237/208/3 236/207/3 221/192/3
f 238/209/3 237/208/3 221/192/3
f 239/210/3 238/209/3 221/192/3
f 240/211/3 239/210/3 221/192/3
f 241/212/3 240/211/3 221/192/3
f 242/213/3 241/212/3 221/192/3
f 243/214/3 242/213/3 221/192/3
f 244/215/3 243/214/3 221/192/3
f 245/216/3 244/215/3 221/192/3
f 246/217/3 243/214/3 244/215/3
f 247/218/3 246/217/3 244/215/3
f 250/219/3 249/220/3 248/221/3
f 251/222/3 248/221/3 249/220/3
f 254/223/3 253/224/3 252/225/3
f 255/226/3 252/225/3 253/224/3
f 255/226/3 253/224/3 256/227/3
f 253/224/3 257/228/3 256/227/3
f 258/229/3 256/227/3 257/228/3
f 256/227/3 258/229/3 259/230/58
f 256/227/3 259/230/58 260/231/59
f 260/231/59 261/232/3 256/227/3
f 260/231/59 262/233/60 261/232/3
f 263/234/3 261/232/3 262/233/60
f 263/234/3 262/233/60 264/235/3
f 260/231/59 259/230/58 265/236/61
f 265/236/61 266/237/62 260/231/59
f 262/233/60 260/231/59 266/237/62
f 267/238/63 265/236/61 259/230/58
f 266/237/62 268/239/64 262/233/60
f 259/230/58 269/240/65 267/238/63
f 269/240/65 259/230/58 258/229/3
f 270/241/66 267/238/63 269/240/65
f 269/240/65 258/229/3 271/242/67
f 269/240/65 271/242/67 270/241/66
f 272/243/68 270/241/66 271/242/67
f 273/244/3 271/242/67 258/229/3
f 272/243/68 271/242/67 274/245/69
f 271/242/67 273/244/3 275/246/70
f 275/246/70 274/245/69 271/242/67
f 276/247/3 275/246/70 273/244/3
f 274/245/69 275/246/70 277/248/71
f 275/246/70 276/247/3 278/249/72
f 278/249/72 277/248/71 275/246/70
f 279/250/3 278/249/72 276/247/3
f 279/250/3 280/251/3 278/249/72
f 278/249/72 281/252/73 277/248/71
f 281/252/73 278/249/72 280/251/3
f 282/253/74 277/248/71 281/252/73
f 280/251/3 283/254/3 281/252/73
f 282/253/74 281/252/73 284/255/75
f 285/256/76 281/252/73 283/254/3
f 285/256/76 284/255/75 281/252/73
f 285/256/76 283/254/3 286/257/77
f 285/256/76 286/257/77 284/255/75
f 287/258/78 284/255/75 286/257/77
f 288/259/3 286/257/77 283/254/3
f 287/258/78 286/257/77 289/260/79
f 290/261/80 289/260/79 286/257/77
f 288/259/3 290/261/80 286/257/77
f 290/261/80 291/262/81 289/260/79
f 292/263/82 289/260/79 291/262/81
f 292/263/82 291/262/81 293/264/83
f 294/265/84 293/264/83 291/262/81
f 293/264/83 294/265/84 268/239/64
f 295/266/85 268/239/64 294/265/84
f 295/266/85 262/233/60 268/239/64
f 295/266/85 264/235/3 262/233/60
f 295/266/85 294/265/84 264/235/3
f 296/267/3 264/235/3 294/265/84
f 296/267/3 294/265/84 297/268/3
f 291/262/81 297/268/3 294/265/84
f 297/268/3 291/262/81 298/269/3
f 290/261/80 298/269/3 291/262/81
f 290/261/80 299/270/3 298/269/3
f 288/259/3 299/270/3 290/261/80
f 300/271/3 298/269/3 299/270/3
f 299/270/3 288/259/3 301/272/3
f 302/273/3 301/272/3 288/259/3
f 305/274/86 304/275/87 303/276/87
f 303/276/87 306/277/87 305/274/86
f 307/278/88 305/274/86 306/277/87
f 307/278/88 308/279/89 305/274/86
f 309/280/89 305/274/86 308/279/89
f 312/281/90 311/282/90 310/283/90
f 313/284/90 310/283/90 311/282/90
f 316/285/91 315/286/91 314/287/91
f 317/288/91 314/287/91 315/286/91
f 320/289/92 319/290/92 318/291/93
f 318/291/93 321/292/94 320/289/92
f 322/293/92 320/289/92 321/292/94
f 318/291/93 323/294/95 321/292/94
f 324/295/95 321/292/94 323/294/95
f 327/296/3 326/297/3 325/298/3
f 328/299/3 325/298/3 326/297/3
f 331/300/96 330/301/96 329/302/96
f 332/303/96 329/302/96 330/301/96
f 335/304/97 334/305/97 333/306/97
f 336/307/97 333/306/97 334/305/97
f 339/308/98 338/309/99 337/310/98
f 340/311/98 337/310/98 338/309/99
f 340/311/98 338/309/99 341/312/98
f 342/313/100 341/312/98 338/309/99
f 342/313/100 338/309/99 343/314/101
f 344/315/101 343/314/101 338/309/99
f 347/316/102 346/317/102 345/318/103
f 348/319/102 345/318/103 346/317/102
f 348/319/102 349/320/102 345/318/103
f 350/321/104 345/318/103 349/320/102
f 345/318/103 350/321/104 351/322/105
f 352/323/105 351/322/105 350/321/104
f 355/324/106 354/325/106 353/326/107
f 356/327/108 353/326/107 354/325/106
f 353/326/107 356/327/108 357/328/109
f 358/329/109 357/328/109 356/327/108
f 357/328/109 358/329/109 359/330/110
f 360/331/110 359/330/110 358/329/109
f 359/330/110 360/331/110 361/332/111
f 362/333/111 361/332/111 360/331/110
f 361/332/111 362/333/111 363/334/112
f 364/335/112 363/334/112 362/333/111
f 364/335/112 365/336/113 363/334/112
f 366/337/113 363/334/112 365/336/113
f 369/338/114 368/339/115 367/340/114
f 370/341/115 367/340/114 368/339/115
f 370/341/115 368/339/115 371/342/116
f 372/343/116 371/342/116 368/339/115
f 375/343/117 374/344/118 373/342/117
f 376/345/118 373/342/117 374/344/118
f 374/344/118 377/346/119 376/345/118
f 378/347/119 376/345/118 377/346/119
f 377/346/119 379/348/120 378/347/119
f 380/349/120 378/347/119 379/348/120
f 380/349/120 379/348/120 381/350/121
f 382/351/121 381/350/121 379/348/120
f 382/351/121 383/352/122 381/350/121
f 384/353/122 381/350/121 383/352/122
f 387/354/123 386/355/123 385/356/124
f 388/357/124 385/356/124 386/355/123
f 388/357/124 389/358/125 385/356/124
f 390/359/125 385/356/124 389/358/125
f 393/360/3 392/361/3 391/362/3
f 391/362/3 392/361/3 394/363/3
f 394/363/3 392/361/3 395/364/3
f 395/364/3 392/361/3 396/5/3
f 396/5/3 392/361/3 397/6/3
f 392/361/3 398/365/3 397/6/3
f 399/366/3 398/365/3 392/361/3
f 400/367/126 399/366/3 392/361/3
f 401/368/3 399/366/3 400/367/126
f 402/369/3 399/366/3 401/368/3
f 403/370/3 401/368/3 400/367/126
f 404/371/127 403/370/3 400/367/126
f 405/372/128 403/370/3 404/371/127
f 400/367/126 406/373/129 404/371/127
f 407/374/129 404/371/127 406/373/129
f 407/374/129 406/373/129 408/375/130
f 409/376/131 408/375/130 406/373/129
f 409/376/131 410/377/132 408/375/130
f 411/378/133 408/375/130 410/377/132
f 410/377/132 412/379/3 411/378/133
f 413/380/3 411/378/133 412/379/3
f 412/379/3 414/381/3 413/380/3
f 415/382/3 413/380/3 414/381/3
f 415/382/3 414/381/3 416/383/3
f 416/383/3 417/384/3 415/382/3
f 418/385/3 416/383/3 414/381/3
f 421/386/134 420/387/134 419/388/135
f 422/389/136 419/388/135 420/387/134
f 419/388/135 422/389/136 423/390/137
f 424/391/137 423/390/137 422/389/136
f 427/392/138 426/393/138 425/394/139
f 428/395/139 425/394/139 426/393/138
f 425/394/139 428/395/139 429/396/9
f 430/397/9 429/396/9 428/395/139
f 430/397/9 431/398/140 429/396/9
f 432/399/140 429/396/9 431/398/140
f 431/398/140 433/400/141 432/399/140
f 434/401/142 432/399/140 433/400/141
f 433/400/141 435/402/143 434/401/142
f 436/403/144 434/401/142 435/402/143
f 435/402/143 437/404/145 436/403/144
f 438/405/146 436/403/144 437/404/145
f 437/404/145 439/406/147 438/405/146
f 440/407/148 438/405/146 439/406/147
f 439/406/147 441/408/149 440/407/148
f 442/409/149 440/407/148 441/408/149
f 442/409/149 441/408/149 443/8/6
f 444/410/6 443/8/6 441/408/149
f 444/410/6 445/9/5 443/8/6
f 448/411/150 447/412/151 446/413/150
f 449/414/151 446/413/150 447/412/151
f 452/411/152 451/413/152 450/415/153
f 453/416/153 450/415/153 451/413/152
f 453/416/153 454/417/153 450/415/153
f 455/418/153 450/415/153 454/417/153
f 454/417/153 456/419/154 455/418/153
f 457/420/154 455/418/153 456/419/154
f 456/419/154 458/421/155 457/420/154
f 459/422/155 457/420/154 458/421/155
f 462/423/156 461/424/157 460/425/156
f 463/426/157 460/425/156 461/424/157
f 463/426/157 461/424/157 464/427/13
f 465/428/13 464/427/13 461/424/157
f 464/427/13 465/428/13 466/429/158
f 467/430/158 466/429/158 465/428/13
f 467/430/158 468/431/159 466/429/158
f 469/432/160 466/429/158 468/431/159
f 472/433/161 471/434/161 470/435/162
f 473/436/163 470/435/162 471/434/161
f 470/435/162 473/436/163 474/437/164
f 475/438/165 474/437/164 473/436/163
f 475/438/165 476/439/166 474/437/164
f 477/440/167 474/437/164 476/439/166
f 476/439/166 478/441/168 477/440/167
f 479/442/168 477/440/167 478/441/168
f 479/442/168 478/441/168 480/443/169
f 481/444/169 480/443/169 478/441/168
f 481/444/169 482/445/170 480/443/169
f 483/446/171 480/443/169 482/445/170
f 486/447/172 485/448/172 484/449/173
f 487/450/174 484/449/173 485/448/172
f 484/449/173 487/450/174 488/451/175
f 489/452/175 488/451/175 487/450/174
f 492/453/14 491/454/14 490/455/14
f 493/456/14 490/455/14 491/454/14
f 494/457/176 490/455/14 493/456/14
f 493/456/14 491/454/14 495/458/14
f 496/459/14 495/458/14 491/454/14
f 496/459/14 497/460/177 495/458/14
f 498/461/178 495/458/14 497/460/177
f 497/460/177 499/462/179 498/461/178
f 500/463/180 498/461/178 499/462/179
f 499/462/179 501/464/181 500/463/180
f 502/465/181 500/463/180 501/464/181
f 501/464/181 503/466/182 502/465/181
f 504/467/183 502/465/181 503/466/182
f 504/467/183 503/466/182 505/468/14
f 505/468/14 503/466/182 506/469/14
f 503/466/182 507/470/14 506/469/14
f 507/470/14 508/471/14 506/469/14
f 506/469/14 508/471/14 509/472/14
f 508/471/14 510/473/14 509/472/14
f 511/474/14 506/469/14 509/472/14
f 512/475/14 511/474/14 509/472/14
f 513/476/184 512/475/14 509/472/14
f 514/477/14 506/469/14 511/474/14
f 515/478/14 506/469/14 514/477/14
f 516/479/14 506/469/14 515/478/14
f 517/480/14 516/479/14 515/478/14
f 518/481/14 517/480/14 515/478/14
f 521/482/185 520/483/186 519/484/187
f 522/485/188 519/484/187 520/483/186
f 519/484/187 522/485/188 523/486/189
f 524/487/190 523/486/189 522/485/188
f 522/485/188 520/483/186 525/488/191
f 522/485/188 525/488/191 524/487/190
f 526/489/192 525/488/191 520/483/186
f 527/490/193 524/487/190 525/488/191
f 530/491/194 529/489/195 528/492/196
f 531/483/186 528/492/196 529/489/195
f 528/492/196 531/483/186 532/493/197
f 533/482/185 532/493/197 531/483/186
f 536/490/198 535/488/199 534/494/200
f 537/495/201 534/494/200 535/488/199
f 535/488/199 538/489/192 537/495/201
f 539/491/202 537/495/201 538/489/192
f 542/486/203 541/487/204 540/496/205
f 543/497/206 540/496/205 541/487/204
f 541/487/204 544/490/193 543/497/206
f 545/494/207 543/497/206 544/490/193
f 548/493/197 547/482/185 546/498/208
f 549/484/187 546/498/208 547/482/185
f 549/484/187 550/486/189 546/498/208
f 551/496/209 546/498/208 550/486/189
f 554/499/210 553/500/211 552/501/212
f 555/502/188 552/501/212 553/500/211
f 552/501/212 555/502/188 556/503/213
f 557/504/214 556/503/213 555/502/188
f 555/502/188 553/500/211 558/505/215
f 555/502/188 558/505/215 557/504/214
f 559/506/216 558/505/215 553/500/211
f 560/507/217 557/504/214 558/505/215
f 563/508/218 562/506/216 561/509/219
f 564/500/220 561/509/219 562/506/216
f 561/509/219 564/500/220 565/510/221
f 566/499/222 565/510/221 564/500/220
f 569/507/223 568/505/224 567/511/225
f 570/512/226 567/511/225 568/505/224
f 568/505/224 571/506/216 570/512/226
f 572/508/227 570/512/226 571/506/216
f 575/511/225 574/513/228 573/507/223
f 576/504/229 573/507/223 574/513/228
f 574/513/228 577/514/230 576/504/229
f 578/503/231 576/504/229 577/514/230
f 577/514/230 579/515/232 578/503/231
f 582/510/221 581/499/222 580/515/232
f 583/501/233 580/515/232 581/499/222
f 583/501/233 584/503/213 580/515/232
f 587/10/234 586/12/234 585/516/235
f 588/517/236 585/516/235 586/12/234
f 586/12/234 589/15/234 588/517/236
f 590/518/237 588/517/236 589/15/234
f 588/517/236 591/519/238 585/516/235
f 588/517/236 590/518/237 591/519/238
f 592/520/238 585/516/235 591/519/238
f 593/21/238 591/519/238 590/518/237
f 596/520/13 595/519/13 594/521/239
f 597/20/240 594/521/239 595/519/13
f 595/519/13 598/21/13 597/20/240
f 594/521/239 597/20/240 599/522/241
f 600/523/242 599/522/241 597/20/240
f 599/522/241 600/523/242 601/524/243
f 597/20/240 602/19/240 600/523/242
f 603/525/242 600/523/242 602/19/240
f 606/526/185 605/527/244 604/528/187
f 607/529/188 604/528/187 605/527/244
f 604/528/187 607/529/188 608/530/203
f 609/531/245 608/530/203 607/529/188
f 607/529/188 605/527/244 610/532/191
f 607/529/188 610/532/191 609/531/245
f 611/533/195 610/532/191 605/527/244
f 612/534/198 609/531/245 610/532/191
f 615/535/202 614/533/192 613/536/196
f 616/527/246 613/536/196 614/533/192
f 613/536/196 616/527/246 617/537/197
f 618/526/185 617/537/197 616/527/246
f 621/534/193 620/532/191 619/538/200
f 622/539/247 619/538/200 620/532/191
f 620/532/191 623/533/195 622/539/247
f 624/535/248 622/539/247 623/533/195
f 627/530/203 626/531/245 625/540/209
f 628/541/249 625/540/209 626/531/245
f 626/531/245 629/534/193 628/541/249
f 630/538/250 628/541/249 629/534/193
f 633/537/251 632/526/185 631/542/208
f 634/528/187 631/542/208 632/526/185
f 634/528/187 635/530/203 631/542/208
f 636/540/252 631/542/208 635/530/203
f 639/543/253 638/544/253 637/545/254
f 640/546/255 637/545/254 638/544/253
f 640/546/255 641/547/256 637/545/254
f 642/548/256 637/545/254 641/547/256
f 642/548/256 641/547/256 643/549/257
f 644/550/258 643/549/257 641/547/256
f 644/550/258 645/551/259 643/549/257
f 646/552/259 643/549/257 645/551/259
f 649/553/260 648/554/260 647/555/261
f 650/556/261 647/555/261 648/554/260
f 647/555/261 650/556/261 651/557/262
f 652/558/262 651/557/262 650/556/261
f 652/558/262 653/559/263 651/557/262
f 654/560/263 651/557/262 653/559/263
f 653/559/263 655/561/52 654/560/263
f 656/562/52 654/560/263 655/561/52
f 659/563/264 658/564/264 657/565/265
f 660/566/265 657/565/265 658/564/264
f 657/565/265 660/566/265 661/567/266
f 662/568/266 661/567/266 660/566/265
f 662/568/266 663/569/267 661/567/266
f 664/570/267 661/567/266 663/569/267
f 663/569/267 665/571/268 664/570/267
f 666/572/268 664/570/267 665/571/268
f 669/573/269 668/574/269 667/575/270
f 670/576/270 667/575/270 668/574/269
f 670/576/270 671/577/271 667/575/270
f 672/578/271 667/575/270 671/577/271
f 672/578/271 671/577/271 673/579/272
f 674/580/272 673/579/272 671/577/271
f 674/580/272 675/581/273 673/579/272
f 676/582/273 673/579/272 675/581/273
f 679/583/14 678/584/14 677/585/14
f 678/584/14 680/586/14 677/585/14
f 680/586/14 681/587/14 677/585/14
f 682/588/14 680/586/14 678/584/14
f 683/589/14 682/588/14 678/584/14
f 684/590/14 682/588/14 683/589/14
f 685/591/14 682/588/14 684/590/14
f 686/592/14 680/586/14 682/588/14
f 687/593/14 680/586/14 686/592/14
f 688/594/14 686/592/14 682/588/14
f 689/595/14 688/594/14 682/588/14
f 690/596/14 686/592/14 688/594/14
f 691/597/14 690/596/14 688/594/14
f 692/598/14 686/592/14 690/596/14
f 695/599/274 694/600/267 693/601/274
f 696/602/267 693/601/274 694/600/267
f 696/602/267 694/600/267 697/603/266
f 698/604/266 697/603/266 694/600/267
f 698/604/266 699/605/265 697/603/266
f 700/606/265 697/603/266 699/605/265
f 699/605/265 701/607/275 700/606/265
f 702/608/275 700/606/265 701/607/275
f 705/609/276 704/610/276 703/611/270
f 706/612/270 703/611/270 704/610/276
f 706/612/270 707/613/271 703/611/270
f 708/614/271 703/611/270 707/613/271
f 707/613/271 709/615/272 708/614/271
f 710/616/272 708/614/271 709/615/272
f 709/615/272 711/617/277 710/616/272
f 712/618/277 710/616/272 711/617/277
f 715/619/278 714/620/279 713/621/278
f 716/622/279 713/621/278 714/620/279
f 716/622/279 714/620/279 717/623/256
f 718/624/256 717/623/256 714/620/279
f 718/624/256 719/625/254 717/623/256
f 720/626/254 717/623/256 719/625/254
f 720/626/254 719/625/254 721/627/280
f 722/628/280 721/627/280 719/625/254
f 725/629/281 724/630/261 723/631/281
f 726/632/261 723/631/281 724/630/261
f 726/632/261 724/630/261 727/633/262
f 728/634/262 727/633/262 724/630/261
f 728/634/262 729/635/282 727/633/262
f 730/636/282 727/633/262 729/635/282
f 733/636/282 732/635/263 731/637/283
f 734/638/283 731/637/283 732/635/263
f 737/639/284 736/640/285 735/641/284
f 738/642/286 735/641/284 736/640/285
f 738/642/286 736/640/285 739/643/287
f 740/644/288 739/643/287 736/640/285
f 739/643/287 740/644/288 741/645/289
f 742/646/290 741/645/289 740/644/288
f 742/646/290 743/647/291 741/645/289
f 744/648/292 741/645/289 743/647/291
f 747/649/3 746/650/3 745/651/3
f 748/652/3 745/651/3 746/650/3
f 751/653/293 750/654/294 749/655/295
f 752/656/296 749/655/295 750/654/294
f 753/657/297 749/655/295 752/656/296
f 754/658/297 753/657/297 752/656/296
f 754/658/297 752/656/296 755/659/295
f 756/660/298 755/659/295 752/656/296
f 750/654/294 757/661/299 752/656/296
f 750/654/294 758/662/262 757/661/299
f 756/660/298 752/656/296 759/663/300
f 759/663/300 760/664/301 756/660/298
f 759/663/300 752/656/296 761/665/302
f 762/666/303 761/665/302 752/656/296
f 761/665/302 762/666/303 763/667/304
f 764/668/304 763/667/304 762/666/303
f 763/667/304 764/668/304 765/669/305
f 766/670/306 765/669/305 764/668/304
f 765/669/305 766/670/306 767/671/307
f 768/672/307 767/671/307 766/670/306
f 771/673/256 770/674/256 769/675/256
f 772/676/256 769/675/256 770/674/256
f 775/677/308 774/678/309 773/679/310
f 773/679/310 776/680/311 775/677/308
f 775/677/308 776/680/311 777/681/312
f 778/682/313 777/681/312 776/680/311
f 779/683/314 778/682/313 776/680/311
f 773/679/310 780/684/315 776/680/311
f 781/685/312 779/683/314 776/680/311
f 782/686/316 776/680/311 780/684/315
f 780/684/315 783/687/317 782/686/316
f 784/688/317 782/686/316 783/687/317
f 784/688/317 783/687/317 785/689/318
f 786/690/318 785/689/318 783/687/317
f 786/690/318 787/691/319 785/689/318
f 788/692/319 785/689/318 787/691/319
f 776/680/311 789/693/320 781/685/312
f 790/694/321 781/685/312 789/693/320
f 776/680/311 791/695/322 789/693/320
f 791/695/322 792/696/271 789/693/320
f 795/697/266 794/698/266 793/699/266
f 796/700/266 793/699/266 794/698/266
f 799/701/256 798/702/256 797/703/256
f 800/704/256 797/703/256 798/702/256
f 803/705/266 802/706/266 801/707/266
f 804/708/266 801/707/266 802/706/266
f 807/709/256 806/710/323 805/711/256
f 808/712/323 805/711/256 806/710/323
f 806/710/323 809/713/324 808/712/323
f 810/714/324 808/712/323 809/713/324
f 813/715/3 812/716/3 811/717/3
f 814/718/3 811/717/3 812/716/3
f 817/719/3 816/720/3 815/721/3
f 815/721/3 818/722/3 817/719/3
f 818/722/3 819/723/3 817/719/3
f 820/724/3 819/723/3 818/722/3
f 821/725/3 819/723/3 820/724/3
f 824/726/325 823/727/326 822/728/325
f 825/729/326 822/728/325 823/727/326
f 828/730/327 827/731/327 826/732/327
f 829/733/327 826/732/327 827/731/327
f 832/734/328 831/735/329 830/736/328
f 833/737/328 830/736/328 831/735/329
f 836/738/3 835/739/3 834/740/3
f 837/741/3 834/740/3 835/739/3
f 840/742/330 839/743/331 838/744/332
f 841/745/331 838/744/332 839/743/331
f 844/746/3 843/747/3 842/748/3
f 845/749/3 842/748/3 843/747/3
f 848/750/333 847/751/333 846/752/334
f 849/753/335 846/752/334 847/751/333
f 846/752/334 849/753/335 850/754/336
f 851/755/337 850/754/336 849/753/335
f 851/755/337 852/756/338 850/754/336
f 853/757/339 850/754/336 852/756/338
f 852/756/338 854/758/340 853/757/339
f 855/759/340 853/757/339 854/758/340
f 858/760/14 857/761/341 856/762/14
f 859/763/342 856/762/14 857/761/341
f 862/764/256 861/765/256 860/766/256
f 863/767/256 860/766/256 861/765/256
f 866/768/309 865/769/343 864/770/344
f 867/771/345 864/770/344 865/769/343
f 864/770/344 867/771/345 868/772/346
f 867/771/345 865/769/343 869/773/313
f 870/774/312 869/773/313 865/769/343
f 869/773/313 871/775/312 867/771/345
f 871/775/312 872/776/312 867/771/345
f 873/777/316 868/772/346 867/771/345
f 873/777/316 874/778/347 868/772/346
f 875/779/317 868/772/346 874/778/347
f 874/778/347 876/780/318 875/779/317
f 877/781/318 875/779/317 876/780/318
f 877/781/318 876/780/318 878/782/319
f 879/783/319 878/782/319 876/780/318
f 867/771/345 872/776/312 880/784/348
f 881/785/313 880/784/348 872/776/312
f 882/786/349 867/771/345 880/784/348
f 883/787/271 882/786/349 880/784/348
f 886/788/266 885/789/266 884/790/266
f 887/791/266 884/790/266 885/789/266
f 890/792/301 889/793/350 888/794/351
f 891/795/352 888/794/351 889/793/350
f 891/795/352 889/793/350 892/796/353
f 893/797/354 892/796/353 889/793/350
f 892/796/353 893/797/354 894/798/304
f 895/799/304 894/798/304 893/797/354
f 895/799/304 896/800/305 894/798/304
f 897/801/306 894/798/304 896/800/305
f 896/800/305 898/802/307 897/801/306
f 899/803/355 897/801/306 898/802/307
f 891/795/352 900/804/297 888/794/351
f 901/805/295 888/794/351 900/804/297
f 902/806/297 900/804/297 891/795/352
f 903/807/295 902/806/297 891/795/352
f 903/807/295 891/795/352 904/808/356
f 905/809/357 904/808/356 891/795/352
f 906/810/358 905/809/357 891/795/352
f 907/811/262 905/809/357 906/810/358
f 910/812/256 909/813/256 908/814/256
f 911/815/256 908/814/256 909/813/256
f 914/816/266 913/817/266 912/818/266
f 915/819/266 912/818/266 913/817/266
f 918/820/256 917/821/256 916/822/323
f 919/823/323 916/822/323 917/821/256
f 916/822/323 919/823/323 920/824/359
f 921/825/324 920/824/359 919/823/323
f 924/826/14 923/827/14 922/828/14
f 925/829/14 922/828/14 923/827/14
f 928/830/14 927/831/14 926/832/360
f 927/831/14 929/833/14 926/832/360
f 929/833/14 930/834/14 926/832/360
f 930/834/14 931/835/361 926/832/360
f 929/833/14 932/836/14 930/834/14
f 935/837/362 934/838/363 933/839/363
f 936/840/363 933/839/363 934/838/363
f 939/761/341 938/841/364 937/763/342
f 940/842/364 937/763/342 938/841/364
f 943/843/365 942/832/360 941/844/366
f 944/835/367 941/844/366 942/832/360
f 947/845/14 946/846/14 945/847/14
f 948/848/14 945/847/14 946/846/14
f 951/849/368 950/850/369 949/851/370
f 952/852/369 949/851/370 950/850/369
f 955/853/14 954/854/14 953/855/14
f 956/856/14 953/855/14 954/854/14
f 959/857/371 958/858/372 957/859/373
f 958/858/372 959/857/371 960/860/374
f 958/858/372 960/860/374 961/861/375
f 962/862/376 961/861/375 960/860/374
f 962/862/376 960/860/374 963/863/377
f 964/864/378 960/860/374 959/857/371
f 964/864/378 963/863/377 960/860/374
f 964/864/378 959/857/371 965/865/379
f 964/864/378 965/865/379 963/863/377
f 966/866/380 965/865/379 959/857/371
f 967/867/381 963/863/377 965/865/379
f 970/857/371 969/859/382 968/866/380
f 971/868/383 968/866/380 969/859/382
f 969/859/382 972/869/384 971/868/383
f 973/870/385 971/868/383 972/869/384
f 971/868/383 973/870/385 968/866/380
f 974/871/386 968/866/380 973/870/385
f 974/871/386 975/867/387 968/866/380
f 976/865/388 968/866/380 975/867/387
f 979/869/389 978/859/382 977/872/390
f 980/873/391 977/872/390 978/859/382
f 980/873/391 978/859/382 981/858/392
f 977/872/390 980/873/391 982/861/375
f 981/858/392 982/861/375 980/873/391
f 985/874/3 984/875/3 983/876/3
f 986/877/3 983/876/3 984/875/3
f 989/878/393 988/879/393 987/880/394
f 990/881/394 987/880/394 988/879/393
f 993/882/395 992/883/395 991/884/395
f 994/885/395 991/884/395 992/883/395
f 997/886/396 996/887/397 995/888/396
f 998/889/397 995/888/396 996/887/397
f 1001/890/3 1000/891/3 999/892/3
f 1002/893/3 999/892/3 1000/891/3
f 1005/894/398 1004/895/398 1003/896/399
f 1006/897/399 1003/896/399 1004/895/398
f 1009/898/395 1008/899/395 1007/900/395
f 1010/901/395 1007/900/395 1008/899/395
f 1013/902/400 1012/903/400 1011/904/400
f 1014/905/400 1011/904/400 1012/903/400
f 1017/906/401 1016/907/402 1015/908/403
f 1018/909/404 1015/908/403 1016/907/402
f 1018/909/404 1016/907/402 1019/910/405
f 1018/909/404 1019/910/405 1015/908/403
f 1020/911/406 1019/910/405 1016/907/402
f 1021/912/407 1015/908/403 1019/910/405
f 1024/906/401 1023/908/408 1022/913/409
f 1025/914/410 1022/913/409 1023/908/408
f 1025/914/410 1023/908/408 1026/915/411
f 1025/914/410 1026/915/411 1022/913/409
f 1027/912/407 1026/915/411 1023/908/408
f 1028/916/412 1022/913/409 1026/915/411
f 1031/906/413 1030/913/414 1029/917/415
f 1032/918/416 1029/917/415 1030/913/414
f 1029/917/415 1032/918/416 1033/919/417
f 1034/920/418 1033/919/417 1032/918/416
f 1032/918/416 1030/913/414 1034/920/418
f 1035/916/419 1034/920/418 1030/913/414
f 1038/919/420 1037/921/421 1036/917/422
f 1039/922/423 1036/917/422 1037/921/421
f 1037/921/421 1040/911/406 1039/922/423
f 1036/917/422 1039/922/423 1041/906/424
f 1042/907/425 1039/922/423 1040/911/406
f 1042/907/425 1041/906/424 1039/922/423
f 1045/923/426 1044/924/427 1043/925/428
f 1046/926/429 1043/925/428 1044/924/427
f 1046/926/429 1047/927/430 1043/925/428
f 1048/928/431 1043/925/428 1047/927/430
f 1043/925/428 1048/928/431 1049/929/432
f 1050/930/433 1049/929/432 1048/928/431
f 1053/925/428 1052/929/432 1051/923/434
f 1054/931/435 1051/923/434 1052/929/432
f 1057/932/436 1056/933/437 1055/934/438
f 1058/935/439 1055/934/438 1056/933/437
f 1056/933/437 1059/936/440 1058/935/439
f 1060/937/441 1058/935/439 1059/936/440
f 1063/938/442 1062/939/443 1061/940/444
f 1064/941/445 1061/940/444 1062/939/443
f 1067/938/442 1066/940/446 1065/942/447
f 1068/943/448 1065/942/447 1066/940/446
f 1071/944/449 1070/945/450 1069/946/451
f 1072/947/452 1069/946/451 1070/945/450
f 1075/944/449 1074/946/451 1073/948/453
f 1076/949/454 1073/948/453 1074/946/451
f 1079/950/455 1078/951/456 1077/952/457
f 1080/953/458 1077/952/457 1078/951/456
f 1077/952/457 1080/953/458 1081/954/459
f 1082/955/460 1081/954/459 1080/953/458
f 1085/956/14 1084/957/14 1083/958/14
f 1086/959/14 1083/958/14 1084/957/14
f 1089/960/461 1088/961/461 1087/962/461
f 1090/963/461 1087/962/461 1088/961/461
f 1093/960/462 1092/964/462 1091/961/462
f 1094/965/462 1091/961/462 1092/964/462
f 1097/964/463 1096/966/463 1095/965/463
f 1098/967/463 1095/965/463 1096/966/463
f 1101/968/14 1100/969/14 1099/970/14
f 1102/971/14 1099/970/14 1100/969/14
f 1105/972/464 1104/973/464 1103/974/464
f 1106/975/464 1103/974/464 1104/973/464
f 1109/976/462 1108/977/462 1107/978/462
f 1110/979/462 1107/978/462 1108/977/462
f 1113/980/465 1112/981/465 1111/982/465
f 1114/983/465 1111/982/465 1112/981/465
f 1117/984/466 1116/985/467 1115/986/468
f 1118/987/469 1115/986/468 1116/985/467
f 1121/988/470 1120/984/471 1119/989/472
f 1122/986/14 1119/989/472 1120/984/471
f 1125/990/473 1124/991/474 1123/986/14
f 1126/989/475 1123/986/14 1124/991/474
f 1129/986/476 1128/987/431 1127/990/477
f 1130/992/478 1127/990/477 1128/987/431
f 1133/993/479 1132/994/438 1131/995/480
f 1134/996/481 1131/995/480 1132/994/438
f 1137/997/482 1136/993/483 1135/998/440
f 1138/995/484 1135/998/440 1136/993/483
f 1141/999/485 1140/1000/486 1139/1001/487
f 1142/1002/488 1139/1001/487 1140/1000/486
f 1145/1003/489 1144/999/485 1143/1004/490
f 1146/1001/491 1143/1004/490 1144/999/485
f 1149/1005/492 1148/1006/493 1147/1007/494
f 1150/1008/495 1147/1007/494 1148/1006/493
f 1153/1009/496 1152/1008/497 1151/1010/498
f 1154/1006/499 1151/1010/498 1152/1008/497
f 1157/1011/500 1156/1012/501 1155/1013/502
f 1158/1014/503 1155/1013/502 1156/1012/501
f 1161/1011/504 1160/1013/505 1159/1015/459
f 1162/1016/506 1159/1015/459 1160/1013/505
f 1165/1017/507 1164/1018/507 1163/525/241
f 1166/523/241 1163/525/241 1164/1018/507
f 1165/1017/507 1167/16/508 1164/1018/507
f 1164/1018/507 1168/524/243 1166/523/241
f 1169/17/508 1164/1018/507 1167/16/508
f 1168/524/243 1164/1018/507 1170/18/508
f 1169/17/508 1170/18/508 1164/1018/507
f 1173/1019/14 1172/1020/14 1171/1021/14
f 1173/1019/14 1171/1021/14 1174/1022/14
f 1175/1023/14 1171/1021/14 1172/1020/14
f 1176/1024/14 1174/1022/14 1171/1021/14
f 1172/1020/14 1177/1025/14 1175/1023/14
f 1176/1024/14 1178/1026/14 1174/1022/14
f 1179/1027/14 1175/1023/14 1177/1025/14
f 1180/1028/14 1174/1022/14 1178/1026/14
f 1178/1026/14 1181/1029/14 1180/1028/14
f 1182/1030/14 1180/1028/14 1181/1029/14
f 1181/1029/14 1183/1031/14 1182/1030/14
f 1184/1032/14 1182/1030/14 1183/1031/14
f 1183/1031/14 1185/1033/14 1184/1032/14
f 1186/1034/14 1184/1032/14 1185/1033/14
f 1185/1033/14 1187/1035/14 1186/1034/14
f 1188/1036/14 1186/1034/14 1187/1035/14
f 1177/1025/14 1189/1037/14 1179/1027/14
f 1190/1038/14 1179/1027/14 1189/1037/14
f 1190/1038/14 1189/1037/14 1191/1039/14
f 1192/1040/14 1191/1039/14 1189/1037/14
f 1191/1039/14 1192/1040/14 1193/1041/14
f 1194/1042/14 1193/1041/14 1192/1040/14
f 1193/1041/14 1194/1042/14 1195/1043/14
f 1196/1044/14 1195/1043/14 1194/1042/14
f 1195/1043/14 1196/1044/14 1197/1045/14
f 1198/1046/14 1197/1045/14 1196/1044/14
f 1197/1045/14 1198/1046/14 1199/1047/14
f 1200/1048/14 1199/1047/14 1198/1046/14
f 1199/1047/14 1200/1048/14 1201/1049/14
f 1187/1035/14 1201/1049/14 1188/1036/14
f 1202/1050/14 1201/1049/14 1200/1048/14
f 1202/1050/14 1188/1036/14 1201/1049/14
f 1205/1051/14 1204/1052/14 1203/1053/14
f 1205/1051/14 1203/1053/14 1206/1054/14
f 1207/1055/14 1203/1053/14 1204/1052/14
f 1208/1056/14 1206/1054/14 1203/1053/14
f 1207/1055/14 1204/1052/14 1209/1057/14
f 1210/1058/14 1209/1057/14 1204/1052/14
f 1210/1058/14 1211/1059/14 1209/1057/14
f 1212/1060/14 1209/1057/14 1211/1059/14
f 1208/1056/14 1213/1061/14 1206/1054/14
f 1214/1062/14 1206/1054/14 1213/1061/14
f 1211/1059/14 1215/1063/14 1212/1060/14
f 1216/1064/14 1212/1060/14 1215/1063/14
f 1216/1064/14 1215/1063/14 1217/1065/14
f 1218/1066/14 1217/1065/14 1215/1063/14
f 1214/1062/14 1213/1061/14 1219/1067/14
f 1220/1068/14 1219/1067/14 1213/1061/14
f 1220/1068/14 1221/1069/14 1219/1067/14
f 1222/1070/14 1219/1067/14 1221/1069/14
f 1221/1069/14 1223/1071/14 1222/1070/14
f 1224/1072/14 1222/1070/14 1223/1071/14
f 1217/1065/14 1218/1066/14 1225/1073/14
f 1226/1074/14 1225/1073/14 1218/1066/14
f 1226/1074/14 1227/1075/14 1225/1073/14
f 1228/1076/14 1225/1073/14 1227/1075/14
f 1227/1075/14 1229/1077/14 1228/1076/14
f 1230/1078/14 1228/1076/14 1229/1077/14
f 1229/1077/14 1231/1079/14 1230/1078/14
f 1232/1080/14 1230/1078/14 1231/1079/14
f 1223/1071/14 1233/1081/14 1224/1072/14
f 1234/1082/14 1224/1072/14 1233/1081/14
f 1234/1082/14 1233/1081/14 1235/1083/14
f 1236/1084/14 1235/1083/14 1233/1081/14
f 1231/1079/14 1237/1085/14 1232/1080/14
f 1238/1086/14 1232/1080/14 1237/1085/14
f 1238/1086/14 1237/1085/14 1239/1087/14
f 1240/1088/14 1239/1087/14 1237/1085/14
f 1235/1083/14 1236/1084/14 1241/1089/14
f 1242/1090/14 1241/1089/14 1236/1084/14
f 1242/1090/14 1243/1091/14 1241/1089/14
f 1244/1092/14 1241/1089/14 1243/1091/14
f 1239/1087/14 1240/1088/14 1245/1093/14
f 1246/1094/14 1245/1093/14 1240/1088/14
f 1246/1094/14 1247/1095/14 1245/1093/14
f 1248/1096/14 1245/1093/14 1247/1095/14
f 1243/1091/14 1249/1097/14 1244/1092/14
f 1250/1098/14 1244/1092/14 1249/1097/14
f 1250/1098/14 1249/1097/14 1251/1099/14
f 1252/1100/14 1251/1099/14 1249/1097/14
f 1247/1095/14 1253/1101/14 1248/1096/14
f 1254/1102/14 1248/1096/14 1253/1101/14
f 1251/1099/14 1252/1100/14 1255/1103/14
f 1256/1104/14 1255/1103/14 1252/1100/14
f 1256/1104/14 1257/1105/14 1255/1103/14
f 1258/1106/14 1255/1103/14 1257/1105/14
f 1257/1105/14 1259/1107/14 1258/1106/14
f 1260/1108/14 1258/1106/14 1259/1107/14
f 1259/1107/14 1261/1109/14 1260/1108/14
f 1262/1110/14 1260/1108/14 1261/1109/14
f 1261/1109/14 1263/1111/14 1262/1110/14
f 1264/1112/14 1262/1110/14 1263/1111/14
f 1254/1102/14 1253/1101/14 1265/1113/14
f 1263/1111/14 1265/1113/14 1264/1112/14
f 1266/1114/14 1265/1113/14 1253/1101/14
f 1266/1114/14 1264/1112/14 1265/1113/14
o Thompson_1921AC_Cinematic
v 0.015795 0.076038 0.085282
v 0.010760 0.070087 0.090693
v 0.006659 0.076038 0.090693
v -0.015669 0.062783 0.145988
v -0.019086 0.065266 0.142193
v -0.013827 0.065928 0.145507
v -0.011300 0.070312 0.145035
v -0.011356 0.076038 0.143123
v -0.011518 0.076038 0.144877
v -0.011356 0.076038 0.143123
v -0.011300 0.070312 0.145035
v -0.011012 0.070512 0.142344
v -0.012714 0.070836 0.145988
v -0.011518 0.076038 0.144877
v -0.011896 0.076038 0.145988
v -0.011635 0.065928 0.144229
v -0.011012 0.070512 0.142344
v -0.011300 0.070312 0.145035
v -0.011012 0.070512 0.142344
v -0.011635 0.065928 0.144229
v -0.011743 0.066210 0.141647
v 0.003730 0.094194 -0.018810
v 0.001988 0.094882 -0.016066
v 0.003224 0.094194 -0.018304
v -0.005295 0.094882 -0.016066
v -0.007037 0.094194 -0.018810
v -0.006531 0.094194 -0.018304
v -0.018358 0.030335 0.045676
v -0.017029 0.029080 0.046738
v -0.017029 0.030335 0.045676
v 0.014722 0.020627 0.021795
v 0.014722 0.023481 0.018942
v 0.014105 0.021367 0.019682
v 0.014722 0.026265 -0.022279
v 0.014722 0.029119 -0.025133
v 0.014105 0.027005 -0.024393
v 0.011048 -0.055233 -0.058065
v 0.005740 -0.066963 -0.057591
v 0.011048 -0.067209 -0.054322
v 0.011048 -0.075447 -0.048364
v 0.005740 -0.075191 -0.051631
v -0.001819 -0.067209 -0.059507
v 0.006016 -0.084576 -0.039188
v 0.011508 -0.082535 -0.038602
v 0.011048 -0.086702 -0.024554
v -0.001819 -0.075447 -0.053549
v -0.001819 -0.087656 -0.037126
v -0.009379 -0.075191 -0.051631
v -0.009379 -0.066963 -0.057591
v 0.005586 -0.089520 -0.024677
v -0.014686 -0.067209 -0.054322
v -0.014686 -0.055233 -0.058065
v -0.014686 -0.075447 -0.048364
v -0.009655 -0.084576 -0.039188
v -0.015147 -0.082535 -0.038602
v 0.005631 -0.088434 -0.018723
v 0.011048 -0.086147 -0.022128
v -0.001819 -0.090451 -0.024745
v -0.001819 -0.089538 -0.016462
v -0.009269 -0.088434 -0.018723
v -0.009225 -0.089520 -0.024677
v -0.014686 -0.086702 -0.024554
v -0.014686 -0.086147 -0.022128
v 0.011441 -0.083449 -0.023366
v 0.011048 -0.086702 -0.024554
v 0.011048 -0.086147 -0.022128
v 0.011508 -0.082535 -0.038602
v 0.011048 -0.075447 -0.048364
v 0.011048 -0.080640 -0.025519
v 0.011048 -0.067209 -0.054322
v 0.011048 -0.073678 -0.024614
v 0.011048 -0.055233 -0.058065
v 0.011048 -0.065154 -0.019375
v 0.011048 -0.046063 -0.055149
v 0.011048 -0.059426 -0.008850
v 0.011048 -0.046854 -0.010895
v 0.011048 -0.040132 -0.051913
v 0.011048 -0.040187 -0.010784
v 0.011048 -0.034714 -0.047752
v 0.011048 -0.023713 -0.038325
v 0.011048 -0.029309 0.001161
v 0.011048 -0.021057 0.019390
v 0.011048 -0.016733 -0.029908
v 0.011048 -0.019196 0.029555
v 0.011048 -0.012121 -0.024815
v 0.011048 -0.001557 -0.023470
v 0.011048 -0.001667 0.027804
v 0.011048 0.009052 -0.027238
v 0.011048 0.009148 0.026208
v 0.011048 0.015584 -0.029291
v 0.011048 0.012983 0.016435
v 0.011048 0.015611 0.011933
v -0.009379 -0.019334 0.030611
v -0.014686 -0.021057 0.019390
v -0.014686 -0.019196 0.029555
v -0.009379 -0.021150 0.020451
v -0.001819 -0.021057 0.019390
v -0.001819 -0.019196 0.029555
v 0.005740 -0.019334 0.030611
v -0.009379 -0.029667 0.004094
v -0.014686 -0.029309 0.001161
v 0.005740 -0.021150 0.020451
v 0.011048 -0.019196 0.029555
v 0.011048 -0.021057 0.019390
v 0.011048 -0.029309 0.001161
v 0.005740 -0.029667 0.004094
v -0.009379 -0.041124 -0.006442
v -0.014686 -0.040187 -0.010784
v -0.001819 -0.029793 0.005553
v -0.001819 -0.042011 -0.003282
v 0.005740 -0.041124 -0.006442
v 0.011048 -0.040187 -0.010784
v 0.011048 -0.046854 -0.010895
v -0.009379 -0.047739 -0.006868
v -0.014686 -0.046854 -0.010895
v -0.009379 -0.060275 -0.004732
v -0.014686 -0.059426 -0.008850
v -0.014686 -0.065154 -0.019375
v -0.001819 -0.048517 -0.004071
v 0.005740 -0.047739 -0.006868
v 0.011048 -0.059426 -0.008850
v -0.001819 -0.060652 -0.001747
v -0.009379 -0.066709 -0.015699
v -0.014686 -0.073678 -0.024614
v -0.009379 -0.074218 -0.019611
v -0.001819 -0.068189 -0.013324
v 0.005740 -0.060275 -0.004732
v 0.005740 -0.066709 -0.015699
v 0.011048 -0.065154 -0.019375
v 0.005740 -0.074218 -0.019611
v 0.011048 -0.073678 -0.024614
v -0.001819 -0.074305 -0.015623
v -0.009379 -0.081030 -0.020372
v 0.005740 -0.081030 -0.020372
v 0.011048 -0.080640 -0.025519
v 0.005965 -0.084619 -0.018563
v 0.011441 -0.083449 -0.023366
v 0.011048 -0.086147 -0.022128
v 0.005631 -0.088434 -0.018723
v -0.001819 -0.089538 -0.016462
v -0.001819 -0.080864 -0.016209
v -0.001819 -0.086091 -0.014965
v -0.009269 -0.088434 -0.018723
v -0.009604 -0.084619 -0.018563
v -0.015079 -0.083449 -0.023366
v -0.009379 -0.074218 -0.019611
v -0.014686 -0.080640 -0.025519
v -0.014686 -0.073678 -0.024614
v -0.009379 -0.081030 -0.020372
v -0.015079 -0.083449 -0.023366
v -0.009604 -0.084619 -0.018563
v -0.014686 -0.086147 -0.022128
v -0.009269 -0.088434 -0.018723
v -0.014686 -0.086702 -0.024554
v -0.015079 -0.083449 -0.023366
v -0.014686 -0.086147 -0.022128
v -0.015147 -0.082535 -0.038602
v -0.014686 -0.075447 -0.048364
v -0.014686 -0.080640 -0.025519
v -0.014686 -0.067209 -0.054322
v -0.014686 -0.073678 -0.024614
v -0.014686 -0.065154 -0.019375
v -0.014686 -0.055233 -0.058065
v -0.014686 -0.059426 -0.008850
v -0.014686 -0.046063 -0.055149
v -0.014686 -0.040132 -0.051913
v -0.014686 -0.046854 -0.010895
v -0.014686 -0.034714 -0.047752
v -0.014686 -0.040187 -0.010784
v -0.014686 -0.023713 -0.038325
v -0.014686 -0.029309 0.001161
v -0.014686 -0.016733 -0.029908
v -0.014686 -0.021057 0.019390
v -0.014686 -0.019196 0.029555
v -0.014686 -0.012121 -0.024815
v -0.014686 -0.001557 -0.023470
v -0.014686 -0.001667 0.027804
v -0.014686 0.009052 -0.027238
v -0.014686 0.009148 0.026208
v -0.014686 0.012983 0.016435
v -0.014686 0.015584 -0.029291
v -0.014686 0.015611 0.011933
v 0.015795 0.048417 0.139122
v 0.015795 0.058100 0.135317
v 0.015795 0.048417 0.135317
v 0.015795 0.062783 0.140065
v 0.015795 0.048417 0.141375
v 0.015795 0.044761 0.140456
v 0.015795 0.044761 0.141375
v 0.015795 0.041543 0.139122
v 0.015795 0.040135 0.141375
v 0.015795 0.040135 0.136865
v 0.015795 0.041543 0.136865
v 0.013051 0.040355 0.145970
v 0.012773 0.044896 0.145948
v 0.011106 0.040382 0.181520
v 0.009742 0.062668 0.181411
v 0.011687 0.062641 0.145862
v 0.015795 0.062876 0.141778
v 0.011223 0.070085 0.145987
v 0.009287 0.070034 0.181466
v 0.008915 0.076035 0.181512
v 0.010844 0.076150 0.146088
v 0.011187 0.076038 0.142531
v 0.013256 0.070087 0.142193
v 0.011187 0.076038 0.140978
v 0.013256 0.070087 0.140568
v 0.015795 0.062783 0.135807
v 0.010760 0.070087 0.136530
v 0.006659 0.076038 0.137119
v 0.006659 0.076038 0.092941
v 0.015795 0.062783 0.092878
v 0.015795 0.058100 0.092854
v 0.015795 0.058100 0.090693
v 0.010760 0.070087 0.092913
v 0.010760 0.070087 0.090693
v 0.006659 0.076038 0.090693
v 0.015795 0.062783 0.090693
v 0.015795 0.070087 0.085282
v 0.015795 0.076038 0.085282
v 0.015795 0.076038 0.048770
v 0.015795 0.062783 0.085282
v 0.015795 0.058100 0.085282
v 0.015795 0.046000 0.048770
v 0.015795 0.076038 -0.026055
v 0.015795 0.048494 0.087680
v 0.015795 0.048494 0.090693
v 0.015795 0.046000 -0.033849
v 0.015795 0.076038 -0.033849
v 0.015795 0.076038 -0.040851
v 0.015795 0.046000 -0.154844
v 0.015795 0.076038 -0.154844
v 0.015795 0.076038 -0.154844
v 0.007427 0.046000 -0.156409
v 0.015795 0.046000 -0.154844
v 0.007427 0.076038 -0.156409
v 0.007427 0.076038 -0.156409
v 0.005511 0.046000 -0.161079
v 0.007427 0.046000 -0.156409
v 0.005511 0.076038 -0.161079
v 0.002063 0.046000 -0.163950
v 0.002063 0.076038 -0.163950
v -0.001651 0.046000 -0.164648
v -0.001651 0.076038 -0.164648
v -0.005365 0.076038 -0.163950
v -0.005365 0.046000 -0.163950
v 0.005511 0.076038 -0.161079
v -0.001651 0.076038 -0.164648
v 0.002063 0.076038 -0.163950
v -0.008812 0.076038 -0.161079
v -0.005365 0.076038 -0.163950
v 0.007427 0.076038 -0.156409
v -0.010729 0.076038 -0.156409
v -0.001651 0.076038 -0.041690
v 0.001019 0.076038 -0.040881
v 0.015795 0.076038 -0.154844
v -0.004327 0.076038 -0.040881
v -0.019086 0.076038 -0.154844
v 0.015795 0.076038 -0.040851
v 0.003285 0.076038 -0.039368
v 0.004799 0.076038 -0.037101
v -0.019086 0.076038 -0.040851
v -0.006593 0.076038 -0.039368
v -0.008107 0.076038 -0.037101
v 0.015795 0.076038 -0.033849
v 0.005331 0.076038 -0.034429
v 0.004799 0.076038 -0.031756
v -0.019086 0.076038 -0.033849
v -0.008638 0.076038 -0.034429
v -0.008107 0.076038 -0.031756
v 0.015795 0.076038 -0.026055
v -0.019086 0.076038 -0.026055
v 0.003285 0.076038 -0.029490
v 0.001019 0.076038 -0.027976
v 0.001018 0.076038 0.048503
v 0.015795 0.076038 0.048770
v -0.006593 0.076038 -0.029490
v -0.004327 0.076038 -0.027976
v 0.001010 0.076038 0.085248
v 0.015795 0.076038 0.085282
v 0.006659 0.076038 0.090693
v 0.000955 0.076038 0.090693
v 0.006659 0.076038 0.092941
v 0.000476 0.076038 0.092271
v -0.004326 0.076038 0.048503
v 0.006659 0.076038 0.137119
v -0.019086 0.076038 0.048770
v -0.001651 0.076038 0.092941
v -0.015758 0.076038 0.080844
v -0.019086 0.076038 0.079864
v -0.012585 0.076038 0.085262
v -0.004347 0.076038 0.085248
v -0.011790 0.076038 0.090693
v -0.004292 0.076038 0.090693
v -0.011790 0.076038 0.092941
v -0.003642 0.076038 0.092326
v -0.012306 0.076038 0.137123
v -0.011863 0.076038 0.141152
v 0.011187 0.076038 0.140978
v -0.011356 0.076038 0.143123
v 0.011187 0.076038 0.142531
v 0.010844 0.076150 0.146088
v -0.011518 0.076038 0.144877
v 0.008915 0.076035 0.181512
v -0.011066 0.076038 0.181514
v -0.011896 0.076038 0.145988
v 0.015795 0.046000 -0.154844
v 0.007427 0.046000 -0.156409
v 0.015795 0.046000 -0.033849
v -0.010729 0.046000 -0.156409
v 0.005511 0.046000 -0.161079
v -0.019086 0.046000 -0.033849
v -0.019086 0.046000 -0.154844
v -0.019086 0.046000 0.048770
v 0.015795 0.046000 0.048770
v -0.008812 0.046000 -0.161079
v -0.001651 0.046000 -0.164648
v 0.002063 0.046000 -0.163950
v -0.005365 0.046000 -0.163950
v 0.015795 0.042024 0.087225
v 0.015795 0.039087 0.090693
v 0.015795 0.041662 0.090693
v 0.015795 0.039087 0.086508
v 0.015795 0.046000 0.048770
v 0.015795 0.039087 0.048770
v 0.015795 0.044862 0.085924
v 0.015795 0.048494 0.087680
v -0.019086 0.048494 0.087680
v -0.019086 0.058100 0.090693
v -0.019086 0.048494 0.090693
v -0.019086 0.058100 0.085282
v -0.019086 0.046000 0.048770
v -0.019086 0.044862 0.085924
v -0.019086 0.042024 0.087225
v -0.019086 0.065266 0.085282
v -0.019086 0.065266 0.090693
v -0.019086 0.065266 0.092913
v -0.019086 0.058100 0.092854
v -0.019086 0.058100 0.135317
v -0.019086 0.068719 0.081227
v -0.019086 0.065266 0.136530
v -0.019086 0.076038 0.048770
v -0.019086 0.076038 0.079864
v -0.019086 0.076038 -0.026055
v -0.019086 0.058100 0.139637
v -0.019086 0.065266 0.140568
v -0.019086 0.046000 -0.033849
v -0.019086 0.076038 -0.033849
v -0.019086 0.076038 -0.040851
v -0.019086 0.046000 -0.154844
v -0.019086 0.076038 -0.154844
v -0.019086 0.048417 0.139122
v -0.019086 0.048417 0.135317
v -0.019086 0.062783 0.141778
v -0.019086 0.065266 0.142193
v -0.015669 0.062783 0.145988
v -0.019086 0.048417 0.141375
v -0.019086 0.044761 0.140456
v -0.019086 0.058100 0.141375
v -0.015669 0.058100 0.145988
v -0.014628 0.062783 0.181514
v -0.013827 0.065928 0.145507
v -0.015669 0.048553 0.145988
v -0.012665 0.070087 0.181514
v -0.012714 0.070836 0.145988
v -0.011896 0.076038 0.145988
v -0.011066 0.076038 0.181514
v -0.014628 0.040375 0.181514
v -0.015669 0.044941 0.145988
v -0.015669 0.040375 0.145988
v -0.019086 0.044761 0.141375
v -0.019086 0.040135 0.141375
v -0.019086 0.041543 0.139122
v -0.019086 0.040135 0.136865
v -0.019086 0.041543 0.136865
v -0.010729 0.046000 -0.156409
v -0.019086 0.076038 -0.154844
v -0.019086 0.046000 -0.154844
v -0.010729 0.076038 -0.156409
v -0.008812 0.046000 -0.161079
v -0.008812 0.076038 -0.161079
v -0.005365 0.046000 -0.163950
v -0.005365 0.076038 -0.163950
v -0.019086 0.058100 0.090693
v 0.015795 0.058100 0.092854
v 0.015795 0.058100 0.090693
v -0.019086 0.058100 0.092854
v -0.019086 0.058100 0.135317
v 0.015795 0.058100 0.135317
v -0.019086 0.058100 0.135317
v 0.015795 0.048417 0.135317
v 0.015795 0.058100 0.135317
v -0.019086 0.048417 0.135317
v -0.019086 0.040135 0.136865
v 0.015795 0.040135 0.141375
v 0.015795 0.040135 0.136865
v -0.019086 0.040135 0.141375
v -0.015669 0.040375 0.145988
v 0.013051 0.040355 0.145970
v 0.011106 0.040382 0.181520
v -0.014628 0.040375 0.181514
v -0.019086 0.039087 0.090693
v 0.015795 0.041662 0.090693
v 0.015795 0.039087 0.090693
v -0.019086 0.041662 0.090693
v -0.019086 0.046000 0.048770
v 0.015795 0.039087 0.048770
v 0.015795 0.046000 0.048770
v -0.019086 0.039087 0.048770
v -0.019086 0.039087 0.048770
v 0.015795 0.039087 0.086508
v 0.015795 0.039087 0.048770
v -0.019086 0.039087 0.086508
v 0.015795 0.039087 0.090693
v -0.019086 0.039087 0.090693
v -0.019086 0.048494 0.090693
v 0.015795 0.058100 0.090693
v 0.015795 0.048494 0.090693
v -0.019086 0.058100 0.090693
v -0.019086 0.039087 0.090693
v -0.019086 0.041662 0.090693
v -0.019086 0.039087 0.086508
v -0.019086 0.039087 0.048770
v -0.019086 0.041543 0.136865
v 0.015795 0.040135 0.136865
v 0.015795 0.041543 0.136865
v -0.019086 0.040135 0.136865
v -0.019086 0.048494 0.087680
v 0.015795 0.048494 0.090693
v 0.015795 0.048494 0.087680
v -0.019086 0.048494 0.090693
v -0.019086 0.041662 0.090693
v 0.015795 0.042024 0.087225
v 0.015795 0.041662 0.090693
v -0.019086 0.042024 0.087225
v -0.019086 0.042024 0.087225
v 0.015795 0.044862 0.085924
v 0.015795 0.042024 0.087225
v -0.019086 0.044862 0.085924
v 0.015795 0.048494 0.087680
v -0.019086 0.048494 0.087680
v -0.019086 0.041543 0.139122
v 0.015795 0.041543 0.136865
v 0.015795 0.041543 0.139122
v -0.019086 0.041543 0.136865
v -0.019086 0.048417 0.135317
v 0.015795 0.048417 0.139122
v 0.015795 0.048417 0.135317
v -0.019086 0.048417 0.139122
v -0.019086 0.048417 0.139122
v 0.015795 0.044761 0.140456
v 0.015795 0.048417 0.139122
v -0.019086 0.044761 0.140456
v 0.015795 0.041543 0.139122
v -0.019086 0.041543 0.139122
v -0.014815 0.065266 0.084347
v -0.019086 0.068719 0.081227
v -0.014631 0.068052 0.081804
v -0.019086 0.065266 0.085282
v -0.014815 0.065266 0.089806
v -0.019086 0.065266 0.090693
v -0.014815 0.065266 0.092068
v -0.019086 0.065266 0.092913
v -0.012285 0.066996 0.090367
v -0.013327 0.067358 0.084904
v -0.011508 0.066458 0.092599
v -0.014815 0.065266 0.136530
v -0.011743 0.066210 0.136450
v -0.019086 0.065266 0.136530
v -0.011743 0.066210 0.138958
v -0.014815 0.065266 0.139932
v -0.019086 0.065266 0.140568
v -0.011743 0.066210 0.141647
v -0.014815 0.065266 0.141244
v -0.019086 0.065266 0.142193
v -0.011635 0.065928 0.144229
v -0.013827 0.065928 0.145507
v 0.009287 0.070034 0.181466
v -0.011066 0.076038 0.181514
v 0.008915 0.076035 0.181512
v -0.012665 0.070087 0.181514
v 0.009742 0.062668 0.181411
v -0.014628 0.062783 0.181514
v -0.014628 0.040375 0.181514
v 0.011106 0.040382 0.181520
v -0.013327 0.067358 0.084904
v -0.014815 0.065266 0.089806
v -0.014815 0.065266 0.084347
v -0.014631 0.068052 0.081804
v -0.011805 0.071518 0.085093
v -0.012285 0.066996 0.090367
v -0.015269 0.072570 0.081261
v -0.019086 0.076038 0.079864
v -0.019086 0.068719 0.081227
v -0.015758 0.076038 0.080844
v -0.012585 0.076038 0.085262
v -0.011790 0.076038 0.090693
v -0.011262 0.070996 0.090528
v -0.011790 0.076038 0.092941
v -0.011116 0.070584 0.092763
v -0.011508 0.066458 0.092599
v -0.011743 0.066210 0.136450
v -0.011017 0.070705 0.136780
v -0.012306 0.076038 0.137123
v -0.011743 0.066210 0.138958
v -0.010853 0.070633 0.140019
v -0.011743 0.066210 0.141647
v -0.011863 0.076038 0.141152
v -0.011012 0.070512 0.142344
v -0.011356 0.076038 0.143123
v 0.000955 0.074094 0.090693
v 0.000476 0.076038 0.092271
v 0.000476 0.074094 0.092271
v 0.000955 0.076038 0.090693
v 0.001010 0.074094 0.085248
v 0.001010 0.076038 0.085248
v 0.001018 0.074094 0.048503
v 0.001018 0.076038 0.048503
v 0.001019 0.074094 -0.027976
v 0.001019 0.076038 -0.027976
v 0.003285 0.074094 -0.029490
v 0.001019 0.076038 -0.027976
v 0.001019 0.074094 -0.027976
v 0.003285 0.076038 -0.029490
v 0.004799 0.074094 -0.031756
v 0.004799 0.076038 -0.031756
v 0.005331 0.074094 -0.034429
v 0.005331 0.076038 -0.034429
v 0.004799 0.074094 -0.037101
v 0.004799 0.076038 -0.037101
v 0.003285 0.074094 -0.039368
v 0.004799 0.076038 -0.037101
v 0.004799 0.074094 -0.037101
v 0.003285 0.076038 -0.039368
v 0.001019 0.074094 -0.040881
v 0.001019 0.076038 -0.040881
v -0.001651 0.074094 -0.041690
v -0.001651 0.076038 -0.041690
v -0.004327 0.074094 -0.040881
v -0.001651 0.076038 -0.041690
v -0.004327 0.074094 -0.040881
v -0.004327 0.076038 -0.040881
v -0.006593 0.074094 -0.039368
v -0.006593 0.076038 -0.039368
v -0.008107 0.074094 -0.037101
v -0.008107 0.076038 -0.037101
v -0.008638 0.074094 -0.034429
v -0.008638 0.076038 -0.034429
v -0.008107 0.074094 -0.031756
v -0.008107 0.076038 -0.031756
v -0.006593 0.074094 -0.029490
v -0.006593 0.076038 -0.029490
v -0.004327 0.074094 -0.027976
v -0.004327 0.076038 -0.027976
v -0.004326 0.074094 0.048503
v -0.004327 0.076038 -0.027976
v -0.004327 0.074094 -0.027976
v -0.004326 0.076038 0.048503
v -0.004347 0.074094 0.085248
v -0.004347 0.076038 0.085248
v -0.004292 0.074094 0.090693
v -0.004292 0.076038 0.090693
v -0.003642 0.074094 0.092326
v -0.003642 0.076038 0.092326
v -0.001651 0.074094 0.092941
v -0.003642 0.076038 0.092326
v -0.003642 0.074094 0.092326
v -0.001651 0.076038 0.092941
v 0.000476 0.074094 0.092271
v 0.000476 0.076038 0.092271
v -0.011518 0.076038 0.144877
v -0.012714 0.070836 0.145988
v -0.011300 0.070312 0.145035
v -0.013827 0.065928 0.145507
v -0.011635 0.065928 0.144229
v 0.015080 0.035546 -0.105587
v 0.018769 0.028350 -0.075658
v 0.015080 0.035546 -0.074981
v 0.018561 0.027642 -0.104936
v 0.015080 0.035546 -0.163822
v 0.020089 0.017286 -0.104469
v 0.020377 0.018965 -0.076874
v 0.017912 0.009495 -0.080454
v 0.018961 0.026240 -0.161035
v 0.018128 0.007127 -0.106892
v 0.015080 0.002002 -0.086617
v 0.015080 -0.001127 -0.108598
v 0.015080 -0.006120 -0.148466
v 0.018515 0.021517 -0.174676
v 0.015080 0.030167 -0.174316
v 0.020098 0.014092 -0.156972
v 0.018326 0.003041 -0.152391
v 0.015080 -0.011072 -0.172679
v 0.020098 0.010934 -0.174939
v 0.018387 -0.001064 -0.174013
v 0.015080 -0.016834 -0.189118
v 0.018458 -0.007089 -0.189603
v 0.015080 -0.031576 -0.217095
v 0.018170 0.013490 -0.190233
v 0.015080 0.020797 -0.190752
v 0.015080 0.021898 -0.222386
v 0.020098 0.004788 -0.189781
v 0.018939 0.009813 -0.221137
v 0.019566 -0.008884 -0.279933
v 0.015080 0.006623 -0.282527
v 0.020662 -0.002498 -0.220175
v 0.019304 -0.018502 -0.218760
v 0.020053 -0.049018 -0.274590
v 0.015080 -0.067437 -0.272423
v 0.013469 -0.015279 -0.389845
v 0.008177 -0.009109 -0.388955
v 0.020752 -0.041520 -0.392747
v 0.021698 -0.071618 -0.389808
v 0.020608 -0.026576 -0.276908
v 0.019640 -0.097298 -0.382861
v 0.014284 -0.117713 -0.375470
v 0.008177 0.037030 -0.104450
v 0.015080 0.035546 -0.074981
v 0.008177 0.035546 -0.071362
v 0.015080 0.035546 -0.105587
v 0.008177 0.036940 -0.164268
v 0.015080 0.035546 -0.163822
v 0.015080 0.030167 -0.174316
v -0.001654 0.037030 -0.102609
v 0.008177 0.033355 -0.174868
v -0.001654 0.034232 -0.175773
v 0.015080 0.020797 -0.190752
v 0.008177 0.024800 -0.191174
v 0.015080 0.021898 -0.222386
v -0.001654 0.036940 -0.163822
v -0.011485 0.036940 -0.164268
v -0.011485 0.037030 -0.104450
v -0.018388 0.035546 -0.163822
v -0.018388 0.035546 -0.105587
v -0.011485 0.035546 -0.071362
v -0.018388 0.035546 -0.074981
v -0.011485 0.033355 -0.174868
v -0.018388 0.030167 -0.174316
v -0.011485 0.024800 -0.191174
v -0.001654 0.026739 -0.191548
v -0.001654 0.029463 -0.224020
v 0.008177 0.026626 -0.223193
v 0.008177 0.012103 -0.282842
v 0.015080 0.006623 -0.282527
v 0.008177 -0.009109 -0.388955
v -0.001654 0.015906 -0.282612
v -0.001654 -0.006286 -0.388077
v -0.011485 0.012103 -0.282842
v -0.011485 -0.009109 -0.388955
v 0.008177 -0.009109 -0.388955
v 0.020752 -0.041520 -0.392747
v 0.013469 -0.015279 -0.389845
v 0.008177 -0.042097 -0.393009
v -0.001654 -0.006286 -0.388077
v 0.008177 -0.072161 -0.391168
v 0.021698 -0.071618 -0.389808
v 0.008177 -0.100519 -0.383586
v 0.019640 -0.097298 -0.382861
v -0.001654 -0.071618 -0.389808
v -0.001654 -0.040297 -0.392058
v -0.011485 -0.042097 -0.393009
v -0.011485 -0.009109 -0.388955
v 0.008177 -0.122267 -0.372825
v 0.014284 -0.117713 -0.375470
v -0.001654 -0.123174 -0.371342
v -0.001654 -0.101956 -0.382296
v -0.011485 -0.122267 -0.372825
v -0.024059 -0.041520 -0.392747
v -0.016776 -0.015279 -0.389845
v -0.011485 -0.072161 -0.391168
v -0.025005 -0.071618 -0.389808
v -0.011485 -0.100519 -0.383586
v -0.017591 -0.117713 -0.375470
v -0.022947 -0.097298 -0.382861
v -0.001654 -0.071789 -0.270054
v 0.008177 -0.122267 -0.372825
v -0.001654 -0.123174 -0.371342
v 0.008177 -0.070750 -0.271279
v 0.014284 -0.117713 -0.375470
v 0.015080 -0.067437 -0.272423
v 0.015080 -0.031576 -0.217095
v 0.008177 -0.034891 -0.216122
v -0.001654 -0.035940 -0.215124
v -0.001654 -0.021450 -0.186733
v 0.008177 -0.020271 -0.188087
v 0.015080 -0.016834 -0.189118
v -0.001654 -0.016804 -0.171530
v 0.015080 -0.011072 -0.172679
v 0.008177 -0.014979 -0.172047
v -0.001654 -0.011475 -0.147092
v 0.015080 -0.006120 -0.148466
v 0.008177 -0.009750 -0.147301
v 0.008177 -0.004561 -0.106530
v -0.001654 -0.005663 -0.102734
v 0.015080 -0.001127 -0.108598
v 0.008177 0.000267 -0.084484
v -0.001654 0.000401 -0.084649
v 0.015080 0.002002 -0.086617
v 0.008177 0.007743 -0.078034
v 0.017912 0.009495 -0.080454
v -0.001654 0.007153 -0.077961
v 0.020377 0.018965 -0.076874
v 0.008177 0.017832 -0.073879
v -0.001654 0.015994 -0.073291
v 0.018769 0.028350 -0.075658
v -0.001654 0.027167 -0.069118
v 0.008177 0.027959 -0.070248
v 0.015080 0.035546 -0.074981
v -0.001654 0.035546 -0.070438
v 0.008177 0.035546 -0.071362
v -0.018388 -0.067437 -0.272423
v -0.011485 -0.122267 -0.372825
v -0.017591 -0.117713 -0.375470
v -0.011485 -0.070750 -0.271279
v -0.001654 -0.071789 -0.270054
v -0.001654 -0.123174 -0.371342
v -0.001654 -0.035940 -0.215124
v -0.011485 -0.034891 -0.216122
v -0.018388 -0.031576 -0.217095
v -0.018388 -0.016834 -0.189118
v -0.011485 -0.020271 -0.188087
v -0.001654 -0.021450 -0.186733
v -0.018388 -0.011072 -0.172679
v -0.011485 -0.014979 -0.172047
v -0.001654 -0.016804 -0.171530
v -0.001654 -0.011475 -0.147092
v -0.011485 -0.009750 -0.147301
v -0.018388 -0.006120 -0.148466
v -0.001654 -0.005663 -0.102734
v -0.011485 -0.004561 -0.106530
v -0.011485 0.000267 -0.084484
v -0.018388 -0.001127 -0.108598
v -0.001654 0.000401 -0.084649
v -0.018388 0.002002 -0.086617
v -0.001654 0.007153 -0.077961
v -0.021220 0.009495 -0.080454
v -0.011485 0.007743 -0.078034
v -0.001654 0.015994 -0.073291
v -0.023685 0.018965 -0.076874
v -0.011485 0.017832 -0.073879
v -0.001654 0.027167 -0.069118
v -0.011485 0.027959 -0.070248
v -0.001654 0.035546 -0.070438
v -0.022076 0.028350 -0.075658
v -0.011485 0.035546 -0.071362
v -0.018388 0.035546 -0.074981
v -0.011485 0.024800 -0.191174
v -0.001654 0.029463 -0.224020
v -0.001654 0.026739 -0.191548
v -0.011485 0.026626 -0.223193
v -0.011485 0.012103 -0.282842
v -0.001654 0.015906 -0.282612
v -0.018388 0.020797 -0.190752
v -0.011485 0.033355 -0.174868
v -0.018388 0.030167 -0.174316
v -0.018388 0.021898 -0.222386
v -0.021478 0.013490 -0.190233
v -0.018388 0.006623 -0.282527
v -0.011485 -0.009109 -0.388955
v -0.016776 -0.015279 -0.389845
v -0.024059 -0.041520 -0.392747
v -0.022247 0.009813 -0.221137
v -0.022873 -0.008884 -0.279933
v -0.023915 -0.026576 -0.276908
v -0.025005 -0.071618 -0.389808
v -0.022947 -0.097298 -0.382861
v -0.023969 -0.002498 -0.220175
v -0.023361 -0.049018 -0.274590
v -0.017591 -0.117713 -0.375470
v -0.018388 -0.067437 -0.272423
v -0.018388 -0.031576 -0.217095
v -0.022611 -0.018502 -0.218760
v -0.023406 0.004788 -0.189781
v -0.021766 -0.007089 -0.189603
v -0.018388 -0.016834 -0.189118
v -0.018388 -0.011072 -0.172679
v -0.021823 0.021517 -0.174676
v -0.018388 0.035546 -0.163822
v -0.023406 0.010934 -0.174939
v -0.021694 -0.001064 -0.174013
v -0.021633 0.003041 -0.152391
v -0.018388 -0.006120 -0.148466
v -0.018388 -0.001127 -0.108598
v -0.023406 0.014092 -0.156972
v -0.022268 0.026240 -0.161035
v -0.021436 0.007127 -0.106892
v -0.018388 0.002002 -0.086617
v -0.021220 0.009495 -0.080454
v -0.023685 0.018965 -0.076874
v -0.023396 0.017286 -0.104469
v -0.021868 0.027642 -0.104936
v -0.018388 0.035546 -0.105587
v -0.022076 0.028350 -0.075658
v -0.018388 0.035546 -0.074981
v 0.007286 0.046000 -0.156409
v 0.015526 0.036087 -0.154844
v 0.015526 0.046000 -0.154844
v 0.007286 0.036087 -0.156409
v 0.005399 0.046000 -0.161079
v 0.005399 0.036087 -0.161079
v 0.002003 0.036087 -0.163950
v 0.002003 0.046000 -0.163950
v -0.001654 0.036087 -0.164648
v -0.001654 0.046000 -0.164648
v 0.015526 0.036087 -0.154844
v 0.015526 0.046000 0.048770
v 0.015526 0.046000 -0.154844
v 0.015526 0.039087 0.048770
v 0.015526 0.036087 0.090693
v 0.015526 0.039087 0.090693
v 0.015526 0.036087 -0.154844
v 0.007286 0.036087 -0.156409
v 0.015526 0.036087 0.090693
v -0.001654 0.036087 0.090693
v -0.001654 0.036087 -0.156409
v -0.010593 0.036087 -0.156409
v -0.018833 0.036087 0.090693
v -0.018833 0.036087 -0.154844
v -0.008706 0.036087 -0.161079
v -0.001654 0.036087 -0.161079
v 0.005399 0.036087 -0.161079
v -0.005311 0.036087 -0.163950
v 0.002003 0.036087 -0.163950
v -0.001654 0.036087 -0.164648
v -0.001654 0.036087 0.090693
v 0.015526 0.039087 0.090693
v 0.015526 0.036087 0.090693
v -0.001654 0.039087 0.090693
v -0.018833 0.036087 0.090693
v -0.018833 0.039087 0.090693
v -0.010593 0.036087 -0.156409
v -0.018833 0.046000 -0.154844
v -0.018833 0.036087 -0.154844
v -0.010593 0.046000 -0.156409
v -0.008706 0.046000 -0.161079
v -0.008706 0.036087 -0.161079
v -0.005311 0.036087 -0.163950
v -0.005311 0.046000 -0.163950
v -0.001654 0.046000 -0.164648
v -0.001654 0.036087 -0.164648
v -0.018833 0.039087 0.048770
v -0.018833 0.046000 -0.154844
v -0.018833 0.046000 0.048770
v -0.018833 0.036087 -0.154844
v -0.018833 0.036087 0.090693
v -0.018833 0.039087 0.090693
v -0.000189 0.065083 -0.168419
v 0.001883 0.063011 -0.168419
v 0.001053 0.064253 -0.168419
v -0.001654 0.057718 -0.168419
v -0.001654 0.065374 -0.168419
v 0.002174 0.061546 -0.168419
v 0.001883 0.060081 -0.168419
v 0.001053 0.058839 -0.168419
v -0.000189 0.058010 -0.168419
v -0.003119 0.065083 -0.168419
v -0.003119 0.058010 -0.168419
v -0.005190 0.063011 -0.168419
v -0.004361 0.064253 -0.168419
v -0.005482 0.061546 -0.168419
v -0.004361 0.058839 -0.168419
v -0.005190 0.060081 -0.168419
v -0.001654 0.056975 -0.166341
v -0.003403 0.057323 -0.162761
v -0.001654 0.056975 -0.162761
v -0.003403 0.057323 -0.166341
v -0.004886 0.058314 -0.162761
v -0.001654 0.057154 -0.167573
v -0.004886 0.058314 -0.166341
v -0.003335 0.057488 -0.167573
v -0.004760 0.058440 -0.167573
v -0.003119 0.058010 -0.168419
v -0.001654 0.057718 -0.168419
v -0.004361 0.058839 -0.168419
v 0.000096 0.057323 -0.162761
v -0.001654 0.056975 -0.166341
v -0.001654 0.056975 -0.162761
v 0.000096 0.057323 -0.166341
v 0.001578 0.058314 -0.166341
v 0.001578 0.058314 -0.162761
v 0.001452 0.058440 -0.167573
v 0.000027 0.057488 -0.167573
v -0.001654 0.057154 -0.167573
v -0.000189 0.058010 -0.168419
v 0.001053 0.058839 -0.168419
v -0.001654 0.057718 -0.168419
v -0.003335 0.057488 -0.167573
v 0.002918 0.061546 -0.166341
v 0.002570 0.059797 -0.162761
v 0.002918 0.061546 -0.162761
v 0.002570 0.059797 -0.166341
v 0.002404 0.059865 -0.167573
v 0.001578 0.058314 -0.162761
v 0.001578 0.058314 -0.166341
v 0.001452 0.058440 -0.167573
v 0.001053 0.058839 -0.168419
v 0.001883 0.060081 -0.168419
v 0.002739 0.061546 -0.167573
v 0.002174 0.061546 -0.168419
v 0.001883 0.063011 -0.168419
v 0.001578 0.064778 -0.166341
v 0.002570 0.063295 -0.162761
v 0.001578 0.064778 -0.162761
v 0.002570 0.063295 -0.166341
v 0.002918 0.061546 -0.162761
v 0.001452 0.064652 -0.167573
v 0.002918 0.061546 -0.166341
v 0.002404 0.063227 -0.167573
v 0.001053 0.064253 -0.168419
v 0.002739 0.061546 -0.167573
v 0.001883 0.063011 -0.168419
v -0.003403 0.065769 -0.162761
v -0.001654 0.066117 -0.166341
v -0.001654 0.066117 -0.162761
v -0.003403 0.065769 -0.166341
v -0.004886 0.064778 -0.166341
v -0.004886 0.064778 -0.162761
v -0.004760 0.064652 -0.167573
v -0.003335 0.065604 -0.167573
v -0.001654 0.065939 -0.167573
v -0.001654 0.065374 -0.168419
v -0.003119 0.065083 -0.168419
v -0.004361 0.064253 -0.168419
v -0.005877 0.063295 -0.162761
v -0.004886 0.064778 -0.166341
v -0.004886 0.064778 -0.162761
v -0.005877 0.063295 -0.166341
v -0.004760 0.064652 -0.167573
v -0.005712 0.063227 -0.167573
v -0.005190 0.063011 -0.168419
v -0.004361 0.064253 -0.168419
v -0.005482 0.061546 -0.168419
v -0.006046 0.061546 -0.167573
v -0.005877 0.063295 -0.166341
v -0.006046 0.061546 -0.167573
v -0.005712 0.063227 -0.167573
v -0.006225 0.061546 -0.166341
v -0.005877 0.063295 -0.162761
v -0.006225 0.061546 -0.162761
v -0.005877 0.059797 -0.166341
v -0.005877 0.059797 -0.162761
v -0.004886 0.058314 -0.162761
v -0.004886 0.058314 -0.166341
v -0.004760 0.058440 -0.167573
v -0.005712 0.059865 -0.167573
v -0.005190 0.060081 -0.168419
v -0.005482 0.061546 -0.168419
v -0.004361 0.058839 -0.168419
v 0.001452 0.064652 -0.167573
v -0.000189 0.065083 -0.168419
v 0.001053 0.064253 -0.168419
v 0.000027 0.065604 -0.167573
v -0.001654 0.065374 -0.168419
v -0.001654 0.065939 -0.167573
v 0.001578 0.064778 -0.166341
v -0.001654 0.066117 -0.166341
v 0.000096 0.065769 -0.166341
v 0.001578 0.064778 -0.162761
v -0.001654 0.066117 -0.162761
v 0.000096 0.065769 -0.162761
v 0.011537 0.093801 -0.086623
v 0.009177 0.093801 -0.148703
v 0.011537 0.093801 -0.148703
v 0.009177 0.093801 -0.086623
v 0.009177 0.093801 -0.148703
v 0.011529 0.075611 -0.153053
v 0.011537 0.093801 -0.148703
v 0.009177 0.075611 -0.153053
v 0.009177 0.093801 -0.148703
v 0.009177 0.075611 -0.082319
v 0.009177 0.075611 -0.153053
v 0.009177 0.093801 -0.086623
v 0.009177 0.093801 -0.086623
v 0.011529 0.075611 -0.082319
v 0.009177 0.075611 -0.082319
v 0.011537 0.093801 -0.086623
v -0.014845 0.093801 -0.086623
v -0.012485 0.093801 -0.148703
v -0.012485 0.093801 -0.086623
v -0.014845 0.093801 -0.148703
v -0.012485 0.075611 -0.153053
v -0.014845 0.093801 -0.148703
v -0.014836 0.075611 -0.153053
v -0.012485 0.093801 -0.148703
v -0.012485 0.075611 -0.153053
v -0.012485 0.093801 -0.086623
v -0.012485 0.093801 -0.148703
v -0.012485 0.075611 -0.082319
v -0.012485 0.075611 -0.082319
v -0.014845 0.093801 -0.086623
v -0.012485 0.093801 -0.086623
v -0.014836 0.075611 -0.082319
v -0.006389 0.080742 -0.090323
v -0.006389 0.082466 -0.145903
v -0.006389 0.080742 -0.145903
v -0.006389 0.082466 -0.090323
v 0.003070 0.080742 -0.090323
v 0.003070 0.082466 -0.145903
v 0.003070 0.082466 -0.090323
v 0.003070 0.080742 -0.145903
v 0.003070 0.080742 -0.090323
v -0.006389 0.082466 -0.090323
v -0.006389 0.080742 -0.090323
v 0.003070 0.082466 -0.090323
v -0.006389 0.080742 -0.145903
v 0.003070 0.082466 -0.145903
v 0.003070 0.080742 -0.145903
v -0.006389 0.082466 -0.145903
v 0.006417 0.080742 -0.150309
v -0.009736 0.082466 -0.150309
v -0.009736 0.080742 -0.150309
v 0.006417 0.082466 -0.150309
v 0.006417 0.080742 -0.150309
v 0.006417 0.082466 -0.085917
v 0.006417 0.082466 -0.150309
v 0.006417 0.080742 -0.085917
v -0.009736 0.082466 -0.085917
v 0.006417 0.080742 -0.085917
v -0.009736 0.080742 -0.085917
v 0.006417 0.082466 -0.085917
v -0.009736 0.080742 -0.085917
v -0.009736 0.082466 -0.150309
v -0.009736 0.082466 -0.085917
v -0.009736 0.080742 -0.150309
v 0.006417 0.075844 -0.150309
v -0.009736 0.078990 -0.150309
v -0.009736 0.075844 -0.150309
v 0.006417 0.078990 -0.150309
v -0.013381 0.075844 -0.085917
v 0.010061 0.078990 -0.085917
v 0.010061 0.075844 -0.085917
v -0.013381 0.078990 -0.085917
v 0.006417 0.078990 -0.141501
v 0.006417 0.075844 -0.150309
v 0.006417 0.075844 -0.141501
v 0.006417 0.078990 -0.150309
v 0.006417 0.078990 -0.150309
v -0.009736 0.078990 -0.141501
v -0.009736 0.078990 -0.150309
v 0.006417 0.078990 -0.141501
v 0.010061 0.078990 -0.085917
v 0.010061 0.078990 -0.141501
v -0.013381 0.078990 -0.085917
v -0.013381 0.078990 -0.141501
v -0.009736 0.078990 -0.141501
v -0.009736 0.075844 -0.150309
v -0.009736 0.078990 -0.150309
v -0.009736 0.075844 -0.141501
v 0.006548 0.082080 -0.120229
v -0.009875 0.082080 -0.118790
v 0.006548 0.082080 -0.118790
v -0.009875 0.082080 -0.120229
v 0.006548 0.083160 -0.118790
v -0.009875 0.083160 -0.120229
v 0.006548 0.083160 -0.120229
v -0.009875 0.083160 -0.118790
v -0.009875 0.082080 -0.120229
v 0.006548 0.083160 -0.120229
v -0.009875 0.083160 -0.120229
v 0.006548 0.082080 -0.120229
v 0.006548 0.083160 -0.118790
v -0.009875 0.082080 -0.118790
v -0.009875 0.083160 -0.118790
v 0.006548 0.082080 -0.118790
v 0.006011 0.083295 -0.112515
v 0.005702 0.083295 -0.116475
v 0.006983 0.083295 -0.112515
v 0.006983 0.083295 -0.120976
v 0.006607 0.083295 -0.120976
v 0.006011 0.083295 -0.112515
v 0.006983 0.080653 -0.112515
v 0.006011 0.080653 -0.112515
v 0.006983 0.083295 -0.112515
v 0.005702 0.080653 -0.116475
v 0.006011 0.083295 -0.112515
v 0.006011 0.080653 -0.112515
v 0.005702 0.083295 -0.116475
v 0.006607 0.083295 -0.120976
v 0.006607 0.080653 -0.120976
v 0.006983 0.083295 -0.120976
v 0.006983 0.080653 -0.112515
v 0.006983 0.083295 -0.112515
v 0.006983 0.080653 -0.120976
v 0.005702 0.080653 -0.116475
v 0.006983 0.080653 -0.120976
v 0.006607 0.080653 -0.120976
v 0.006983 0.080653 -0.112515
v 0.006011 0.080653 -0.112515
v 0.006607 0.083295 -0.120976
v 0.006983 0.080653 -0.120976
v 0.006983 0.083295 -0.120976
v 0.006607 0.080653 -0.120976
v -0.009331 0.083295 -0.112515
v -0.010303 0.083295 -0.112515
v -0.009021 0.083295 -0.116475
v -0.010303 0.083295 -0.120976
v -0.009926 0.083295 -0.120976
v -0.009331 0.083295 -0.112515
v -0.010303 0.080653 -0.112515
v -0.010303 0.083295 -0.112515
v -0.009331 0.080653 -0.112515
v -0.009021 0.083295 -0.116475
v -0.009331 0.080653 -0.112515
v -0.009331 0.083295 -0.112515
v -0.009021 0.080653 -0.116475
v -0.009926 0.080653 -0.120976
v -0.009926 0.083295 -0.120976
v -0.010303 0.083295 -0.112515
v -0.010303 0.080653 -0.120976
v -0.010303 0.083295 -0.120976
v -0.010303 0.080653 -0.112515
v -0.009021 0.080653 -0.116475
v -0.009926 0.080653 -0.120976
v -0.010303 0.080653 -0.120976
v -0.010303 0.080653 -0.112515
v -0.009331 0.080653 -0.112515
v -0.009926 0.083295 -0.120976
v -0.010303 0.080653 -0.120976
v -0.009926 0.080653 -0.120976
v -0.010303 0.083295 -0.120976
v 0.001311 0.082833 -0.111430
v 0.001516 0.081971 -0.110830
v 0.001516 0.082833 -0.110830
v 0.001311 0.081971 -0.111430
v 0.000614 0.082833 -0.112473
v 0.000614 0.081971 -0.112473
v -0.000429 0.082833 -0.113170
v -0.000429 0.081971 -0.113170
v -0.001660 0.081971 -0.113415
v -0.001660 0.082833 -0.113415
v -0.002891 0.082833 -0.113170
v -0.002891 0.081971 -0.113170
v -0.003934 0.082833 -0.112473
v -0.003934 0.081971 -0.112473
v -0.004631 0.082833 -0.111430
v -0.004631 0.081971 -0.111430
v -0.004836 0.081971 -0.110830
v -0.004836 0.082833 -0.110830
v -0.001075 0.082833 -0.108787
v -0.000579 0.081971 -0.109118
v -0.000579 0.082833 -0.109118
v -0.001075 0.081971 -0.108787
v -0.001660 0.081971 -0.108671
v -0.001660 0.082833 -0.108671
v -0.002244 0.081971 -0.108787
v -0.002244 0.082833 -0.108787
v -0.002740 0.082833 -0.109118
v -0.002740 0.081971 -0.109118
v -0.000579 0.081971 -0.109118
v -0.000248 0.082833 -0.109614
v -0.000579 0.082833 -0.109118
v -0.000248 0.081971 -0.109614
v -0.000157 0.081971 -0.109898
v -0.000157 0.082833 -0.109898
v -0.000151 0.081971 -0.110499
v -0.000151 0.082833 -0.110499
v -0.000248 0.081971 -0.110784
v -0.000248 0.082833 -0.110784
v -0.000579 0.082833 -0.111279
v -0.000579 0.081971 -0.111279
v -0.000579 0.081971 -0.111279
v -0.001075 0.082833 -0.111611
v -0.000579 0.082833 -0.111279
v -0.001075 0.081971 -0.111611
v -0.001660 0.082833 -0.111727
v -0.001660 0.081971 -0.111727
v -0.002244 0.081971 -0.111611
v -0.002244 0.082833 -0.111611
v -0.002740 0.082833 -0.111279
v -0.002740 0.081971 -0.111279
v 0.001311 0.081971 -0.108968
v 0.001502 0.082833 -0.109565
v 0.001502 0.081971 -0.109565
v 0.001311 0.082833 -0.108968
v 0.000614 0.081971 -0.107925
v 0.000614 0.082833 -0.107925
v -0.000429 0.081971 -0.107228
v -0.000429 0.082833 -0.107228
v -0.001660 0.081971 -0.106983
v -0.001660 0.082833 -0.106983
v -0.002891 0.081971 -0.107228
v -0.002891 0.082833 -0.107228
v -0.003934 0.081971 -0.107925
v -0.003934 0.082833 -0.107925
v -0.004631 0.082833 -0.108968
v -0.004631 0.081971 -0.108968
v -0.004821 0.081971 -0.109565
v -0.004821 0.082833 -0.109565
v 0.001516 0.082833 -0.110830
v 0.003438 0.081971 -0.110801
v 0.003438 0.082833 -0.110801
v 0.001516 0.081971 -0.110830
v 0.006947 0.082833 -0.109536
v 0.001502 0.081971 -0.109565
v 0.001502 0.082833 -0.109565
v 0.005941 0.081971 -0.109536
v 0.006947 0.080270 -0.109536
v 0.005941 0.080756 -0.109536
v 0.005517 0.080756 -0.109536
v 0.005517 0.080270 -0.109536
v 0.003438 0.081971 -0.116527
v 0.005571 0.082833 -0.116527
v 0.003438 0.082833 -0.116527
v 0.005571 0.081971 -0.116527
v 0.006947 0.082833 -0.109536
v 0.005941 0.082833 -0.110801
v 0.006947 0.082833 -0.110801
v 0.003438 0.082833 -0.110801
v 0.001502 0.082833 -0.109565
v 0.003438 0.082833 -0.116527
v 0.005571 0.082833 -0.116527
v 0.001516 0.082833 -0.110830
v -0.000157 0.082833 -0.109898
v -0.000151 0.082833 -0.110499
v -0.000248 0.082833 -0.109614
v 0.001311 0.082833 -0.108968
v 0.001311 0.082833 -0.111430
v -0.000248 0.082833 -0.110784
v -0.000579 0.082833 -0.111279
v 0.000614 0.082833 -0.112473
v -0.001075 0.082833 -0.111611
v -0.000429 0.082833 -0.113170
v -0.001660 0.082833 -0.111727
v -0.001660 0.082833 -0.113415
v 0.000614 0.082833 -0.107925
v -0.000579 0.082833 -0.109118
v -0.001075 0.082833 -0.108787
v -0.000429 0.082833 -0.107228
v -0.001660 0.082833 -0.108671
v -0.001660 0.082833 -0.106983
v -0.002244 0.082833 -0.108787
v -0.002891 0.082833 -0.107228
v -0.002740 0.082833 -0.109118
v -0.003934 0.082833 -0.107925
v -0.002244 0.082833 -0.111611
v -0.002891 0.082833 -0.113170
v -0.003071 0.082833 -0.109614
v -0.004631 0.082833 -0.108968
v -0.003934 0.082833 -0.112473
v -0.002740 0.082833 -0.111279
v -0.004821 0.082833 -0.109565
v -0.003071 0.082833 -0.110784
v -0.004631 0.082833 -0.111430
v -0.003162 0.082833 -0.109898
v -0.004836 0.082833 -0.110830
v -0.003169 0.082833 -0.110499
v -0.006757 0.082833 -0.110801
v -0.009260 0.082833 -0.110801
v -0.010267 0.082833 -0.109536
v -0.010267 0.082833 -0.110801
v -0.008891 0.082833 -0.116527
v -0.006757 0.082833 -0.116527
v 0.003438 0.081971 -0.116527
v 0.003438 0.082833 -0.110801
v 0.003438 0.081971 -0.110801
v 0.003438 0.082833 -0.116527
v 0.005941 0.082833 -0.110801
v 0.005571 0.081971 -0.116527
v 0.005941 0.081971 -0.110801
v 0.005571 0.082833 -0.116527
v 0.003438 0.081971 -0.116527
v 0.005941 0.081971 -0.110801
v 0.005571 0.081971 -0.116527
v 0.003438 0.081971 -0.110801
v 0.005941 0.081971 -0.109536
v 0.001502 0.081971 -0.109565
v 0.001516 0.081971 -0.110830
v -0.000151 0.081971 -0.110499
v -0.000248 0.081971 -0.110784
v -0.000157 0.081971 -0.109898
v 0.001311 0.081971 -0.111430
v -0.000248 0.081971 -0.109614
v -0.000579 0.081971 -0.111279
v 0.001311 0.081971 -0.108968
v 0.000614 0.081971 -0.112473
v -0.000579 0.081971 -0.109118
v -0.001075 0.081971 -0.111611
v 0.000614 0.081971 -0.107925
v -0.000429 0.081971 -0.113170
v -0.001660 0.081971 -0.111727
v -0.001660 0.081971 -0.113415
v -0.001075 0.081971 -0.108787
v -0.000429 0.081971 -0.107228
v -0.001660 0.081971 -0.106983
v -0.001660 0.081971 -0.108671
v -0.002891 0.081971 -0.107228
v -0.002244 0.081971 -0.108787
v -0.003934 0.081971 -0.107925
v -0.002740 0.081971 -0.109118
v -0.002244 0.081971 -0.111611
v -0.002891 0.081971 -0.113170
v -0.003934 0.081971 -0.112473
v -0.002740 0.081971 -0.111279
v -0.004631 0.081971 -0.108968
v -0.003071 0.081971 -0.109614
v -0.003162 0.081971 -0.109898
v -0.004631 0.081971 -0.111430
v -0.003071 0.081971 -0.110784
v -0.004821 0.081971 -0.109565
v -0.003169 0.081971 -0.110499
v -0.004836 0.081971 -0.110830
v -0.006757 0.081971 -0.110801
v -0.009260 0.081971 -0.110801
v -0.009260 0.081971 -0.109536
v -0.008891 0.081971 -0.116527
v -0.006757 0.081971 -0.116527
v 0.005941 0.080756 -0.110801
v 0.005941 0.081971 -0.109536
v 0.005941 0.080756 -0.109536
v 0.005941 0.081971 -0.110801
v 0.006947 0.080270 -0.110801
v 0.006947 0.082833 -0.109536
v 0.006947 0.082833 -0.110801
v 0.006947 0.080270 -0.109536
v 0.005517 0.080270 -0.110801
v 0.005517 0.080756 -0.109536
v 0.005517 0.080270 -0.109536
v 0.005517 0.080756 -0.110801
v 0.005517 0.080756 -0.109536
v 0.005941 0.080756 -0.110801
v 0.005941 0.080756 -0.109536
v 0.005517 0.080756 -0.110801
v 0.006947 0.080270 -0.110801
v 0.005517 0.080756 -0.110801
v 0.005517 0.080270 -0.110801
v 0.005941 0.080756 -0.110801
v 0.005941 0.081971 -0.110801
v 0.006947 0.082833 -0.110801
v 0.005941 0.082833 -0.110801
v 0.005517 0.080270 -0.110801
v 0.006947 0.080270 -0.109536
v 0.006947 0.080270 -0.110801
v 0.005517 0.080270 -0.109536
v -0.002740 0.082833 -0.109118
v -0.003071 0.081971 -0.109614
v -0.002740 0.081971 -0.109118
v -0.003071 0.082833 -0.109614
v -0.003162 0.081971 -0.109898
v -0.003162 0.082833 -0.109898
v -0.003169 0.082833 -0.110499
v -0.003169 0.081971 -0.110499
v -0.003071 0.081971 -0.110784
v -0.003071 0.082833 -0.110784
v -0.002740 0.082833 -0.111279
v -0.002740 0.081971 -0.111279
v -0.006757 0.082833 -0.110801
v -0.004836 0.081971 -0.110830
v -0.004836 0.082833 -0.110830
v -0.006757 0.081971 -0.110801
v -0.004821 0.081971 -0.109565
v -0.010267 0.082833 -0.109536
v -0.004821 0.082833 -0.109565
v -0.009260 0.081971 -0.109536
v -0.009260 0.080756 -0.109536
v -0.010267 0.080270 -0.109536
v -0.008837 0.080270 -0.109536
v -0.008837 0.080756 -0.109536
v -0.008891 0.082833 -0.116527
v -0.006757 0.081971 -0.116527
v -0.006757 0.082833 -0.116527
v -0.008891 0.081971 -0.116527
v -0.006757 0.081971 -0.110801
v -0.006757 0.082833 -0.116527
v -0.006757 0.081971 -0.116527
v -0.006757 0.082833 -0.110801
v -0.009260 0.082833 -0.110801
v -0.008891 0.081971 -0.116527
v -0.008891 0.082833 -0.116527
v -0.009260 0.081971 -0.110801
v -0.009260 0.080756 -0.110801
v -0.009260 0.081971 -0.109536
v -0.009260 0.081971 -0.110801
v -0.009260 0.080756 -0.109536
v -0.010267 0.082833 -0.109536
v -0.010267 0.080270 -0.110801
v -0.010267 0.082833 -0.110801
v -0.010267 0.080270 -0.109536
v -0.008837 0.080270 -0.109536
v -0.008837 0.080756 -0.110801
v -0.008837 0.080270 -0.110801
v -0.008837 0.080756 -0.109536
v -0.009260 0.080756 -0.110801
v -0.008837 0.080756 -0.109536
v -0.009260 0.080756 -0.109536
v -0.008837 0.080756 -0.110801
v -0.009260 0.080756 -0.110801
v -0.008837 0.080270 -0.110801
v -0.008837 0.080756 -0.110801
v -0.010267 0.080270 -0.110801
v -0.009260 0.081971 -0.110801
v -0.010267 0.082833 -0.110801
v -0.009260 0.082833 -0.110801
v -0.008837 0.080270 -0.109536
v -0.010267 0.080270 -0.110801
v -0.010267 0.080270 -0.109536
v -0.008837 0.080270 -0.110801
v -0.009721 0.075794 -0.147195
v -0.012606 0.091235 -0.147195
v -0.012606 0.075794 -0.147195
v -0.009721 0.089198 -0.147195
v -0.012606 0.075794 -0.141738
v -0.009721 0.089198 -0.141738
v -0.009721 0.075794 -0.141738
v -0.012606 0.091235 -0.141738
v -0.009721 0.075794 -0.141738
v -0.009721 0.089198 -0.147195
v -0.009721 0.075794 -0.147195
v -0.009721 0.089198 -0.141738
v -0.012606 0.091235 -0.147195
v -0.012606 0.091235 -0.141738
v 0.006414 0.089198 -0.147195
v 0.009298 0.075794 -0.147195
v 0.009298 0.091235 -0.147195
v 0.006414 0.075794 -0.147195
v 0.009298 0.091235 -0.141738
v 0.006414 0.075794 -0.141738
v 0.006414 0.089198 -0.141738
v 0.009298 0.075794 -0.141738
v 0.006414 0.089198 -0.147195
v 0.006414 0.075794 -0.141738
v 0.006414 0.075794 -0.147195
v 0.006414 0.089198 -0.141738
v 0.009298 0.091235 -0.147195
v 0.009298 0.091235 -0.141738
v -0.009889 0.079936 -0.010015
v -0.005065 0.079936 -0.005191
v -0.007957 0.079936 -0.007123
v 0.007260 0.079936 -0.013426
v -0.010567 0.079936 -0.013426
v -0.001654 0.079936 -0.004513
v 0.001757 0.079936 -0.005191
v 0.004649 0.079936 -0.007123
v 0.006581 0.079936 -0.010015
v -0.009889 0.079936 -0.016837
v 0.006581 0.079936 -0.016837
v -0.005065 0.079936 -0.021661
v -0.007957 0.079936 -0.019729
v -0.001654 0.079936 -0.022340
v 0.004649 0.079936 -0.019729
v 0.001757 0.079936 -0.021661
v 0.004649 0.079936 -0.019729
v 0.001757 0.075967 -0.021661
v 0.004649 0.075967 -0.019729
v 0.001757 0.079936 -0.021661
v -0.001654 0.075967 -0.022340
v -0.001654 0.079936 -0.022340
v -0.005065 0.075967 -0.021661
v -0.005065 0.079936 -0.021661
v -0.007957 0.075967 -0.019729
v -0.007957 0.079936 -0.019729
v 0.006581 0.075967 -0.016837
v 0.004649 0.079936 -0.019729
v 0.004649 0.075967 -0.019729
v 0.006581 0.079936 -0.016837
v 0.007260 0.079936 -0.013426
v 0.007260 0.075967 -0.013426
v 0.006581 0.079936 -0.010015
v 0.006581 0.075967 -0.010015
v 0.004649 0.079936 -0.007123
v 0.004649 0.075967 -0.007123
v 0.001757 0.075967 -0.005191
v 0.004649 0.079936 -0.007123
v 0.004649 0.075967 -0.007123
v 0.001757 0.079936 -0.005191
v -0.001654 0.079936 -0.004513
v -0.001654 0.075967 -0.004513
v -0.005065 0.075967 -0.005191
v -0.001654 0.079936 -0.004513
v -0.001654 0.075967 -0.004513
v -0.005065 0.079936 -0.005191
v -0.007957 0.079936 -0.007123
v -0.007957 0.075967 -0.007123
v -0.009889 0.075967 -0.010015
v -0.007957 0.079936 -0.007123
v -0.009889 0.075967 -0.010015
v -0.009889 0.079936 -0.010015
v -0.010567 0.079936 -0.013426
v -0.010567 0.075967 -0.013426
v -0.009889 0.075967 -0.016837
v -0.009889 0.079936 -0.016837
v -0.007957 0.079936 -0.019729
v -0.007957 0.075967 -0.019729
v 0.007260 0.075967 -0.013426
v 0.004649 0.075967 -0.007123
v 0.006581 0.075967 -0.010015
v 0.001757 0.075967 -0.005191
v 0.004649 0.075967 -0.019729
v 0.006581 0.075967 -0.016837
v -0.001654 0.075967 -0.004513
v -0.005065 0.075967 -0.021661
v -0.001654 0.075967 -0.022340
v 0.001757 0.075967 -0.021661
v -0.007957 0.075967 -0.019729
v -0.009889 0.075967 -0.010015
v -0.005065 0.075967 -0.005191
v -0.007957 0.075967 -0.007123
v -0.009889 0.075967 -0.016837
v -0.010567 0.075967 -0.013426
v -0.001651 0.074554 0.093187
v 0.001410 0.074554 0.090939
v 0.000848 0.074554 0.092517
v -0.004754 0.074554 0.090939
v -0.003989 0.074554 0.092572
v 0.001436 0.074554 0.088713
v -0.004780 0.074554 0.088713
v 0.001474 0.074554 0.085494
v -0.004818 0.074554 0.085494
v 0.001516 0.074554 0.082004
v -0.004860 0.074554 0.082004
v 0.001129 0.074554 0.051474
v -0.004437 0.074554 0.051474
v -0.004469 0.074554 0.048503
v 0.001161 0.074554 0.048503
v -0.004503 0.074554 0.045221
v 0.001196 0.074554 0.045221
v 0.001377 0.074554 -0.027047
v -0.004685 0.074554 -0.027047
v 0.003947 0.074554 -0.028764
v -0.007254 0.074554 -0.028764
v -0.008971 0.074554 -0.031333
v 0.005664 0.074554 -0.031333
v -0.009574 0.074554 -0.034364
v 0.006266 0.074554 -0.034364
v -0.008971 0.074554 -0.037395
v 0.005664 0.074554 -0.037395
v -0.007254 0.074554 -0.039964
v 0.003947 0.074554 -0.039964
v 0.001377 0.074554 -0.041681
v -0.001650 0.074554 -0.042597
v -0.004685 0.074554 -0.041681
v 0.007425 0.091710 -0.013426
v 0.005380 0.094882 -0.010513
v 0.006334 0.095108 -0.013426
v 0.006064 0.091711 -0.016851
v 0.005380 0.094882 -0.016340
v 0.004265 0.091715 -0.020600
v 0.003730 0.094194 -0.018810
v 0.003719 0.087421 -0.020561
v 0.005380 0.086986 -0.016818
v 0.006691 0.086986 -0.013426
v 0.002388 0.084262 -0.018688
v 0.003740 0.084265 -0.016315
v 0.001854 0.082924 -0.018064
v 0.000479 0.084258 -0.020185
v 0.000187 0.082924 -0.019361
v 0.003050 0.082924 -0.015980
v 0.002047 0.081323 -0.018208
v 0.000300 0.081327 -0.019568
v 0.000616 0.079641 -0.020263
v 0.002604 0.079641 -0.018716
v 0.003284 0.081319 -0.016051
v 0.003982 0.079641 -0.016315
v 0.004476 0.079641 -0.013426
v 0.003732 0.081318 -0.013426
v 0.003486 0.082924 -0.013426
v 0.003050 0.082924 -0.010872
v 0.003284 0.081319 -0.010801
v 0.003982 0.079641 -0.010537
v 0.002047 0.081323 -0.008645
v 0.002604 0.079641 -0.008137
v 0.002047 0.081323 -0.008645
v 0.003050 0.082924 -0.010872
v 0.003284 0.081319 -0.010801
v 0.001854 0.082924 -0.008789
v 0.002388 0.084262 -0.008165
v 0.000187 0.082924 -0.007492
v 0.000300 0.081327 -0.007285
v 0.000616 0.079641 -0.006590
v 0.002604 0.079641 -0.008137
v 0.003740 0.084265 -0.010537
v 0.003486 0.082924 -0.013426
v 0.004684 0.084266 -0.013426
v 0.003050 0.082924 -0.015980
v 0.003740 0.084265 -0.016315
v 0.006691 0.086986 -0.013426
v 0.005380 0.086986 -0.010035
v 0.006064 0.091711 -0.010001
v 0.007425 0.091710 -0.013426
v 0.005380 0.094882 -0.010513
v 0.004265 0.091586 -0.006483
v 0.003730 0.094194 -0.008043
v 0.000479 0.091854 -0.004692
v 0.000479 0.094295 -0.006800
v -0.001654 0.094293 -0.006302
v -0.001654 0.091852 -0.004194
v -0.001654 0.087728 -0.004510
v 0.003719 0.087615 -0.006611
v 0.000479 0.087730 -0.005008
v 0.000479 0.084258 -0.006668
v -0.001654 0.084256 -0.006170
v -0.001654 0.082924 -0.007065
v 0.000300 0.081327 -0.007285
v -0.001654 0.082924 -0.007065
v 0.000187 0.082924 -0.007492
v -0.001654 0.081329 -0.006832
v 0.000616 0.079641 -0.006590
v -0.001654 0.079641 -0.006064
v -0.001654 0.084262 -0.008099
v 0.001302 0.084262 -0.011527
v 0.001107 0.084262 -0.009588
v -0.001654 0.084262 -0.010964
v -0.004414 0.084262 -0.009588
v -0.004609 0.084262 -0.011527
v 0.001349 0.084262 -0.013426
v -0.001654 0.084262 -0.013426
v -0.004656 0.084262 -0.013426
v -0.004313 0.084262 -0.015326
v -0.001654 0.084262 -0.015888
v 0.001006 0.084262 -0.015326
v 0.001393 0.084262 -0.017245
v -0.001654 0.084262 -0.018753
v -0.004701 0.084262 -0.017245
v -0.003786 0.084258 -0.020185
v -0.005695 0.084262 -0.018688
v -0.001654 0.084256 -0.020683
v 0.000479 0.084258 -0.020185
v 0.002388 0.084262 -0.018688
v 0.001988 0.094882 -0.016066
v 0.003730 0.094194 -0.018810
v 0.005380 0.094882 -0.016340
v 0.001480 0.095108 -0.013426
v 0.006334 0.095108 -0.013426
v 0.001494 0.094882 -0.010787
v 0.005380 0.094882 -0.010513
v 0.001629 0.094731 -0.009453
v 0.003730 0.094194 -0.008043
v 0.000479 0.094295 -0.006800
v 0.000264 0.094871 -0.008258
v -0.001654 0.094871 -0.007987
v -0.001654 0.094293 -0.006302
v -0.003786 0.094295 -0.006800
v -0.003572 0.094871 -0.008258
v -0.007037 0.094194 -0.008043
v -0.004937 0.094731 -0.009453
v -0.004802 0.094882 -0.010787
v -0.008688 0.094882 -0.010513
v -0.009642 0.095108 -0.013426
v -0.004788 0.095108 -0.013426
v -0.005295 0.094882 -0.016066
v -0.008688 0.094882 -0.016340
v -0.007037 0.094194 -0.018810
v 0.000479 0.084258 -0.020185
v -0.001654 0.082924 -0.019787
v 0.000187 0.082924 -0.019361
v -0.001654 0.084256 -0.020683
v -0.003786 0.084258 -0.020185
v -0.003494 0.082924 -0.019361
v -0.005162 0.082924 -0.018064
v -0.005695 0.084262 -0.018688
v -0.006357 0.082924 -0.015980
v -0.007048 0.084265 -0.016315
v -0.007027 0.087421 -0.020561
v -0.008688 0.086986 -0.016818
v -0.007573 0.091715 -0.020600
v -0.009371 0.091711 -0.016851
v -0.007037 0.094194 -0.018810
v -0.008688 0.094882 -0.016340
v -0.010732 0.091710 -0.013426
v -0.009642 0.095108 -0.013426
v -0.009371 0.091711 -0.010001
v -0.009999 0.086986 -0.013426
v -0.007992 0.084266 -0.013426
v -0.006794 0.082924 -0.013426
v -0.006357 0.082924 -0.010872
v -0.006591 0.081319 -0.010801
v -0.007040 0.081318 -0.013426
v -0.006591 0.081319 -0.016051
v -0.005354 0.081323 -0.018208
v -0.003607 0.081327 -0.019568
v -0.005912 0.079641 -0.018716
v -0.003923 0.079641 -0.020263
v -0.007290 0.079641 -0.016315
v -0.007783 0.079641 -0.013426
v -0.007290 0.079641 -0.010537
v -0.005354 0.081323 -0.008645
v -0.005912 0.079641 -0.008137
v 0.003719 0.087421 -0.020561
v 0.001393 0.084262 -0.017245
v 0.002388 0.084262 -0.018688
v 0.002300 0.087822 -0.017777
v 0.001006 0.084262 -0.015326
v 0.004265 0.091715 -0.020600
v 0.001274 0.087940 -0.015587
v 0.001349 0.084262 -0.013426
v 0.002685 0.091370 -0.017988
v 0.003730 0.094194 -0.018810
v 0.003224 0.094194 -0.018304
v 0.001400 0.091387 -0.015780
v 0.001988 0.094882 -0.016066
v 0.001480 0.095108 -0.013426
v 0.001384 0.091398 -0.013426
v 0.001590 0.091387 -0.011073
v 0.001494 0.094882 -0.010787
v 0.001629 0.094731 -0.009453
v 0.001629 0.091319 -0.009578
v 0.001869 0.087822 -0.009312
v 0.001342 0.087995 -0.013426
v 0.001495 0.087940 -0.011266
v 0.001107 0.084262 -0.009588
v 0.001302 0.084262 -0.011527
v 0.000264 0.094871 -0.008258
v 0.001629 0.091319 -0.009578
v 0.001629 0.094731 -0.009453
v 0.000264 0.091459 -0.008383
v 0.000264 0.087846 -0.008383
v 0.001869 0.087822 -0.009312
v 0.001107 0.084262 -0.009588
v -0.001654 0.084262 -0.008099
v -0.001654 0.091459 -0.008112
v -0.001654 0.094871 -0.007987
v -0.003572 0.094871 -0.008258
v -0.001654 0.087846 -0.008112
v -0.004414 0.084262 -0.009588
v -0.003572 0.091459 -0.008383
v -0.004937 0.094731 -0.009453
v -0.004937 0.091319 -0.009578
v -0.003572 0.087846 -0.008383
v -0.005177 0.087822 -0.009312
v -0.009371 0.091711 -0.010001
v -0.009642 0.095108 -0.013426
v -0.008688 0.094882 -0.010513
v -0.007573 0.091586 -0.006483
v -0.008688 0.086986 -0.010035
v -0.010732 0.091710 -0.013426
v -0.009999 0.086986 -0.013426
v -0.007027 0.087615 -0.006611
v -0.003786 0.091854 -0.004692
v -0.007048 0.084265 -0.010537
v -0.007992 0.084266 -0.013426
v -0.006357 0.082924 -0.010872
v -0.003786 0.087730 -0.005008
v -0.001654 0.091852 -0.004194
v -0.001654 0.087728 -0.004510
v -0.005162 0.082924 -0.008789
v -0.006591 0.081319 -0.010801
v -0.005354 0.081323 -0.008645
v -0.005695 0.084262 -0.008165
v -0.003786 0.084258 -0.006668
v -0.001654 0.084256 -0.006170
v -0.003494 0.082924 -0.007492
v -0.001654 0.082924 -0.007065
v -0.003607 0.081327 -0.007285
v -0.001654 0.081329 -0.006832
v -0.003923 0.079641 -0.006590
v -0.005912 0.079641 -0.008137
v -0.001654 0.079641 -0.006064
v -0.007573 0.091586 -0.006483
v -0.008688 0.094882 -0.010513
v -0.007037 0.094194 -0.008043
v -0.003786 0.094295 -0.006800
v -0.003786 0.091854 -0.004692
v -0.001654 0.091852 -0.004194
v -0.001654 0.094293 -0.006302
v -0.004802 0.094882 -0.010787
v -0.004937 0.091319 -0.009578
v -0.004937 0.094731 -0.009453
v -0.004898 0.091387 -0.011073
v -0.004692 0.091398 -0.013426
v -0.004788 0.095108 -0.013426
v -0.005295 0.094882 -0.016066
v -0.004803 0.087940 -0.011266
v -0.005177 0.087822 -0.009312
v -0.004609 0.084262 -0.011527
v -0.004414 0.084262 -0.009588
v -0.004649 0.087995 -0.013426
v -0.004656 0.084262 -0.013426
v -0.004581 0.087940 -0.015587
v -0.004313 0.084262 -0.015326
v -0.004701 0.084262 -0.017245
v -0.004707 0.091387 -0.015780
v -0.006531 0.094194 -0.018304
v -0.005608 0.087822 -0.017777
v -0.005992 0.091370 -0.017988
v -0.007037 0.094194 -0.018810
v -0.007573 0.091715 -0.020600
v -0.007027 0.087421 -0.020561
v -0.005695 0.084262 -0.018688
v -0.005162 0.082924 -0.018064
v -0.003607 0.081327 -0.019568
v -0.003494 0.082924 -0.019361
v -0.001654 0.082924 -0.019787
v -0.001654 0.081329 -0.020021
v 0.000187 0.082924 -0.019361
v -0.003923 0.079641 -0.020263
v 0.000300 0.081327 -0.019568
v -0.001654 0.079641 -0.020788
v 0.000616 0.079641 -0.020263
v -0.018358 0.033870 0.001417
v -0.018358 0.030593 -0.000322
v -0.018358 0.032494 -0.000003
v -0.018358 0.028561 0.000081
v -0.018358 0.026898 0.001302
v -0.018358 0.025928 0.002771
v -0.018358 0.034821 0.003123
v -0.018358 0.025647 0.004803
v -0.018358 0.025903 0.006660
v -0.018358 0.026841 0.008451
v -0.018358 0.029291 0.012492
v -0.018358 0.030335 0.015963
v -0.018358 0.034854 0.059324
v -0.018358 0.030335 0.045676
v -0.018358 0.030446 0.064479
v -0.018358 0.032985 0.062991
v -0.018358 0.029080 0.046738
v -0.018358 0.028428 0.065290
v -0.018358 0.027773 0.047053
v -0.018358 0.026323 0.065416
v -0.018358 0.023386 0.064958
v -0.018358 0.020494 0.063189
v -0.018358 0.026134 0.046757
v -0.018358 0.018296 0.060204
v -0.018358 0.025134 0.045676
v -0.018358 0.023134 0.046686
v -0.018358 0.025134 0.024109
v -0.018358 0.023134 0.022313
v -0.018358 0.022088 0.047049
v -0.018358 0.026952 0.023331
v -0.018358 0.021192 0.046686
v -0.018358 0.027886 0.022472
v -0.018358 0.017210 0.055874
v -0.018358 0.017210 0.047028
v -0.018358 0.017210 0.034173
v -0.018358 0.020831 0.034173
v -0.018358 0.017210 0.020264
v -0.018358 0.020613 0.020264
v -0.018358 0.028068 0.021514
v -0.018358 0.017390 0.010767
v -0.018358 0.020449 0.010767
v -0.018358 0.020805 0.005817
v -0.018358 0.017796 0.004905
v -0.018358 0.021259 0.001469
v -0.018358 0.018600 0.000245
v -0.018358 0.022086 -0.002975
v -0.018358 0.019847 -0.004074
v -0.018358 0.024288 -0.008179
v -0.018358 0.022242 -0.009382
v -0.018358 0.028772 -0.014791
v -0.018358 0.026504 -0.016644
v -0.018358 0.027726 0.020155
v -0.018358 0.030508 -0.014925
v -0.018358 0.025199 -0.019407
v -0.018358 0.025089 -0.021769
v -0.018358 0.033217 -0.015659
v -0.018358 0.025755 -0.023738
v -0.018358 0.034556 -0.017264
v -0.018358 0.035020 -0.019547
v -0.018358 0.027409 -0.024957
v -0.018358 0.034908 -0.021188
v -0.018358 0.029381 -0.025410
v -0.018358 0.031528 -0.025284
v -0.018358 0.033145 -0.024645
v -0.018358 0.034296 -0.023229
v -0.018358 0.026715 0.018736
v -0.018358 0.024182 0.017905
v -0.018358 0.025477 0.018013
v -0.018358 0.023134 0.018131
v -0.018358 0.021192 0.046686
v -0.017029 0.020831 0.034173
v -0.017029 0.021192 0.046686
v -0.018358 0.020831 0.034173
v -0.017029 0.020613 0.020264
v -0.018358 0.020613 0.020264
v -0.018358 0.020449 0.010767
v -0.017029 0.020449 0.010767
v -0.017029 0.020805 0.005817
v -0.018358 0.020805 0.005817
v -0.017029 0.021259 0.001469
v -0.018358 0.021259 0.001469
v -0.017029 0.022086 -0.002975
v -0.018358 0.022086 -0.002975
v -0.017029 0.024288 -0.008179
v -0.018358 0.024288 -0.008179
v -0.017029 0.028772 -0.014791
v -0.018358 0.028772 -0.014791
v -0.017029 0.020494 0.063189
v -0.018358 0.018296 0.060204
v -0.018358 0.020494 0.063189
v -0.017029 0.018296 0.060204
v -0.018358 0.017210 0.055874
v -0.017029 0.017210 0.055874
v -0.017029 0.017210 0.047028
v -0.018358 0.017210 0.047028
v -0.017029 0.017210 0.034173
v -0.018358 0.017210 0.034173
v -0.018358 0.017210 0.020264
v -0.017029 0.017210 0.020264
v -0.017029 0.017390 0.010767
v -0.018358 0.017390 0.010767
v -0.018358 0.017796 0.004905
v -0.017029 0.017796 0.004905
v -0.017029 0.018600 0.000245
v -0.018358 0.018600 0.000245
v -0.018358 0.019847 -0.004074
v -0.017029 0.019847 -0.004074
v -0.018358 0.022242 -0.009382
v -0.017029 0.022242 -0.009382
v -0.018358 0.026504 -0.016644
v -0.017029 0.026504 -0.016644
v -0.017029 0.025199 -0.019407
v -0.018358 0.025199 -0.019407
v -0.017029 0.025089 -0.021769
v -0.018358 0.025089 -0.021769
v -0.018358 0.025755 -0.023738
v -0.017029 0.025755 -0.023738
v -0.018358 0.022088 0.047049
v -0.017029 0.023134 0.046686
v -0.018358 0.023134 0.046686
v -0.017029 0.022088 0.047049
v -0.018358 0.021192 0.046686
v -0.017029 0.021192 0.046686
v -0.017029 0.023134 0.024109
v -0.018358 0.023134 0.046686
v -0.017029 0.023134 0.046686
v -0.018358 0.023134 0.022313
v -0.017029 0.023134 0.018131
v -0.018358 0.023134 0.018131
v -0.017029 0.020494 0.063189
v -0.018358 0.023386 0.064958
v -0.017029 0.023386 0.064958
v -0.018358 0.020494 0.063189
v -0.018358 0.023386 0.064958
v -0.017029 0.026323 0.065416
v -0.017029 0.023386 0.064958
v -0.018358 0.026323 0.065416
v -0.018358 0.028428 0.065290
v -0.017029 0.028428 0.065290
v -0.017029 0.030446 0.064479
v -0.018358 0.030446 0.064479
v -0.018358 0.032985 0.062991
v -0.017029 0.032985 0.062991
v -0.017029 0.029080 0.046738
v -0.018358 0.030335 0.045676
v -0.018358 0.029080 0.046738
v -0.018358 0.027773 0.047053
v -0.017029 0.027773 0.047053
v -0.017029 0.026134 0.046757
v -0.018358 0.026134 0.046757
v -0.018358 0.026134 0.046757
v -0.017029 0.025134 0.045676
v -0.017029 0.026134 0.046757
v -0.018358 0.025134 0.045676
v -0.017029 0.025134 0.024109
v -0.018358 0.025134 0.024109
v -0.017029 0.030335 0.015963
v -0.018358 0.030335 0.045676
v -0.017029 0.030335 0.045676
v -0.018358 0.030335 0.015963
v -0.017029 0.029291 0.012492
v -0.018358 0.029291 0.012492
v -0.018358 0.026841 0.008451
v -0.017029 0.026841 0.008451
v -0.017029 0.025903 0.006660
v -0.018358 0.025903 0.006660
v -0.017029 0.025647 0.004803
v -0.018358 0.025647 0.004803
v -0.018358 0.025928 0.002771
v -0.017029 0.025928 0.002771
v -0.017029 0.026898 0.001302
v -0.018358 0.026898 0.001302
v -0.017029 0.034854 0.059324
v -0.018358 0.034821 0.003123
v -0.017029 0.034821 0.003123
v -0.018358 0.034854 0.059324
v -0.018358 0.033870 0.001417
v -0.017029 0.034821 0.003123
v -0.018358 0.034821 0.003123
v -0.017029 0.033870 0.001417
v -0.017029 0.032494 -0.000003
v -0.018358 0.032494 -0.000003
v -0.017029 0.028561 0.000081
v -0.018358 0.026898 0.001302
v -0.017029 0.026898 0.001302
v -0.018358 0.028561 0.000081
v -0.018358 0.030593 -0.000322
v -0.018358 0.032494 -0.000003
v -0.017029 0.030593 -0.000322
v -0.017029 0.032494 -0.000003
v -0.018358 0.030593 -0.000322
v -0.017029 0.028561 0.000081
v -0.017029 0.032985 0.062991
v -0.018358 0.034854 0.059324
v -0.017029 0.034854 0.059324
v -0.018358 0.032985 0.062991
v -0.018358 0.025134 0.024109
v -0.017029 0.026952 0.023331
v -0.017029 0.025134 0.024109
v -0.018358 0.026952 0.023331
v -0.018358 0.027886 0.022472
v -0.017029 0.026952 0.023331
v -0.018358 0.027886 0.022472
v -0.017029 0.027886 0.022472
v -0.017029 0.028068 0.021514
v -0.018358 0.028068 0.021514
v -0.018358 0.027726 0.020155
v -0.017029 0.027726 0.020155
v -0.017029 0.026715 0.018736
v -0.017029 0.026715 0.018736
v -0.018358 0.027726 0.020155
v -0.018358 0.026715 0.018736
v -0.017029 0.025477 0.018013
v -0.018358 0.025477 0.018013
v -0.017029 0.024182 0.017905
v -0.018358 0.024182 0.017905
v -0.017029 0.023134 0.018131
v -0.018358 0.023134 0.018131
v -0.018358 0.030508 -0.014925
v -0.017029 0.028772 -0.014791
v -0.018358 0.028772 -0.014791
v -0.017029 0.030508 -0.014925
v -0.018358 0.033217 -0.015659
v -0.017029 0.033217 -0.015659
v -0.017029 0.034556 -0.017264
v -0.018358 0.033217 -0.015659
v -0.018358 0.034556 -0.017264
v -0.017029 0.033217 -0.015659
v -0.017029 0.025755 -0.023738
v -0.018358 0.027409 -0.024957
v -0.018358 0.025755 -0.023738
v -0.017029 0.027409 -0.024957
v -0.017029 0.029381 -0.025410
v -0.018358 0.029381 -0.025410
v -0.018358 0.031528 -0.025284
v -0.017029 0.031528 -0.025284
v -0.018358 0.033145 -0.024645
v -0.017029 0.033145 -0.024645
v -0.018358 0.035020 -0.019547
v -0.017029 0.034556 -0.017264
v -0.018358 0.034556 -0.017264
v -0.017029 0.035020 -0.019547
v -0.017029 0.034908 -0.021188
v -0.018358 0.034908 -0.021188
v -0.018358 0.034296 -0.023229
v -0.017029 0.034296 -0.023229
v -0.017029 0.033145 -0.024645
v -0.018358 0.033145 -0.024645
v 0.013052 0.014661 0.010931
v 0.013052 0.023945 -0.035950
v 0.013052 0.014661 -0.030673
v 0.013052 0.036087 0.010931
v 0.013052 0.028951 -0.046063
v 0.013052 0.009005 0.022160
v 0.013052 0.036087 -0.076708
v 0.013052 0.028951 -0.076221
v 0.013052 0.014883 0.042305
v 0.013052 0.015795 0.060239
v 0.013052 0.009005 0.032139
v 0.013052 0.004470 0.031202
v 0.013052 0.004321 0.025894
v 0.013052 -0.000932 0.031693
v 0.013052 -0.005823 0.027867
v 0.013052 -0.005823 0.033230
v 0.013052 0.036087 0.090829
v 0.013052 0.015289 0.074801
v 0.013052 0.008817 0.079483
v 0.013052 -0.018953 0.028750
v 0.013052 -0.011936 0.036534
v 0.013052 -0.014301 0.043450
v 0.013052 -0.018953 0.090558
v 0.013052 -0.018953 0.058817
v 0.013052 -0.014827 0.058817
v 0.013052 -0.014827 0.067380
v 0.013052 -0.000313 0.079483
v 0.013052 -0.012936 0.075577
v 0.013052 -0.006830 0.078249
v -0.017364 0.028951 -0.076221
v 0.013052 0.028951 -0.046063
v 0.013052 0.028951 -0.076221
v -0.017364 0.028951 -0.046063
v -0.017364 0.023945 -0.035950
v 0.013052 0.023945 -0.035950
v -0.017364 0.014661 -0.030673
v 0.013052 0.014661 -0.030673
v 0.013052 0.036087 -0.076708
v -0.017364 0.028951 -0.076221
v 0.013052 0.028951 -0.076221
v -0.017364 0.036087 -0.076708
v -0.017364 0.009005 0.022160
v 0.013052 0.004321 0.025894
v 0.013052 0.009005 0.022160
v -0.017364 0.004321 0.025894
v -0.017364 -0.005823 0.027867
v 0.013052 -0.005823 0.027867
v 0.013052 -0.018953 0.028750
v -0.017364 -0.018953 0.028750
v -0.017364 0.014661 0.010931
v -0.017364 0.014661 -0.030673
v -0.017364 0.023945 -0.035950
v -0.017364 0.036087 0.010931
v -0.017364 0.028951 -0.046063
v -0.017364 0.009005 0.022160
v -0.017364 0.036087 -0.076708
v -0.017364 0.028951 -0.076221
v -0.017364 0.014883 0.042305
v -0.017364 0.015795 0.060239
v -0.017364 0.009005 0.032139
v -0.017364 0.004321 0.025894
v -0.017364 0.004470 0.031202
v -0.017364 0.036087 0.090829
v -0.017364 0.015289 0.074801
v -0.017364 0.008817 0.079483
v -0.017364 -0.005823 0.027867
v -0.017364 -0.000932 0.031693
v -0.017364 -0.005823 0.033230
v -0.017364 -0.018953 0.090558
v -0.017364 -0.018953 0.028750
v -0.017364 -0.011936 0.036534
v -0.017364 -0.014301 0.043450
v -0.017364 -0.000313 0.079483
v -0.017364 -0.018953 0.058817
v -0.017364 -0.014827 0.058817
v -0.017364 -0.014827 0.067380
v -0.017364 -0.006830 0.078249
v -0.017364 -0.012936 0.075577
v -0.017364 0.014661 0.010931
v 0.013052 0.014661 -0.030673
v -0.017364 0.014661 -0.030673
v 0.013052 0.014661 0.010931
v -0.017364 0.009005 0.022160
v 0.013052 0.009005 0.022160
v -0.017364 0.014883 0.042305
v 0.013052 0.009005 0.032139
v -0.017364 0.009005 0.032139
v 0.013052 0.014883 0.042305
v -0.017364 0.015795 0.060239
v 0.013052 0.015795 0.060239
v 0.013052 0.015289 0.074801
v -0.017364 0.015289 0.074801
v 0.013052 0.004470 0.031202
v -0.017364 0.009005 0.032139
v 0.013052 0.009005 0.032139
v -0.017364 0.004470 0.031202
v -0.017364 -0.000932 0.031693
v 0.013052 -0.000932 0.031693
v 0.013052 -0.005823 0.033230
v -0.017364 -0.005823 0.033230
v 0.013052 -0.011936 0.036534
v -0.017364 -0.011936 0.036534
v -0.017364 0.015289 0.074801
v 0.013052 0.008817 0.079483
v 0.013052 0.015289 0.074801
v -0.017364 0.008817 0.079483
v -0.017364 -0.000313 0.079483
v 0.013052 -0.000313 0.079483
v 0.013052 -0.006830 0.078249
v -0.017364 -0.006830 0.078249
v -0.017364 -0.012936 0.075577
v 0.013052 -0.012936 0.075577
v 0.013052 -0.018953 0.090558
v -0.017364 0.036087 0.090829
v 0.013052 0.036087 0.090829
v -0.017364 -0.018953 0.090558
v -0.017364 -0.014827 0.067380
v 0.013052 -0.012936 0.075577
v -0.017364 -0.012936 0.075577
v 0.013052 -0.014827 0.067380
v 0.013052 -0.014827 0.058817
v -0.017364 -0.014827 0.058817
v 0.013052 -0.014301 0.043450
v -0.017364 -0.014301 0.043450
v -0.017364 -0.011936 0.036534
v 0.013052 -0.011936 0.036534
v 0.013052 -0.018953 0.090558
v -0.017364 -0.018953 0.058817
v -0.017364 -0.018953 0.090558
v 0.013052 -0.018953 0.058817
v -0.017364 -0.018953 0.028750
v 0.013052 -0.018953 0.028750
v 0.015768 -0.002301 0.011628
v 0.015768 0.005394 0.010086
v 0.015768 0.000490 0.009954
v 0.015768 0.007417 0.011462
v 0.015768 0.008515 0.013824
v 0.015768 -0.003666 0.013118
v 0.015768 0.008939 0.016568
v 0.015768 -0.004874 0.015589
v 0.015768 -0.004874 0.018563
v 0.015768 0.007959 0.019572
v 0.015768 -0.004327 0.022196
v 0.015768 0.006212 0.022196
v 0.015768 -0.002692 0.025659
v 0.015768 0.006630 0.023006
v 0.015768 0.000254 0.028637
v 0.015768 0.007464 0.023801
v 0.015768 0.005672 0.030792
v 0.015768 0.010288 0.025734
v 0.015768 0.015567 0.030439
v 0.015768 0.010727 0.034188
v 0.015768 0.019037 0.035797
v 0.015768 0.013268 0.038261
v 0.015768 0.022351 0.044239
v 0.015768 0.014663 0.045688
v 0.015768 0.023597 0.050806
v 0.015768 0.014972 0.052058
v 0.015768 0.015346 0.063126
v 0.015768 0.024654 0.063166
v 0.015768 0.015346 0.063126
v 0.014024 0.025141 0.063806
v 0.015768 0.024654 0.063166
v 0.014024 0.015324 0.063765
v 0.014024 0.015324 0.063765
v 0.014024 0.025318 0.073755
v 0.014024 0.025141 0.063806
v 0.014024 0.015324 0.071359
v 0.014024 0.023483 0.079545
v 0.014024 0.014128 0.074932
v 0.014024 0.019689 0.083599
v 0.014024 0.012327 0.077410
v 0.014024 0.014720 0.087350
v 0.014024 0.010376 0.078846
v 0.014024 0.007282 0.089876
v 0.014024 0.007144 0.079820
v 0.014024 0.007282 0.089876
v 0.017517 0.004993 0.079760
v 0.017517 0.005131 0.090906
v 0.014024 0.007144 0.079820
v 0.017517 0.002981 0.079100
v 0.017517 0.005131 0.090906
v 0.017517 0.004993 0.079760
v 0.017517 0.003120 0.090906
v 0.017517 0.000977 0.077080
v 0.017517 0.001115 0.090906
v 0.017517 -0.007207 0.090906
v 0.017517 -0.007345 0.074787
v 0.015768 0.007417 0.011462
v 0.011968 0.008515 0.013824
v 0.011968 0.007417 0.011462
v 0.015768 0.008515 0.013824
v 0.011968 0.008939 0.016568
v 0.015768 0.008939 0.016568
v 0.015768 0.007959 0.019572
v 0.011968 0.007959 0.019572
v 0.015768 0.006212 0.022196
v 0.011968 0.006212 0.022196
v 0.015768 0.006630 0.023006
v 0.011968 0.006630 0.023006
v 0.011968 -0.002301 0.011628
v 0.015768 0.000490 0.009954
v 0.011968 0.000490 0.009954
v 0.011968 0.005394 0.010086
v 0.015768 0.005394 0.010086
v 0.015768 0.007417 0.011462
v 0.011968 0.007417 0.011462
v 0.015768 0.000490 0.009954
v 0.011968 -0.002301 0.011628
v 0.015768 -0.002301 0.011628
v 0.011968 -0.003666 0.013118
v 0.015768 -0.003666 0.013118
v 0.015768 -0.004874 0.015589
v 0.011968 -0.004874 0.015589
v 0.011968 -0.004874 0.018563
v 0.015768 -0.004874 0.018563
v 0.015768 -0.004327 0.022196
v 0.011968 -0.004327 0.022196
v 0.011968 -0.002692 0.025659
v 0.015768 -0.002692 0.025659
v 0.011968 0.000254 0.028637
v 0.015768 0.000254 0.028637
v 0.015768 0.006630 0.023006
v 0.011968 0.007464 0.023801
v 0.011968 0.006630 0.023006
v 0.015768 0.007464 0.023801
v 0.015768 0.010288 0.025734
v 0.011968 0.010288 0.025734
v 0.011968 0.015567 0.030439
v 0.015768 0.015567 0.030439
v 0.011968 0.000254 0.028637
v 0.015768 0.005672 0.030792
v 0.015768 0.000254 0.028637
v 0.011968 0.005672 0.030792
v 0.011968 0.010727 0.034188
v 0.015768 0.010727 0.034188
v 0.011968 0.013268 0.038261
v 0.015768 0.010727 0.034188
v 0.011968 0.010727 0.034188
v 0.015768 0.013268 0.038261
v 0.015768 0.014663 0.045688
v 0.011968 0.014663 0.045688
v 0.011968 0.014972 0.052058
v 0.015768 0.014972 0.052058
v 0.011968 0.015346 0.063126
v 0.015768 0.015346 0.063126
v 0.014024 0.015324 0.063765
v 0.011912 0.015324 0.063765
v 0.014024 0.015324 0.071359
v 0.011912 0.015324 0.071359
v 0.014024 0.014128 0.074932
v 0.011912 0.014128 0.074932
v 0.014024 0.012327 0.077410
v 0.011912 0.012327 0.077410
v 0.015768 0.015567 0.030439
v 0.011968 0.019037 0.035797
v 0.011968 0.015567 0.030439
v 0.015768 0.019037 0.035797
v 0.011968 0.022351 0.044239
v 0.015768 0.022351 0.044239
v 0.015768 0.023597 0.050806
v 0.011968 0.023597 0.050806
v 0.015768 0.024654 0.063166
v 0.011968 0.024654 0.063166
v 0.014024 0.025141 0.063806
v 0.011912 0.025141 0.063806
v 0.011912 0.025318 0.073755
v 0.014024 0.025318 0.073755
v 0.014024 0.023483 0.079545
v 0.011912 0.023483 0.079545
v 0.014024 0.019689 0.083599
v 0.011912 0.019689 0.083599
v 0.011912 0.012327 0.077410
v 0.014024 0.010376 0.078846
v 0.014024 0.012327 0.077410
v 0.011912 0.010376 0.078846
v 0.011912 0.007144 0.079820
v 0.014024 0.019689 0.083599
v 0.011912 0.014720 0.087350
v 0.011912 0.019689 0.083599
v 0.014024 0.014720 0.087350
v 0.014024 0.007282 0.089876
v 0.011912 0.007282 0.089876
v 0.012024 0.005131 0.090906
v 0.017517 0.005131 0.090906
v 0.017517 0.003120 0.090906
v 0.012024 0.003120 0.090906
v 0.017517 0.001115 0.090906
v 0.012024 0.001115 0.090906
v 0.017517 -0.007207 0.090906
v 0.012024 -0.007207 0.090906
v 0.014024 0.010376 0.078846
v 0.011912 0.007144 0.079820
v 0.014024 0.007144 0.079820
v 0.017517 0.004993 0.079760
v 0.003382 0.004993 0.079760
v 0.003270 0.007144 0.079820
v 0.017517 0.002981 0.079100
v 0.003382 0.002981 0.079100
v 0.017517 0.000977 0.077080
v 0.003382 0.000977 0.077080
v 0.017517 -0.007345 0.074787
v 0.003382 -0.007345 0.074787
v 0.017517 -0.007345 0.074787
v 0.012024 -0.007207 0.090906
v 0.017517 -0.007207 0.090906
v 0.012024 -0.007312 0.079360
v 0.003382 -0.007312 0.079360
v 0.003382 -0.007345 0.074787
v 0.003382 0.004993 0.083965
v 0.003270 0.007144 0.079820
v 0.003270 0.007144 0.084025
v 0.003382 0.004993 0.079760
v 0.003382 0.002981 0.083304
v 0.003382 0.002981 0.079100
v 0.003382 0.000977 0.077080
v 0.003382 0.000977 0.081285
v 0.003382 -0.007312 0.079360
v 0.003382 -0.007345 0.074787
v 0.003676 -0.012138 0.053859
v 0.003676 -0.007486 0.045238
v 0.003676 -0.012138 0.048893
v 0.003676 -0.005937 0.049029
v 0.003676 -0.002898 0.047266
v 0.003676 -0.004052 0.043383
v 0.003676 0.000327 0.047027
v 0.003676 0.000753 0.042698
v 0.003676 0.006344 0.042698
v 0.003676 0.005947 0.048399
v 0.003676 0.010197 0.051761
v 0.003676 0.010324 0.037486
v 0.003676 0.013853 0.034368
v 0.003676 0.015952 0.061947
v 0.003676 0.010324 0.033961
v -0.007987 -0.012138 0.053859
v 0.003676 -0.005937 0.049029
v 0.003676 -0.012138 0.053859
v -0.007987 -0.005937 0.049029
v 0.003676 -0.002898 0.047266
v -0.007987 -0.002898 0.047266
v 0.003676 0.000327 0.047027
v -0.007987 0.000327 0.047027
v 0.003676 0.005947 0.048399
v 0.003676 -0.012138 0.048893
v -0.007987 -0.007486 0.045238
v -0.007987 -0.012138 0.048893
v 0.003676 -0.007486 0.045238
v -0.007987 -0.004052 0.043383
v 0.003676 -0.004052 0.043383
v 0.003676 0.000753 0.042698
v -0.007987 0.000753 0.042698
v -0.007987 0.006344 0.042698
v 0.003676 0.006344 0.042698
v 0.003676 0.005947 0.048399
v -0.007987 0.000327 0.047027
v -0.007987 0.005947 0.048399
v 0.003676 0.010197 0.051761
v -0.007987 0.010197 0.051761
v 0.003676 0.015952 0.061947
v -0.007987 0.015952 0.061947
v 0.003676 0.010324 0.037486
v -0.007987 0.006344 0.042698
v 0.003676 0.006344 0.042698
v -0.007987 0.010324 0.037486
v 0.003676 0.010324 0.033961
v -0.007987 0.010324 0.033961
v -0.007987 0.013853 0.034368
v 0.003676 0.010324 0.033961
v 0.003676 0.013853 0.034368
v -0.007987 0.010324 0.033961
v -0.007987 -0.007486 0.045238
v -0.007987 -0.012138 0.053859
v -0.007987 -0.012138 0.048893
v -0.007987 -0.005937 0.049029
v -0.007987 -0.002898 0.047266
v -0.007987 -0.004052 0.043383
v -0.007987 0.000327 0.047027
v -0.007987 0.000753 0.042698
v -0.007987 0.005947 0.048399
v -0.007987 0.006344 0.042698
v -0.007987 0.010197 0.051761
v -0.007987 0.010324 0.037486
v -0.007987 0.013853 0.034368
v -0.007987 0.015952 0.061947
v -0.007987 0.010324 0.033961
v 0.003676 -0.012138 0.053859
v -0.007987 -0.012138 0.048893
v -0.007987 -0.012138 0.053859
v 0.003676 -0.012138 0.048893
v 0.014722 0.023481 0.024649
v 0.014722 0.020627 0.021795
v 0.014105 0.021367 0.023910
v 0.015514 0.023481 0.021795
v 0.014722 0.023481 0.018942
v 0.014722 0.026335 0.021795
v 0.014722 0.023481 0.018942
v 0.015514 0.023481 0.021795
v 0.014105 0.025595 0.019682
v 0.014105 0.025595 0.023910
v 0.015514 0.023481 0.021795
v 0.014722 0.023481 0.024649
v 0.014722 0.026335 0.021795
v 0.012344 0.019676 0.021795
v 0.014105 0.021367 0.019682
v 0.012344 0.020627 0.018942
v 0.014722 0.020627 0.021795
v 0.012344 0.020627 0.024649
v 0.014722 0.020627 0.021795
v 0.012344 0.019676 0.021795
v 0.014105 0.021367 0.023910
v 0.014722 0.023481 0.018942
v 0.012344 0.026335 0.018942
v 0.012344 0.023481 0.017990
v 0.014105 0.025595 0.019682
v 0.012344 0.023481 0.017990
v 0.014105 0.021367 0.019682
v 0.014722 0.023481 0.018942
v 0.012344 0.020627 0.018942
v 0.014722 0.026335 0.021795
v 0.012344 0.026335 0.024649
v 0.012344 0.027286 0.021795
v 0.014105 0.025595 0.023910
v 0.012344 0.027286 0.021795
v 0.014105 0.025595 0.019682
v 0.014722 0.026335 0.021795
v 0.012344 0.026335 0.018942
v 0.012344 0.023481 0.025601
v 0.014105 0.021367 0.023910
v 0.012344 0.020627 0.024649
v 0.014722 0.023481 0.024649
v 0.014105 0.025595 0.023910
v 0.012344 0.023481 0.025601
v 0.012344 0.026335 0.024649
v 0.014722 0.023481 0.024649
v 0.018210 0.029954 -0.004278
v 0.020077 0.027237 -0.009751
v 0.018210 0.027237 -0.004278
v 0.020077 0.029954 -0.009751
v 0.018210 0.029954 -0.015321
v 0.018210 0.027237 -0.015321
v 0.018210 0.029954 -0.026695
v 0.018210 0.027237 -0.026695
v 0.014323 0.027237 -0.004278
v 0.018210 0.027237 -0.004278
v 0.020077 0.027237 -0.009751
v 0.018210 0.027237 -0.015321
v 0.014323 0.027237 -0.026695
v 0.018210 0.027237 -0.026695
v 0.014323 0.027237 -0.026695
v 0.018210 0.029954 -0.026695
v 0.014323 0.029954 -0.026695
v 0.018210 0.027237 -0.026695
v 0.014323 0.029954 -0.026695
v 0.018210 0.029954 -0.026695
v 0.018210 0.029954 -0.015321
v 0.014323 0.029954 -0.004278
v 0.020077 0.029954 -0.009751
v 0.018210 0.029954 -0.004278
v 0.018210 0.029954 -0.004278
v 0.014323 0.027237 -0.004278
v 0.014323 0.029954 -0.004278
v 0.018210 0.027237 -0.004278
v 0.014323 0.027237 -0.026695
v 0.014323 0.029954 -0.004278
v 0.014323 0.027237 -0.004278
v 0.014323 0.029954 -0.026695
v 0.014323 0.022549 0.018773
v 0.014323 0.025266 0.037243
v 0.014323 0.022549 0.037243
v 0.014323 0.025266 0.018773
v 0.017673 0.022549 0.037243
v 0.017673 0.025266 0.018773
v 0.017673 0.022549 0.018773
v 0.017673 0.025266 0.037243
v 0.017673 0.022549 0.018773
v 0.014323 0.022549 0.037243
v 0.017673 0.022549 0.037243
v 0.014323 0.022549 0.018773
v 0.014323 0.025266 0.018773
v 0.017673 0.022549 0.018773
v 0.017673 0.025266 0.018773
v 0.014323 0.022549 0.018773
v 0.017673 0.025266 0.018773
v 0.014323 0.025266 0.037243
v 0.014323 0.025266 0.018773
v 0.017673 0.025266 0.037243
v 0.017673 0.022549 0.037243
v 0.014323 0.025266 0.037243
v 0.017673 0.025266 0.037243
v 0.014323 0.022549 0.037243
v 0.014722 0.029119 -0.019426
v 0.014722 0.026265 -0.022279
v 0.014105 0.027005 -0.020165
v 0.015514 0.029119 -0.022279
v 0.014722 0.029119 -0.025133
v 0.014722 0.031973 -0.022279
v 0.014722 0.029119 -0.025133
v 0.015514 0.029119 -0.022279
v 0.014105 0.031233 -0.024393
v 0.014105 0.031233 -0.020165
v 0.015514 0.029119 -0.022279
v 0.014722 0.029119 -0.019426
v 0.014722 0.031973 -0.022279
v 0.012344 0.025314 -0.022279
v 0.014105 0.027005 -0.024393
v 0.012344 0.026265 -0.025133
v 0.014722 0.026265 -0.022279
v 0.012344 0.026265 -0.019426
v 0.014722 0.026265 -0.022279
v 0.012344 0.025314 -0.022279
v 0.014105 0.027005 -0.020165
v 0.014722 0.029119 -0.025133
v 0.012344 0.031973 -0.025133
v 0.012344 0.029119 -0.026084
v 0.014105 0.031233 -0.024393
v 0.012344 0.029119 -0.026084
v 0.014105 0.027005 -0.024393
v 0.014722 0.029119 -0.025133
v 0.012344 0.026265 -0.025133
v 0.014722 0.031973 -0.022279
v 0.012344 0.031973 -0.019426
v 0.012344 0.032924 -0.022279
v 0.014105 0.031233 -0.020165
v 0.012344 0.032924 -0.022279
v 0.014105 0.031233 -0.024393
v 0.014722 0.031973 -0.022279
v 0.012344 0.031973 -0.025133
v 0.012344 0.029119 -0.018474
v 0.014105 0.027005 -0.020165
v 0.012344 0.026265 -0.019426
v 0.014722 0.029119 -0.019426
v 0.014105 0.031233 -0.020165
v 0.012344 0.029119 -0.018474
v 0.012344 0.031973 -0.019426
v 0.014722 0.029119 -0.019426
v 0.015547 0.031551 0.056654
v 0.015547 0.028697 0.053801
v 0.016473 0.028697 0.056654
v 0.014827 0.030811 0.054540
v 0.012769 0.028697 0.052849
v 0.012769 0.031551 0.053801
v 0.012769 0.032502 0.056654
v 0.015547 0.028697 0.059508
v 0.015547 0.031551 0.056654
v 0.016473 0.028697 0.056654
v 0.014827 0.030811 0.058768
v 0.012769 0.032502 0.056654
v 0.012769 0.031551 0.059508
v 0.012769 0.028697 0.060460
v 0.015547 0.028697 0.059508
v 0.012823 0.028697 0.056654
v 0.012769 0.028697 0.060460
v 0.016473 0.028697 0.056654
v 0.012769 0.028697 0.052849
v 0.015547 0.028697 0.053801
v 0.010632 0.073016 0.093233
v 0.011727 0.071452 0.119270
v 0.010632 0.073016 0.117706
v 0.011727 0.071452 0.091669
v 0.012823 0.069888 0.091328
v 0.012822 0.069888 0.119610
v 0.013918 0.068324 0.091669
v 0.013918 0.068324 0.119270
v 0.015013 0.066760 0.093233
v 0.015013 0.066760 0.117706
v 0.011727 0.071452 0.119270
v 0.009054 0.071911 0.117706
v 0.010632 0.073016 0.117706
v 0.010149 0.070347 0.119270
v 0.012822 0.069888 0.119610
v 0.011244 0.068783 0.119610
v 0.012340 0.067219 0.119270
v 0.013918 0.068324 0.119270
v 0.013435 0.065655 0.117706
v 0.015013 0.066760 0.117706
v 0.013918 0.068324 0.091669
v 0.013435 0.065655 0.093233
v 0.015013 0.066760 0.093233
v 0.012340 0.067219 0.091669
v 0.011244 0.068783 0.091328
v 0.012823 0.069888 0.091328
v 0.010149 0.070347 0.091669
v 0.011727 0.071452 0.091669
v 0.009054 0.071911 0.093233
v 0.010632 0.073016 0.093233
v 0.013435 0.065655 0.093233
v 0.015013 0.066760 0.117706
v 0.015013 0.066760 0.093233
v 0.013435 0.065655 0.117706
v 0.009054 0.071911 0.117706
v 0.010632 0.073016 0.093233
v 0.010632 0.073016 0.117706
v 0.009054 0.071911 0.093233
v 0.013259 0.035652 0.180663
v 0.016805 0.035652 0.226526
v 0.016805 0.035652 0.182676
v 0.013259 0.035652 0.226526
v 0.016801 0.035634 0.326967
v 0.013321 0.035167 0.327245
v 0.013259 0.035652 0.180663
v 0.013259 0.018132 0.185730
v 0.013259 0.026891 0.210725
v 0.013259 0.035652 0.226526
v 0.013259 0.030254 0.226011
v 0.013259 0.028656 0.238526
v 0.013321 0.035167 0.327245
v 0.013253 0.019760 0.315706
v 0.013047 0.024807 0.243838
v 0.013259 0.013174 0.312916
v 0.013259 0.020371 0.247659
v 0.013259 0.003839 0.310824
v 0.013258 -0.000459 0.311605
v 0.013259 0.008147 0.250008
v 0.013259 -0.001245 0.305147
v 0.013259 -0.006218 0.293712
v 0.013259 0.001357 0.246739
v 0.013258 -0.016674 0.288392
v 0.013259 -0.007330 0.238478
v 0.013258 -0.025524 0.273361
v 0.013258 -0.016340 0.229346
v 0.013258 -0.041420 0.269229
v 0.013258 -0.027803 0.222431
v 0.013258 -0.038267 0.219967
v 0.013258 -0.048743 0.259586
v 0.013258 -0.044814 0.222661
v 0.013258 -0.055629 0.234202
v 0.013258 -0.051809 0.229514
v 0.013258 -0.057193 0.243385
v 0.013258 -0.058657 0.255980
v 0.016805 0.035652 0.226526
v 0.016805 0.043730 0.182676
v 0.016805 0.035652 0.182676
v 0.016801 0.035634 0.326967
v 0.016807 0.043655 0.333334
v 0.016801 0.035634 0.326967
v 0.013321 0.035167 0.327245
v 0.016807 0.043655 0.333334
v 0.006252 0.043770 0.336596
v 0.006138 0.036015 0.329687
v 0.007539 0.020246 0.318998
v 0.013253 0.019760 0.315706
v 0.013259 0.013174 0.312916
v -0.001233 0.036094 0.330919
v -0.001233 0.043831 0.336798
v -0.008603 0.036015 0.329687
v -0.008718 0.043770 0.336596
v -0.019273 0.043655 0.333334
v -0.015787 0.035167 0.327245
v -0.019267 0.035634 0.326967
v -0.015718 0.019760 0.315706
v -0.010005 0.020246 0.318998
v -0.001233 0.020101 0.319394
v -0.001233 0.014181 0.316609
v -0.009734 0.013434 0.315859
v -0.015724 0.013174 0.312916
v -0.009734 0.002987 0.314262
v -0.015724 0.003839 0.310824
v -0.015724 -0.000459 0.311605
v -0.009734 -0.002351 0.315504
v -0.001233 0.002223 0.315604
v 0.007268 0.002987 0.314262
v -0.001233 -0.004528 0.317401
v 0.007268 -0.002351 0.315504
v 0.013258 -0.000459 0.311605
v 0.013259 0.003839 0.310824
v 0.007268 0.013434 0.315859
v 0.016805 0.043730 0.182676
v 0.013259 0.035652 0.180663
v 0.016805 0.035652 0.182676
v 0.006538 0.043727 0.178417
v 0.006268 0.033528 0.178961
v -0.001233 0.043724 0.177156
v 0.007268 0.014569 0.184585
v 0.013259 0.018132 0.185730
v -0.001233 0.032790 0.178419
v -0.001233 0.013363 0.184198
v -0.009734 0.014569 0.184585
v -0.008733 0.033528 0.178961
v -0.009004 0.043727 0.178417
v -0.019271 0.043730 0.182676
v -0.015724 0.035652 0.180663
v -0.015724 0.018132 0.185730
v -0.019271 0.035652 0.182676
v 0.006252 0.043770 0.336596
v 0.016805 0.043730 0.182676
v 0.016807 0.043655 0.333334
v 0.006538 0.043727 0.178417
v -0.001233 0.043831 0.336798
v -0.001233 0.043724 0.177156
v -0.009004 0.043727 0.178417
v -0.008718 0.043770 0.336596
v -0.019273 0.043655 0.333334
v -0.019271 0.043730 0.182676
v 0.007268 0.014569 0.184585
v 0.013259 0.026891 0.210725
v 0.013259 0.018132 0.185730
v 0.007268 0.023812 0.209921
v 0.007268 0.027371 0.225022
v 0.013259 0.030254 0.226011
v 0.013259 0.028656 0.238526
v 0.007268 0.025666 0.235699
v -0.001233 0.026726 0.223948
v -0.001233 0.024408 0.234510
v -0.001233 0.022920 0.208852
v -0.001233 0.013363 0.184198
v -0.009734 0.023812 0.209921
v -0.009734 0.014569 0.184585
v -0.009734 0.027371 0.225022
v -0.009734 0.025666 0.235699
v -0.015724 0.026891 0.210725
v -0.015724 0.018132 0.185730
v -0.015724 0.030254 0.226011
v -0.015724 0.028656 0.238526
v -0.009734 0.022831 0.240140
v -0.001233 0.021271 0.237682
v 0.007268 -0.041893 0.215245
v 0.013258 -0.044814 0.222661
v 0.013258 -0.038267 0.219967
v 0.007268 -0.049086 0.219151
v -0.001233 -0.054055 0.217172
v -0.001233 -0.048122 0.212646
v -0.001233 -0.060179 0.226620
v 0.007268 -0.056995 0.227721
v 0.013258 -0.051809 0.229514
v 0.007268 -0.060634 0.233257
v -0.001233 -0.063711 0.232680
v 0.013258 -0.055629 0.234202
v -0.001233 -0.065167 0.244802
v 0.007268 -0.062584 0.242951
v 0.013258 -0.057193 0.243385
v -0.001233 -0.065095 0.262296
v 0.013258 -0.058657 0.255980
v 0.007268 -0.062627 0.259876
v 0.013258 -0.027803 0.222431
v 0.007268 -0.041893 0.215245
v 0.013258 -0.038267 0.219967
v 0.007268 -0.030500 0.214799
v -0.001233 -0.048122 0.212646
v -0.001233 -0.035658 0.208540
v -0.001233 -0.020266 0.211064
v 0.013258 -0.016340 0.229346
v 0.007268 -0.017525 0.219689
v -0.001233 -0.004587 0.223650
v 0.007268 -0.005844 0.230467
v 0.013259 -0.007330 0.238478
v -0.001233 0.001298 0.231464
v 0.007268 0.001639 0.238523
v -0.001233 0.007626 0.237560
v 0.013259 0.001357 0.246739
v 0.007268 0.008175 0.243116
v 0.013259 0.008147 0.250008
v 0.013259 0.020371 0.247659
v -0.019271 0.035652 0.182676
v -0.015724 0.035652 0.226526
v -0.015724 0.035652 0.180663
v -0.019271 0.035652 0.226526
v -0.015787 0.035167 0.327245
v -0.019267 0.035634 0.326967
v -0.015724 0.035652 0.180663
v -0.015724 0.026891 0.210725
v -0.015724 0.018132 0.185730
v -0.015724 0.035652 0.226526
v -0.015724 0.030254 0.226011
v -0.015724 0.028656 0.238526
v -0.015787 0.035167 0.327245
v -0.015513 0.024807 0.243838
v -0.015718 0.019760 0.315706
v -0.015724 0.013174 0.312916
v -0.015724 0.020371 0.247659
v -0.015724 0.003839 0.310824
v -0.015724 -0.000459 0.311605
v -0.015724 0.008147 0.250008
v -0.015724 -0.001245 0.305147
v -0.015724 -0.006218 0.293712
v -0.015724 0.001357 0.246739
v -0.015724 -0.016674 0.288392
v -0.015724 -0.007330 0.238478
v -0.015724 -0.016340 0.229346
v -0.015724 -0.025524 0.273361
v -0.015724 -0.027803 0.222431
v -0.015724 -0.041420 0.269229
v -0.015724 -0.048743 0.259586
v -0.015724 -0.038267 0.219967
v -0.015724 -0.044814 0.222661
v -0.015724 -0.051809 0.229514
v -0.015724 -0.055629 0.234202
v -0.015724 -0.057193 0.243385
v -0.015724 -0.058657 0.255980
v -0.019271 0.035652 0.226526
v -0.019271 0.035652 0.182676
v -0.019271 0.043730 0.182676
v -0.019267 0.035634 0.326967
v -0.019273 0.043655 0.333334
v -0.009734 0.022831 0.240140
v -0.015724 0.028656 0.238526
v -0.015513 0.024807 0.243838
v -0.009734 0.018502 0.242871
v -0.001233 0.016924 0.239205
v -0.015724 0.020371 0.247659
v -0.001233 0.007626 0.237560
v -0.009734 0.008175 0.243116
v -0.015724 0.008147 0.250008
v -0.001233 0.001298 0.231464
v -0.009734 0.001639 0.238523
v -0.009734 -0.005844 0.230467
v -0.015724 0.001357 0.246739
v -0.001233 -0.004587 0.223650
v -0.015724 -0.007330 0.238478
v -0.001233 -0.020266 0.211064
v -0.015724 -0.016340 0.229346
v -0.009734 -0.017525 0.219689
v -0.009734 -0.030500 0.214799
v -0.001233 -0.035658 0.208540
v -0.015724 -0.027803 0.222431
v -0.001233 -0.048122 0.212646
v -0.009734 -0.041893 0.215245
v -0.015724 -0.038267 0.219967
v -0.001233 -0.054055 0.217172
v -0.015724 -0.044814 0.222661
v -0.009734 -0.049086 0.219151
v -0.009734 0.022831 0.240140
v -0.001233 0.016924 0.239205
v -0.001233 0.021271 0.237682
v 0.007268 0.022831 0.240140
v 0.007268 0.018502 0.242871
v -0.001233 0.007626 0.237560
v 0.007268 0.008175 0.243116
v 0.013259 0.020371 0.247659
v 0.013047 0.024807 0.243838
v 0.013259 0.028656 0.238526
v 0.007268 0.025666 0.235699
v -0.001233 0.024408 0.234510
v -0.009734 0.025666 0.235699
v -0.009734 -0.049086 0.219151
v -0.001233 -0.060179 0.226620
v -0.001233 -0.054055 0.217172
v -0.009734 -0.056995 0.227721
v -0.009734 -0.060634 0.233257
v -0.015724 -0.044814 0.222661
v -0.015724 -0.051809 0.229514
v -0.001233 -0.063711 0.232680
v -0.015724 -0.055629 0.234202
v -0.001233 -0.065167 0.244802
v -0.015724 -0.057193 0.243385
v -0.009734 -0.062584 0.242951
v -0.009734 -0.062627 0.259876
v -0.001233 -0.065095 0.262296
v -0.015724 -0.058657 0.255980
v -0.009734 -0.002351 0.315504
v -0.015724 -0.001245 0.305147
v -0.015724 -0.000459 0.311605
v -0.009734 -0.002964 0.308599
v -0.001233 -0.004528 0.317401
v -0.009734 -0.007809 0.296831
v -0.015724 -0.006218 0.293712
v -0.015724 -0.016674 0.288392
v -0.001233 -0.004865 0.309948
v 0.007268 -0.002964 0.308599
v 0.007268 -0.002351 0.315504
v 0.013258 -0.000459 0.311605
v 0.013259 -0.001245 0.305147
v 0.013259 -0.006218 0.293712
v -0.001233 -0.009504 0.297773
v -0.001233 -0.021753 0.291657
v 0.007268 -0.007809 0.296831
v 0.007268 -0.019047 0.291199
v 0.013258 -0.016674 0.288392
v 0.013258 -0.025524 0.273361
v 0.007268 -0.027326 0.276429
v 0.007268 -0.042961 0.273040
v 0.013258 -0.041420 0.269229
v 0.013258 -0.048743 0.259586
v -0.009734 -0.019047 0.291199
v -0.009734 -0.027326 0.276429
v -0.015724 -0.025524 0.273361
v -0.001233 -0.029160 0.277318
v -0.009734 -0.042961 0.273040
v -0.015724 -0.041420 0.269229
v -0.015724 -0.048743 0.259586
v -0.001233 -0.044139 0.274980
v -0.009734 -0.050572 0.262478
v -0.015724 -0.058657 0.255980
v -0.009734 -0.062627 0.259876
v -0.001233 -0.065095 0.262296
v -0.001233 -0.052270 0.263181
v 0.007268 -0.050572 0.262478
v 0.007268 -0.062627 0.259876
v 0.013258 -0.058657 0.255980
v 0.003197 0.074327 0.221480
v 0.010057 0.067467 0.221480
v 0.007309 0.071579 0.221480
v -0.001654 0.049941 0.221480
v -0.001654 0.075291 0.221480
v 0.011022 0.062616 0.221480
v 0.010057 0.057765 0.221480
v 0.007309 0.053653 0.221480
v 0.003197 0.050905 0.221480
v -0.006504 0.074327 0.221480
v -0.006504 0.050905 0.221480
v -0.013364 0.067467 0.221480
v -0.010617 0.071579 0.221480
v -0.014329 0.062616 0.221480
v -0.010617 0.053653 0.221480
v -0.013364 0.057765 0.221480
v -0.010617 0.053653 0.221480
v -0.013364 0.057765 0.224402
v -0.010617 0.053653 0.224402
v -0.013364 0.057765 0.221480
v -0.014329 0.062616 0.224402
v -0.014329 0.062616 0.221480
v -0.013364 0.067467 0.224402
v -0.013364 0.067467 0.221480
v -0.010617 0.071579 0.224402
v -0.006504 0.050905 0.224402
v -0.010617 0.053653 0.221480
v -0.010617 0.053653 0.224402
v -0.006504 0.050905 0.221480
v -0.001654 0.049941 0.221480
v -0.001654 0.049941 0.224402
v -0.001654 0.049941 0.224402
v 0.003197 0.050905 0.221480
v -0.001654 0.049941 0.221480
v 0.003197 0.050905 0.224402
v 0.007309 0.053653 0.221480
v 0.007309 0.053653 0.224402
v 0.010057 0.057765 0.224402
v 0.007309 0.053653 0.221480
v 0.007309 0.053653 0.224402
v 0.010057 0.057765 0.221480
v 0.011022 0.062616 0.221480
v 0.011022 0.062616 0.224402
v 0.010057 0.067467 0.224402
v 0.010057 0.067467 0.221480
v 0.007309 0.071579 0.221480
v 0.007309 0.071579 0.224402
v 0.003197 0.074327 0.224402
v 0.003197 0.074327 0.221480
v 0.003197 0.074327 0.224402
v -0.001654 0.075291 0.221480
v 0.003197 0.074327 0.221480
v -0.001654 0.075291 0.224402
v -0.006504 0.074327 0.224402
v -0.006504 0.074327 0.221480
v -0.010617 0.071579 0.221480
v -0.010617 0.071579 0.224402
v -0.013364 0.067467 0.221480
v -0.001654 0.049941 0.224402
v 0.007309 0.053653 0.224402
v 0.003197 0.050905 0.224402
v 0.010057 0.057765 0.224402
v -0.010617 0.053653 0.224402
v -0.006504 0.050905 0.224402
v 0.011022 0.062616 0.224402
v -0.013364 0.067467 0.224402
v -0.014329 0.062616 0.224402
v -0.013364 0.057765 0.224402
v -0.010617 0.071579 0.224402
v 0.003197 0.074327 0.224402
v 0.010057 0.067467 0.224402
v 0.007309 0.071579 0.224402
v -0.006504 0.074327 0.224402
v -0.001654 0.075291 0.224402
v 0.003197 0.074327 0.203595
v 0.010057 0.067467 0.203595
v 0.007309 0.071579 0.203595
v -0.001654 0.049941 0.203595
v -0.001654 0.075291 0.203595
v 0.011022 0.062616 0.203595
v 0.010057 0.057765 0.203595
v 0.007309 0.053653 0.203595
v 0.003197 0.050905 0.203595
v -0.006504 0.074327 0.203595
v -0.006504 0.050905 0.203595
v -0.013364 0.067467 0.203595
v -0.010617 0.071579 0.203595
v -0.014329 0.062616 0.203595
v -0.010617 0.053653 0.203595
v -0.013364 0.057765 0.203595
v -0.010617 0.053653 0.203595
v -0.013364 0.057765 0.206517
v -0.010617 0.053653 0.206517
v -0.013364 0.057765 0.203595
v -0.014329 0.062616 0.206517
v -0.014329 0.062616 0.203595
v -0.013364 0.067467 0.206517
v -0.013364 0.067467 0.203595
v -0.010617 0.071579 0.206517
v -0.006504 0.050905 0.206517
v -0.010617 0.053653 0.203595
v -0.010617 0.053653 0.206517
v -0.006504 0.050905 0.203595
v -0.006504 0.050905 0.206517
v -0.001654 0.049941 0.203595
v -0.006504 0.050905 0.203595
v -0.001654 0.049941 0.206517
v 0.003197 0.050905 0.203595
v 0.003197 0.050905 0.206517
v 0.007309 0.053653 0.203595
v 0.007309 0.053653 0.206517
v 0.010057 0.057765 0.206517
v 0.007309 0.053653 0.203595
v 0.007309 0.053653 0.206517
v 0.010057 0.057765 0.203595
v 0.011022 0.062616 0.203595
v 0.011022 0.062616 0.206517
v 0.010057 0.067467 0.206517
v 0.010057 0.067467 0.203595
v 0.007309 0.071579 0.203595
v 0.007309 0.071579 0.206517
v 0.003197 0.074327 0.206517
v 0.003197 0.074327 0.203595
v 0.003197 0.074327 0.206517
v -0.001654 0.075291 0.203595
v 0.003197 0.074327 0.203595
v -0.001654 0.075291 0.206517
v -0.006504 0.074327 0.206517
v -0.006504 0.074327 0.203595
v -0.010617 0.071579 0.203595
v -0.010617 0.071579 0.206517
v -0.013364 0.067467 0.203595
v -0.001654 0.049941 0.206517
v 0.007309 0.053653 0.206517
v 0.003197 0.050905 0.206517
v 0.010057 0.057765 0.206517
v -0.010617 0.053653 0.206517
v -0.006504 0.050905 0.206517
v 0.011022 0.062616 0.206517
v -0.013364 0.067467 0.206517
v -0.014329 0.062616 0.206517
v -0.013364 0.057765 0.206517
v -0.010617 0.071579 0.206517
v 0.003197 0.074327 0.206517
v 0.010057 0.067467 0.206517
v 0.007309 0.071579 0.206517
v -0.006504 0.074327 0.206517
v -0.001654 0.075291 0.206517
v 0.003241 0.074432 0.232584
v 0.010162 0.067510 0.232584
v 0.007390 0.071660 0.232584
v -0.001654 0.049826 0.232584
v -0.001654 0.075405 0.232584
v 0.011136 0.062616 0.232584
v 0.010162 0.057722 0.232584
v 0.007390 0.053572 0.232584
v 0.003241 0.050800 0.232584
v -0.006548 0.074432 0.232584
v -0.006548 0.050800 0.232584
v -0.013470 0.067510 0.232584
v -0.010697 0.071660 0.232584
v -0.014443 0.062616 0.232584
v -0.010697 0.053572 0.232584
v -0.013470 0.057722 0.232584
v -0.010697 0.053572 0.232584
v -0.013470 0.057722 0.235506
v -0.010697 0.053572 0.235506
v -0.013470 0.057722 0.232584
v -0.014443 0.062616 0.235506
v -0.014443 0.062616 0.232584
v -0.013470 0.067510 0.235506
v -0.013470 0.067510 0.232584
v -0.010697 0.071660 0.235506
v -0.010697 0.071660 0.232584
v -0.006548 0.050800 0.235506
v -0.010697 0.053572 0.232584
v -0.010697 0.053572 0.235506
v -0.006548 0.050800 0.232584
v -0.001654 0.049826 0.232584
v -0.001654 0.049826 0.235506
v -0.001654 0.049826 0.235506
v 0.003241 0.050800 0.232584
v -0.001654 0.049826 0.232584
v 0.003241 0.050800 0.235506
v 0.007390 0.053572 0.232584
v 0.007390 0.053572 0.235506
v 0.010162 0.057722 0.235506
v 0.007390 0.053572 0.232584
v 0.007390 0.053572 0.235506
v 0.010162 0.057722 0.232584
v 0.011136 0.062616 0.232584
v 0.011136 0.062616 0.235506
v 0.010162 0.067510 0.235506
v 0.010162 0.067510 0.232584
v 0.007390 0.071660 0.232584
v 0.007390 0.071660 0.235506
v 0.003241 0.074432 0.235506
v 0.007390 0.071660 0.232584
v 0.003241 0.074432 0.235506
v 0.003241 0.074432 0.232584
v -0.001654 0.075405 0.232584
v -0.001654 0.075405 0.235506
v -0.006548 0.074432 0.235506
v -0.006548 0.074432 0.232584
v -0.010697 0.071660 0.232584
v -0.010697 0.071660 0.235506
v -0.001654 0.049826 0.235506
v 0.007390 0.053572 0.235506
v 0.003241 0.050800 0.235506
v 0.010162 0.057722 0.235506
v -0.010697 0.053572 0.235506
v -0.006548 0.050800 0.235506
v 0.011136 0.062616 0.235506
v -0.013470 0.067510 0.235506
v -0.014443 0.062616 0.235506
v -0.013470 0.057722 0.235506
v -0.010697 0.071660 0.235506
v 0.003241 0.074432 0.235506
v 0.010162 0.067510 0.235506
v 0.007390 0.071660 0.235506
v -0.006548 0.074432 0.235506
v -0.001654 0.075405 0.235506
v 0.003041 0.073951 0.259708
v 0.009682 0.067311 0.259708
v 0.007022 0.071292 0.259708
v -0.001654 0.050347 0.259708
v -0.001654 0.074885 0.259708
v 0.010615 0.062616 0.259708
v 0.009682 0.057921 0.259708
v 0.007022 0.053940 0.259708
v 0.003041 0.051281 0.259708
v -0.006349 0.073951 0.259708
v -0.006349 0.051281 0.259708
v -0.012989 0.067311 0.259708
v -0.010329 0.071292 0.259708
v -0.013923 0.062616 0.259708
v -0.010329 0.053940 0.259708
v -0.012989 0.057921 0.259708
v -0.010329 0.053940 0.259708
v -0.012989 0.057921 0.262630
v -0.010329 0.053940 0.262630
v -0.012989 0.057921 0.259708
v -0.013923 0.062616 0.262630
v -0.013923 0.062616 0.259708
v -0.012989 0.067311 0.262630
v -0.012989 0.067311 0.259708
v -0.010329 0.071292 0.262630
v -0.006349 0.051281 0.262630
v -0.010329 0.053940 0.259708
v -0.010329 0.053940 0.262630
v -0.006349 0.051281 0.259708
v -0.001654 0.050347 0.259708
v -0.001654 0.050347 0.262630
v -0.001654 0.050347 0.262630
v 0.003041 0.051281 0.259708
v -0.001654 0.050347 0.259708
v 0.003041 0.051281 0.262630
v 0.007022 0.053940 0.259708
v 0.007022 0.053940 0.262630
v 0.009682 0.057921 0.262630
v 0.007022 0.053940 0.259708
v 0.007022 0.053940 0.262630
v 0.009682 0.057921 0.259708
v 0.010615 0.062616 0.259708
v 0.010615 0.062616 0.262630
v 0.009682 0.067311 0.262630
v 0.009682 0.067311 0.259708
v 0.007022 0.071292 0.259708
v 0.007022 0.071292 0.262630
v 0.003041 0.073951 0.262630
v 0.003041 0.073951 0.259708
v 0.003041 0.073951 0.262630
v -0.001654 0.074885 0.259708
v 0.003041 0.073951 0.259708
v -0.001654 0.074885 0.262630
v -0.006349 0.073951 0.262630
v -0.006349 0.073951 0.259708
v -0.010329 0.071292 0.259708
v -0.010329 0.071292 0.262630
v -0.012989 0.067311 0.259708
v -0.001654 0.050347 0.262630
v 0.007022 0.053940 0.262630
v 0.003041 0.051281 0.262630
v 0.009682 0.057921 0.262630
v -0.010329 0.053940 0.262630
v -0.006349 0.051281 0.262630
v 0.010615 0.062616 0.262630
v -0.012989 0.067311 0.262630
v -0.013923 0.062616 0.262630
v -0.012989 0.057921 0.262630
v -0.010329 0.071292 0.262630
v 0.003041 0.073951 0.262630
v 0.009682 0.067311 0.262630
v 0.007022 0.071292 0.262630
v -0.006349 0.073951 0.262630
v -0.001654 0.074885 0.262630
v 0.002648 0.073002 0.282396
v 0.008732 0.066918 0.282396
v 0.006295 0.070565 0.282396
v -0.001654 0.051374 0.282396
v -0.001654 0.073858 0.282396
v 0.009588 0.062616 0.282396
v 0.008732 0.058314 0.282396
v 0.006295 0.054667 0.282396
v 0.002648 0.052230 0.282396
v -0.005956 0.073002 0.282396
v -0.005956 0.052230 0.282396
v -0.012040 0.066918 0.282396
v -0.009603 0.070565 0.282396
v -0.012896 0.062616 0.282396
v -0.009603 0.054667 0.282396
v -0.012040 0.058314 0.282396
v -0.009603 0.054667 0.282396
v -0.012040 0.058314 0.285318
v -0.009603 0.054667 0.285318
v -0.012040 0.058314 0.282396
v -0.012896 0.062616 0.285318
v -0.012896 0.062616 0.282396
v -0.012040 0.066918 0.285318
v -0.012040 0.066918 0.282396
v -0.009603 0.070565 0.285318
v -0.009603 0.070565 0.282396
v -0.005956 0.052230 0.285318
v -0.009603 0.054667 0.282396
v -0.009603 0.054667 0.285318
v -0.005956 0.052230 0.282396
v -0.001654 0.051374 0.282396
v -0.001654 0.051374 0.285318
v -0.001654 0.051374 0.285318
v 0.002648 0.052230 0.282396
v -0.001654 0.051374 0.282396
v 0.002648 0.052230 0.285318
v 0.006295 0.054667 0.282396
v 0.006295 0.054667 0.285318
v 0.008732 0.058314 0.285318
v 0.006295 0.054667 0.282396
v 0.006295 0.054667 0.285318
v 0.008732 0.058314 0.282396
v 0.009588 0.062616 0.282396
v 0.009588 0.062616 0.285318
v 0.008732 0.066918 0.285318
v 0.008732 0.066918 0.282396
v 0.006295 0.070565 0.282396
v 0.006295 0.070565 0.285318
v 0.002648 0.073002 0.285318
v 0.006295 0.070565 0.282396
v 0.002648 0.073002 0.285318
v 0.002648 0.073002 0.282396
v -0.001654 0.073858 0.282396
v -0.001654 0.073858 0.285318
v -0.005956 0.073002 0.285318
v -0.005956 0.073002 0.282396
v -0.009603 0.070565 0.282396
v -0.009603 0.070565 0.285318
v -0.001654 0.051374 0.285318
v 0.006295 0.054667 0.285318
v 0.002648 0.052230 0.285318
v 0.008732 0.058314 0.285318
v -0.009603 0.054667 0.285318
v -0.005956 0.052230 0.285318
v 0.009588 0.062616 0.285318
v -0.012040 0.066918 0.285318
v -0.012896 0.062616 0.285318
v -0.012040 0.058314 0.285318
v -0.009603 0.070565 0.285318
v 0.002648 0.073002 0.285318
v 0.008732 0.066918 0.285318
v 0.006295 0.070565 0.285318
v -0.005956 0.073002 0.285318
v -0.001654 0.073858 0.285318
v 0.002913 0.073642 0.276345
v 0.009372 0.067183 0.276345
v 0.006785 0.071055 0.276345
v -0.001654 0.050682 0.276345
v -0.001654 0.074550 0.276345
v 0.010281 0.062616 0.276345
v 0.009372 0.058049 0.276345
v 0.006785 0.054177 0.276345
v 0.002913 0.051590 0.276345
v -0.006221 0.073642 0.276345
v -0.006221 0.051590 0.276345
v -0.012680 0.067183 0.276345
v -0.010093 0.071055 0.276345
v -0.013588 0.062616 0.276345
v -0.010093 0.054177 0.276345
v -0.012680 0.058049 0.276345
v -0.010093 0.054177 0.276345
v -0.012680 0.058049 0.279108
v -0.010093 0.054177 0.279108
v -0.012680 0.058049 0.276345
v -0.013588 0.062616 0.279108
v -0.013588 0.062616 0.276345
v -0.012680 0.067183 0.279108
v -0.012680 0.067183 0.276345
v -0.010093 0.071055 0.279108
v -0.006221 0.051590 0.279108
v -0.010093 0.054177 0.276345
v -0.010093 0.054177 0.279108
v -0.006221 0.051590 0.276345
v -0.001654 0.050682 0.276345
v -0.001654 0.050682 0.279108
v -0.001654 0.050682 0.279108
v 0.002913 0.051590 0.276345
v -0.001654 0.050682 0.276345
v 0.002913 0.051590 0.279108
v 0.006785 0.054177 0.276345
v 0.006785 0.054177 0.279108
v 0.009372 0.058049 0.279108
v 0.009372 0.058049 0.276345
v 0.009372 0.058049 0.279108
v 0.010281 0.062616 0.276345
v 0.009372 0.058049 0.276345
v 0.010281 0.062616 0.279108
v 0.009372 0.067183 0.279108
v 0.009372 0.067183 0.276345
v 0.006785 0.071055 0.276345
v 0.006785 0.071055 0.279108
v 0.002913 0.073642 0.279108
v 0.002913 0.073642 0.276345
v 0.002913 0.073642 0.279108
v -0.001654 0.074550 0.276345
v 0.002913 0.073642 0.276345
v -0.001654 0.074550 0.279108
v -0.006221 0.073642 0.279108
v -0.006221 0.073642 0.276345
v -0.010093 0.071055 0.276345
v -0.010093 0.071055 0.279108
v -0.012680 0.067183 0.276345
v -0.001654 0.050682 0.279108
v 0.006785 0.054177 0.279108
v 0.002913 0.051590 0.279108
v 0.009372 0.058049 0.279108
v -0.010093 0.054177 0.279108
v -0.006221 0.051590 0.279108
v 0.010281 0.062616 0.279108
v -0.012680 0.067183 0.279108
v -0.013588 0.062616 0.279108
v -0.012680 0.058049 0.279108
v -0.010093 0.071055 0.279108
v 0.002913 0.073642 0.279108
v 0.009372 0.067183 0.279108
v 0.006785 0.071055 0.279108
v -0.006221 0.073642 0.279108
v -0.001654 0.074550 0.279108
v 0.007935 0.062766 0.185789
v 0.005830 0.059072 0.410480
v 0.006446 0.062171 0.410480
v 0.007205 0.059097 0.185789
v 0.005127 0.055986 0.185789
v 0.004074 0.056444 0.410480
v 0.002016 0.053908 0.185789
v 0.001446 0.054688 0.410480
v -0.001654 0.053177 0.185789
v -0.001654 0.054071 0.410480
v -0.001654 0.053177 0.185789
v -0.004754 0.054688 0.410480
v -0.001654 0.054071 0.410480
v -0.005323 0.053908 0.185789
v -0.007381 0.056444 0.410480
v -0.008434 0.055986 0.185789
v -0.010513 0.059097 0.185789
v -0.009137 0.059072 0.410480
v -0.011242 0.062766 0.185789
v -0.009754 0.062171 0.410480
v -0.011242 0.062766 0.185789
v -0.009137 0.065271 0.410480
v -0.009754 0.062171 0.410480
v -0.010513 0.066436 0.185789
v -0.007381 0.067899 0.410480
v -0.008434 0.069547 0.185789
v -0.005323 0.071625 0.185789
v -0.007381 0.067899 0.410480
v -0.005323 0.071625 0.185789
v -0.004754 0.069654 0.410480
v -0.001654 0.070271 0.410480
v -0.001654 0.072355 0.185789
v 0.002016 0.071625 0.185789
v 0.001446 0.069654 0.410480
v 0.004074 0.067899 0.410480
v 0.004074 0.067899 0.410480
v 0.002016 0.071625 0.185789
v 0.005127 0.069547 0.185789
v 0.005830 0.065271 0.410480
v 0.007205 0.066436 0.185789
v 0.007935 0.062766 0.185789
v 0.006446 0.062171 0.410480
v 0.005830 0.059072 0.410480
v 0.008932 0.062171 0.416024
v 0.006446 0.062171 0.410480
v 0.008126 0.058120 0.416024
v 0.005831 0.054686 0.416024
v 0.004074 0.056444 0.410480
v 0.002397 0.052391 0.416024
v 0.001446 0.054688 0.410480
v -0.001654 0.051585 0.416024
v -0.001654 0.054071 0.410480
v 0.005830 0.065271 0.410480
v 0.008932 0.062171 0.416024
v 0.008126 0.066222 0.416024
v 0.006446 0.062171 0.410480
v 0.008126 0.066222 0.416024
v 0.004074 0.067899 0.410480
v 0.005830 0.065271 0.410480
v 0.005831 0.069656 0.416024
v 0.002397 0.071951 0.416024
v 0.001446 0.069654 0.410480
v -0.001654 0.070271 0.410480
v -0.001654 0.072757 0.416024
v -0.004754 0.069654 0.410480
v -0.005705 0.071951 0.416024
v -0.005705 0.071951 0.416024
v -0.007381 0.067899 0.410480
v -0.004754 0.069654 0.410480
v -0.009139 0.069656 0.416024
v -0.009137 0.065271 0.410480
v -0.011434 0.066222 0.416024
v -0.012239 0.062171 0.416024
v -0.009754 0.062171 0.410480
v -0.009137 0.059072 0.410480
v -0.012239 0.062171 0.416024
v -0.011434 0.058120 0.416024
v -0.009754 0.062171 0.410480
v -0.009139 0.054686 0.416024
v -0.009137 0.059072 0.410480
v -0.011434 0.058120 0.416024
v -0.007381 0.056444 0.410480
v -0.009139 0.054686 0.416024
v -0.004754 0.054688 0.410480
v -0.007381 0.056444 0.410480
v -0.005705 0.052391 0.416024
v -0.001654 0.051585 0.416024
v -0.001654 0.054071 0.410480
v 0.010881 0.056979 0.416024
v 0.011914 0.062171 0.437582
v 0.011914 0.062171 0.416024
v 0.010881 0.056979 0.437582
v 0.007940 0.052578 0.437582
v 0.007940 0.052578 0.416024
v 0.010881 0.067363 0.437582
v 0.011914 0.062171 0.416024
v 0.011914 0.062171 0.437582
v 0.010881 0.067363 0.416024
v 0.007940 0.071765 0.432380
v 0.007940 0.071765 0.437582
v 0.007940 0.071765 0.416024
v 0.001972 0.084163 0.430808
v 0.001972 0.084163 0.421547
v 0.000723 0.089896 0.421547
v 0.000723 0.089896 0.425585
v 0.000723 0.089896 0.421547
v -0.004031 0.089896 0.425585
v -0.004031 0.089896 0.421547
v 0.000723 0.089896 0.425585
v -0.015221 0.062171 0.437582
v -0.014188 0.056979 0.416024
v -0.015221 0.062171 0.416024
v -0.014188 0.067363 0.416024
v -0.014188 0.067363 0.437582
v -0.011247 0.071765 0.432380
v -0.011247 0.071765 0.437582
v -0.011248 0.071765 0.416024
v -0.005279 0.084163 0.421547
v -0.005279 0.084163 0.430808
v -0.004031 0.089896 0.425585
v -0.004031 0.089896 0.421547
v -0.014188 0.056979 0.416024
v -0.015221 0.062171 0.437582
v -0.014188 0.056979 0.437582
v -0.011247 0.052578 0.437582
v -0.011247 0.052578 0.416024
v -0.006846 0.049636 0.437582
v -0.011247 0.052578 0.416024
v -0.011247 0.052578 0.437582
v -0.006846 0.049636 0.416024
v -0.001654 0.048604 0.416024
v -0.001654 0.048604 0.437582
v 0.003538 0.049636 0.437582
v -0.001654 0.048604 0.416024
v -0.001654 0.048604 0.437582
v 0.003538 0.049636 0.416024
v 0.007940 0.052578 0.437582
v 0.007940 0.052578 0.416024
v -0.006846 0.074706 0.437582
v -0.014188 0.067363 0.437582
v -0.011247 0.071765 0.437582
v 0.003538 0.074706 0.437582
v -0.001654 0.075739 0.437582
v 0.007940 0.071765 0.437582
v -0.015221 0.062171 0.437582
v -0.006846 0.049636 0.437582
v -0.014188 0.056979 0.437582
v -0.011247 0.052578 0.437582
v -0.001654 0.048604 0.437582
v 0.010881 0.067363 0.437582
v 0.003538 0.049636 0.437582
v 0.011914 0.062171 0.437582
v 0.007940 0.052578 0.437582
v 0.010881 0.056979 0.437582
v 0.003538 0.074706 0.437582
v 0.007940 0.071765 0.432380
v 0.007940 0.071765 0.437582
v 0.003538 0.074706 0.432380
v -0.001654 0.075739 0.432380
v -0.001654 0.075739 0.437582
v -0.001654 0.075739 0.437582
v -0.006846 0.074706 0.432380
v -0.001654 0.075739 0.432380
v -0.006846 0.074706 0.437582
v -0.011247 0.071765 0.432380
v -0.011247 0.071765 0.437582
v -0.011247 0.071765 0.432380
v -0.005279 0.084163 0.430808
v -0.006846 0.074706 0.432380
v -0.001654 0.075739 0.432380
v 0.003538 0.074706 0.432380
v 0.001972 0.084163 0.430808
v 0.007940 0.071765 0.432380
v -0.004031 0.089896 0.425585
v 0.000723 0.089896 0.425585
v -0.004031 0.089896 0.421547
v 0.001972 0.084163 0.421547
v 0.000723 0.089896 0.421547
v -0.005279 0.084163 0.421547
v -0.001654 0.075739 0.416024
v 0.003538 0.074706 0.416024
v 0.007940 0.071765 0.416024
v -0.006846 0.074706 0.416024
v -0.011248 0.071765 0.416024
v -0.001654 0.072757 0.416024
v 0.002397 0.071951 0.416024
v -0.005705 0.071951 0.416024
v 0.005831 0.069656 0.416024
v -0.009139 0.069656 0.416024
v 0.008126 0.066222 0.416024
v 0.010881 0.067363 0.416024
v -0.014188 0.067363 0.416024
v -0.011434 0.066222 0.416024
v -0.012239 0.062171 0.416024
v -0.015221 0.062171 0.416024
v -0.011434 0.058120 0.416024
v -0.014188 0.056979 0.416024
v 0.008932 0.062171 0.416024
v 0.011914 0.062171 0.416024
v 0.010881 0.056979 0.416024
v 0.008126 0.058120 0.416024
v -0.009139 0.054686 0.416024
v -0.011247 0.052578 0.416024
v -0.006846 0.049636 0.416024
v -0.005705 0.052391 0.416024
v 0.007940 0.052578 0.416024
v 0.005831 0.054686 0.416024
v -0.001654 0.048604 0.416024
v -0.001654 0.051585 0.416024
v 0.002397 0.052391 0.416024
v 0.003538 0.049636 0.416024
v 0.003197 0.074327 0.209406
v 0.010057 0.067467 0.209406
v 0.007309 0.071579 0.209406
v -0.001654 0.049941 0.209406
v -0.001654 0.075291 0.209406
v 0.011022 0.062616 0.209406
v 0.010057 0.057765 0.209406
v 0.007309 0.053653 0.209406
v 0.003197 0.050905 0.209406
v -0.006504 0.074327 0.209406
v -0.006504 0.050905 0.209406
v -0.013364 0.067467 0.209406
v -0.010617 0.071579 0.209406
v -0.014329 0.062616 0.209406
v -0.010617 0.053653 0.209406
v -0.013364 0.057765 0.209406
v -0.010617 0.053653 0.209406
v -0.013364 0.057765 0.212328
v -0.010617 0.053653 0.212328
v -0.013364 0.057765 0.209406
v -0.014329 0.062616 0.212328
v -0.014329 0.062616 0.209406
v -0.013364 0.067467 0.212328
v -0.013364 0.067467 0.209406
v -0.010617 0.071579 0.212328
v -0.006504 0.050905 0.212328
v -0.010617 0.053653 0.209406
v -0.010617 0.053653 0.212328
v -0.006504 0.050905 0.209406
v -0.001654 0.049941 0.209406
v -0.001654 0.049941 0.212328
v -0.001654 0.049941 0.212328
v 0.003197 0.050905 0.209406
v -0.001654 0.049941 0.209406
v 0.003197 0.050905 0.212328
v 0.007309 0.053653 0.209406
v 0.007309 0.053653 0.212328
v 0.010057 0.057765 0.212328
v 0.007309 0.053653 0.209406
v 0.007309 0.053653 0.212328
v 0.010057 0.057765 0.209406
v 0.011022 0.062616 0.209406
v 0.011022 0.062616 0.212328
v 0.010057 0.067467 0.212328
v 0.010057 0.067467 0.209406
v 0.007309 0.071579 0.209406
v 0.007309 0.071579 0.212328
v 0.003197 0.074327 0.212328
v 0.003197 0.074327 0.209406
v 0.003197 0.074327 0.212328
v -0.001654 0.075291 0.209406
v 0.003197 0.074327 0.209406
v -0.001654 0.075291 0.212328
v -0.006504 0.074327 0.212328
v -0.006504 0.074327 0.209406
v -0.010617 0.071579 0.209406
v -0.010617 0.071579 0.212328
v -0.013364 0.067467 0.209406
v -0.001654 0.049941 0.212328
v 0.007309 0.053653 0.212328
v 0.003197 0.050905 0.212328
v 0.010057 0.057765 0.212328
v -0.010617 0.053653 0.212328
v -0.006504 0.050905 0.212328
v 0.011022 0.062616 0.212328
v -0.013364 0.067467 0.212328
v -0.014329 0.062616 0.212328
v -0.013364 0.057765 0.212328
v -0.010617 0.071579 0.212328
v 0.003197 0.074327 0.212328
v 0.010057 0.067467 0.212328
v 0.007309 0.071579 0.212328
v -0.006504 0.074327 0.212328
v -0.001654 0.075291 0.212328
v 0.003386 0.074784 0.191685
v 0.010514 0.067656 0.191685
v 0.007659 0.071929 0.191685
v -0.001654 0.049445 0.191685
v -0.001654 0.075787 0.191685
v 0.011517 0.062616 0.191685
v 0.010514 0.057576 0.191685
v 0.007659 0.053303 0.191685
v 0.003386 0.050448 0.191685
v -0.006694 0.074784 0.191685
v -0.006694 0.050448 0.191685
v -0.013822 0.067656 0.191685
v -0.010967 0.071929 0.191685
v -0.014824 0.062616 0.191685
v -0.010967 0.053303 0.191685
v -0.013822 0.057576 0.191685
v -0.010967 0.053303 0.191685
v -0.013822 0.057576 0.194721
v -0.010967 0.053303 0.194721
v -0.013822 0.057576 0.191685
v -0.014824 0.062616 0.194721
v -0.014824 0.062616 0.191685
v -0.013822 0.067656 0.194721
v -0.013822 0.067656 0.191685
v -0.010967 0.071929 0.194721
v -0.006694 0.050448 0.194721
v -0.010967 0.053303 0.191685
v -0.010967 0.053303 0.194721
v -0.006694 0.050448 0.191685
v -0.001654 0.049445 0.191685
v -0.001654 0.049445 0.194721
v -0.001654 0.049445 0.194721
v 0.003386 0.050448 0.191685
v -0.001654 0.049445 0.191685
v 0.003386 0.050448 0.194721
v 0.007659 0.053303 0.191685
v 0.007659 0.053303 0.194721
v 0.010514 0.057576 0.194721
v 0.007659 0.053303 0.191685
v 0.007659 0.053303 0.194721
v 0.010514 0.057576 0.191685
v 0.011517 0.062616 0.191685
v 0.011517 0.062616 0.194721
v 0.010514 0.067656 0.194721
v 0.010514 0.067656 0.191685
v 0.007659 0.071929 0.191685
v 0.007659 0.071929 0.194721
v 0.003386 0.074784 0.194721
v 0.003386 0.074784 0.191685
v 0.003386 0.074784 0.194721
v -0.001654 0.075787 0.191685
v 0.003386 0.074784 0.191685
v -0.001654 0.075787 0.194721
v -0.006694 0.074784 0.194721
v -0.006694 0.074784 0.191685
v -0.010967 0.071929 0.191685
v -0.010967 0.071929 0.194721
v -0.013822 0.067656 0.191685
v -0.001654 0.049445 0.194721
v 0.007659 0.053303 0.194721
v 0.003386 0.050448 0.194721
v 0.010514 0.057576 0.194721
v -0.010967 0.053303 0.194721
v -0.006694 0.050448 0.194721
v 0.011517 0.062616 0.194721
v -0.013822 0.067656 0.194721
v -0.014824 0.062616 0.194721
v -0.013822 0.057576 0.194721
v -0.010967 0.071929 0.194721
v 0.003386 0.074784 0.194721
v 0.010514 0.067656 0.194721
v 0.007659 0.071929 0.194721
v -0.006694 0.074784 0.194721
v -0.001654 0.075787 0.194721
v 0.003041 0.073951 0.242802
v 0.009682 0.067311 0.242802
v 0.007022 0.071292 0.242802
v -0.001654 0.050347 0.242802
v -0.001654 0.074885 0.242802
v 0.010615 0.062616 0.242802
v 0.009682 0.057921 0.242802
v 0.007022 0.053940 0.242802
v 0.003041 0.051281 0.242802
v -0.006349 0.073951 0.242802
v -0.006349 0.051281 0.242802
v -0.012989 0.067311 0.242802
v -0.010329 0.071292 0.242802
v -0.013923 0.062616 0.242802
v -0.010329 0.053940 0.242802
v -0.012989 0.057921 0.242802
v -0.010329 0.053940 0.242802
v -0.012989 0.057921 0.245724
v -0.010329 0.053940 0.245724
v -0.012989 0.057921 0.242802
v -0.013923 0.062616 0.245724
v -0.013923 0.062616 0.242802
v -0.012989 0.067311 0.245724
v -0.012989 0.067311 0.242802
v -0.010329 0.071292 0.245724
v -0.006349 0.051281 0.245724
v -0.010329 0.053940 0.242802
v -0.010329 0.053940 0.245724
v -0.006349 0.051281 0.242802
v -0.001654 0.050347 0.242802
v -0.001654 0.050347 0.245724
v -0.001654 0.050347 0.245724
v 0.003041 0.051281 0.242802
v -0.001654 0.050347 0.242802
v 0.003041 0.051281 0.245724
v 0.007022 0.053940 0.242802
v 0.007022 0.053940 0.245724
v 0.009682 0.057921 0.245724
v 0.007022 0.053940 0.242802
v 0.007022 0.053940 0.245724
v 0.009682 0.057921 0.242802
v 0.010615 0.062616 0.242802
v 0.010615 0.062616 0.245724
v 0.009682 0.067311 0.245724
v 0.009682 0.067311 0.242802
v 0.007022 0.071292 0.242802
v 0.007022 0.071292 0.245724
v 0.003041 0.073951 0.245724
v 0.003041 0.073951 0.242802
v 0.003041 0.073951 0.245724
v -0.001654 0.074885 0.242802
v 0.003041 0.073951 0.242802
v -0.001654 0.074885 0.245724
v -0.006349 0.073951 0.245724
v -0.006349 0.073951 0.242802
v -0.010329 0.071292 0.242802
v -0.010329 0.071292 0.245724
v -0.012989 0.067311 0.242802
v -0.001654 0.050347 0.245724
v 0.007022 0.053940 0.245724
v 0.003041 0.051281 0.245724
v 0.009682 0.057921 0.245724
v -0.010329 0.053940 0.245724
v -0.006349 0.051281 0.245724
v 0.010615 0.062616 0.245724
v -0.012989 0.067311 0.245724
v -0.013923 0.062616 0.245724
v -0.012989 0.057921 0.245724
v -0.010329 0.071292 0.245724
v 0.003041 0.073951 0.245724
v 0.009682 0.067311 0.245724
v 0.007022 0.071292 0.245724
v -0.006349 0.073951 0.245724
v -0.001654 0.074885 0.245724
v 0.002612 0.072915 0.287794
v 0.008646 0.066882 0.287794
v 0.006229 0.070499 0.287794
v -0.001654 0.051468 0.287794
v -0.001654 0.073764 0.287794
v 0.009494 0.062616 0.287794
v 0.008646 0.058350 0.287794
v 0.006229 0.054733 0.287794
v 0.002612 0.052316 0.287794
v -0.005920 0.072915 0.287794
v -0.005920 0.052316 0.287794
v -0.011953 0.066882 0.287794
v -0.009536 0.070499 0.287794
v -0.012802 0.062616 0.287794
v -0.009536 0.054733 0.287794
v -0.011953 0.058350 0.287794
v -0.009536 0.054733 0.287794
v -0.011953 0.058350 0.290716
v -0.009536 0.054733 0.290716
v -0.011953 0.058350 0.287794
v -0.012802 0.062616 0.290716
v -0.012802 0.062616 0.287794
v -0.011953 0.066882 0.290716
v -0.011953 0.066882 0.287794
v -0.009536 0.070499 0.290716
v -0.005920 0.052316 0.290716
v -0.009536 0.054733 0.287794
v -0.009536 0.054733 0.290716
v -0.005920 0.052316 0.287794
v -0.001654 0.051468 0.287794
v -0.001654 0.051468 0.290716
v -0.001654 0.051468 0.290716
v 0.002612 0.052316 0.287794
v -0.001654 0.051468 0.287794
v 0.002612 0.052316 0.290716
v 0.006229 0.054733 0.287794
v 0.006229 0.054733 0.290716
v 0.008646 0.058350 0.290716
v 0.006229 0.054733 0.287794
v 0.006229 0.054733 0.290716
v 0.008646 0.058350 0.287794
v 0.009494 0.062616 0.287794
v 0.009494 0.062616 0.290716
v 0.008646 0.066882 0.290716
v 0.008646 0.066882 0.287794
v 0.006229 0.070499 0.287794
v 0.006229 0.070499 0.290716
v 0.002612 0.072915 0.290716
v 0.002612 0.072915 0.287794
v 0.002612 0.072915 0.290716
v -0.001654 0.073764 0.287794
v 0.002612 0.072915 0.287794
v -0.001654 0.073764 0.290716
v -0.005920 0.072915 0.290716
v -0.005920 0.072915 0.287794
v -0.009536 0.070499 0.287794
v -0.009536 0.070499 0.290716
v -0.011953 0.066882 0.287794
v -0.001654 0.051468 0.290716
v 0.006229 0.054733 0.290716
v 0.002612 0.052316 0.290716
v 0.008646 0.058350 0.290716
v -0.009536 0.054733 0.290716
v -0.005920 0.052316 0.290716
v 0.009494 0.062616 0.290716
v -0.011953 0.066882 0.290716
v -0.012802 0.062616 0.290716
v -0.011953 0.058350 0.290716
v -0.009536 0.070499 0.290716
v 0.002612 0.072915 0.290716
v 0.008646 0.066882 0.290716
v 0.006229 0.070499 0.290716
v -0.005920 0.072915 0.290716
v -0.001654 0.073764 0.290716
v 0.002165 0.071887 0.320338
v 0.007566 0.066486 0.320338
v 0.005403 0.069723 0.320338
v -0.001654 0.052688 0.320338
v -0.001654 0.072646 0.320338
v 0.008326 0.062667 0.320338
v 0.007566 0.058848 0.320338
v 0.005403 0.055611 0.320338
v 0.002165 0.053447 0.320338
v -0.005473 0.071887 0.320338
v -0.005473 0.053447 0.320338
v -0.010874 0.066486 0.320338
v -0.008710 0.069723 0.320338
v -0.011633 0.062667 0.320338
v -0.008710 0.055611 0.320338
v -0.010874 0.058848 0.320338
v -0.008710 0.055611 0.320338
v -0.010874 0.058848 0.322945
v -0.008710 0.055611 0.322945
v -0.010874 0.058848 0.320338
v -0.011633 0.062667 0.322945
v -0.011633 0.062667 0.320338
v -0.010874 0.066486 0.322945
v -0.010874 0.066486 0.320338
v -0.008710 0.069723 0.322945
v -0.005473 0.053447 0.322945
v -0.008710 0.055611 0.320338
v -0.008710 0.055611 0.322945
v -0.005473 0.053447 0.320338
v -0.001654 0.052688 0.320338
v -0.001654 0.052688 0.322945
v -0.001654 0.052688 0.322945
v 0.002165 0.053447 0.320338
v -0.001654 0.052688 0.320338
v 0.002165 0.053447 0.322945
v 0.005403 0.055611 0.320338
v 0.005403 0.055611 0.322945
v 0.007566 0.058848 0.322945
v 0.007566 0.058848 0.320338
v 0.007566 0.058848 0.322945
v 0.008326 0.062667 0.320338
v 0.007566 0.058848 0.320338
v 0.008326 0.062667 0.322945
v 0.007566 0.066486 0.322945
v 0.007566 0.066486 0.320338
v 0.005403 0.069723 0.320338
v 0.005403 0.069723 0.322945
v 0.002165 0.071887 0.322945
v 0.002165 0.071887 0.320338
v 0.002165 0.071887 0.322945
v -0.001654 0.072646 0.320338
v 0.002165 0.071887 0.320338
v -0.001654 0.072646 0.322945
v -0.005473 0.071887 0.322945
v -0.005473 0.071887 0.320338
v -0.008710 0.069723 0.320338
v -0.008710 0.069723 0.322945
v -0.010874 0.066486 0.320338
v -0.001654 0.052688 0.322945
v 0.005403 0.055611 0.322945
v 0.002165 0.053447 0.322945
v 0.007566 0.058848 0.322945
v -0.008710 0.055611 0.322945
v -0.005473 0.053447 0.322945
v 0.008326 0.062667 0.322945
v -0.010874 0.066486 0.322945
v -0.011633 0.062667 0.322945
v -0.010874 0.058848 0.322945
v -0.008710 0.069723 0.322945
v 0.002165 0.071887 0.322945
v 0.007566 0.066486 0.322945
v 0.005403 0.069723 0.322945
v -0.005473 0.071887 0.322945
v -0.001654 0.072646 0.322945
v 0.002550 0.072661 0.293192
v 0.008495 0.066716 0.293192
v 0.006114 0.070279 0.293192
v -0.001654 0.051527 0.293192
v -0.001654 0.073497 0.293192
v 0.009331 0.062512 0.293192
v 0.008495 0.058308 0.293192
v 0.006114 0.054745 0.293192
v 0.002550 0.052364 0.293192
v -0.005857 0.072661 0.293192
v -0.005857 0.052364 0.293192
v -0.011802 0.066716 0.293192
v -0.009421 0.070279 0.293192
v -0.012638 0.062512 0.293192
v -0.009421 0.054745 0.293192
v -0.011802 0.058308 0.293192
v -0.009421 0.054745 0.293192
v -0.011802 0.058308 0.296114
v -0.009421 0.054745 0.296114
v -0.011802 0.058308 0.293192
v -0.012638 0.062512 0.296114
v -0.012638 0.062512 0.293192
v -0.011802 0.066716 0.296114
v -0.011802 0.066716 0.293192
v -0.009421 0.070279 0.296114
v -0.005857 0.052364 0.296114
v -0.009421 0.054745 0.293192
v -0.009421 0.054745 0.296114
v -0.005857 0.052364 0.293192
v -0.001654 0.051527 0.293192
v -0.001654 0.051527 0.296114
v -0.001654 0.051527 0.296114
v 0.002550 0.052364 0.293192
v -0.001654 0.051527 0.293192
v 0.002550 0.052364 0.296114
v 0.006114 0.054745 0.293192
v 0.006114 0.054745 0.296114
v 0.008495 0.058308 0.296114
v 0.006114 0.054745 0.293192
v 0.006114 0.054745 0.296114
v 0.008495 0.058308 0.293192
v 0.009331 0.062512 0.293192
v 0.009331 0.062512 0.296114
v 0.008495 0.066716 0.296114
v 0.008495 0.066716 0.293192
v 0.006114 0.070279 0.293192
v 0.006114 0.070279 0.296114
v 0.002550 0.072661 0.296114
v 0.002550 0.072661 0.293192
v 0.002550 0.072661 0.296114
v -0.001654 0.073497 0.293192
v 0.002550 0.072661 0.293192
v -0.001654 0.073497 0.296114
v -0.005857 0.072661 0.296114
v -0.005857 0.072661 0.293192
v -0.009421 0.070279 0.293192
v -0.009421 0.070279 0.296114
v -0.011802 0.066716 0.293192
v -0.001654 0.051527 0.296114
v 0.006114 0.054745 0.296114
v 0.002550 0.052364 0.296114
v 0.008495 0.058308 0.296114
v -0.009421 0.054745 0.296114
v -0.005857 0.052364 0.296114
v 0.009331 0.062512 0.296114
v -0.011802 0.066716 0.296114
v -0.012638 0.062512 0.296114
v -0.011802 0.058308 0.296114
v -0.009421 0.070279 0.296114
v 0.002550 0.072661 0.296114
v 0.008495 0.066716 0.296114
v 0.006114 0.070279 0.296114
v -0.005857 0.072661 0.296114
v -0.001654 0.073497 0.296114
v 0.003135 0.074177 0.238136
v 0.009908 0.067405 0.238136
v 0.007195 0.071464 0.238136
v -0.001654 0.050102 0.238136
v -0.001654 0.075130 0.238136
v 0.010860 0.062616 0.238136
v 0.009908 0.057827 0.238136
v 0.007195 0.053767 0.238136
v 0.003135 0.051055 0.238136
v -0.006443 0.074177 0.238136
v -0.006443 0.051055 0.238136
v -0.013215 0.067405 0.238136
v -0.010502 0.071464 0.238136
v -0.014167 0.062616 0.238136
v -0.010502 0.053767 0.238136
v -0.013215 0.057827 0.238136
v -0.010502 0.053767 0.238136
v -0.013215 0.057827 0.241058
v -0.010502 0.053767 0.241058
v -0.013215 0.057827 0.238136
v -0.014167 0.062616 0.241058
v -0.014167 0.062616 0.238136
v -0.013215 0.067405 0.241058
v -0.013215 0.067405 0.238136
v -0.010502 0.071464 0.241058
v -0.006443 0.051055 0.241058
v -0.010502 0.053767 0.238136
v -0.010502 0.053767 0.241058
v -0.006443 0.051055 0.238136
v -0.001654 0.050102 0.238136
v -0.001654 0.050102 0.241058
v -0.001654 0.050102 0.241058
v 0.003135 0.051055 0.238136
v -0.001654 0.050102 0.238136
v 0.003135 0.051055 0.241058
v 0.007195 0.053767 0.238136
v 0.007195 0.053767 0.241058
v 0.009908 0.057827 0.241058
v 0.009908 0.057827 0.238136
v 0.009908 0.057827 0.241058
v 0.010860 0.062616 0.238136
v 0.009908 0.057827 0.238136
v 0.010860 0.062616 0.241058
v 0.009908 0.067405 0.241058
v 0.009908 0.067405 0.238136
v 0.007195 0.071464 0.238136
v 0.007195 0.071464 0.241058
v 0.003135 0.074177 0.241058
v 0.003135 0.074177 0.238136
v 0.003135 0.074177 0.241058
v -0.001654 0.075130 0.238136
v 0.003135 0.074177 0.238136
v -0.001654 0.075130 0.241058
v -0.006443 0.074177 0.241058
v -0.006443 0.074177 0.238136
v -0.010502 0.071464 0.238136
v -0.010502 0.071464 0.241058
v -0.013215 0.067405 0.238136
v -0.001654 0.050102 0.241058
v 0.007195 0.053767 0.241058
v 0.003135 0.051055 0.241058
v 0.009908 0.057827 0.241058
v -0.010502 0.053767 0.241058
v -0.006443 0.051055 0.241058
v 0.010860 0.062616 0.241058
v -0.013215 0.067405 0.241058
v -0.014167 0.062616 0.241058
v -0.013215 0.057827 0.241058
v -0.010502 0.071464 0.241058
v 0.003135 0.074177 0.241058
v 0.009908 0.067405 0.241058
v 0.007195 0.071464 0.241058
v -0.006443 0.074177 0.241058
v -0.001654 0.075130 0.241058
v 0.003291 0.074553 0.198047
v 0.010283 0.067561 0.198047
v 0.007483 0.071752 0.198047
v -0.001654 0.049695 0.198047
v -0.001654 0.075537 0.198047
v 0.011267 0.062616 0.198047
v 0.010283 0.057671 0.198047
v 0.007483 0.053480 0.198047
v 0.003291 0.050679 0.198047
v -0.006598 0.074553 0.198047
v -0.006598 0.050679 0.198047
v -0.013591 0.067561 0.198047
v -0.010790 0.071752 0.198047
v -0.014575 0.062616 0.198047
v -0.010790 0.053480 0.198047
v -0.013591 0.057671 0.198047
v -0.010790 0.053480 0.198047
v -0.013591 0.057671 0.201026
v -0.010790 0.053480 0.201026
v -0.013591 0.057671 0.198047
v -0.014575 0.062616 0.201026
v -0.014575 0.062616 0.198047
v -0.013591 0.067561 0.201026
v -0.013591 0.067561 0.198047
v -0.010790 0.071752 0.201026
v -0.010790 0.071752 0.198047
v -0.006598 0.050679 0.201026
v -0.010790 0.053480 0.198047
v -0.010790 0.053480 0.201026
v -0.006598 0.050679 0.198047
v -0.001654 0.049695 0.198047
v -0.001654 0.049695 0.201026
v -0.001654 0.049695 0.201026
v 0.003291 0.050679 0.198047
v -0.001654 0.049695 0.198047
v 0.003291 0.050679 0.201026
v 0.007483 0.053480 0.198047
v 0.007483 0.053480 0.201026
v 0.010283 0.057671 0.201026
v 0.007483 0.053480 0.198047
v 0.007483 0.053480 0.201026
v 0.010283 0.057671 0.198047
v 0.011267 0.062616 0.198047
v 0.011267 0.062616 0.201026
v 0.010283 0.067561 0.201026
v 0.010283 0.067561 0.198047
v 0.007483 0.071752 0.198047
v 0.007483 0.071752 0.201026
v 0.003291 0.074553 0.201026
v 0.007483 0.071752 0.198047
v 0.003291 0.074553 0.201026
v 0.003291 0.074553 0.198047
v -0.001654 0.075537 0.198047
v -0.001654 0.075537 0.201026
v -0.006598 0.074553 0.201026
v -0.006598 0.074553 0.198047
v -0.010790 0.071752 0.198047
v -0.010790 0.071752 0.201026
v -0.001654 0.049695 0.201026
v 0.007483 0.053480 0.201026
v 0.003291 0.050679 0.201026
v 0.010283 0.057671 0.201026
v -0.010790 0.053480 0.201026
v -0.006598 0.050679 0.201026
v 0.011267 0.062616 0.201026
v -0.013591 0.067561 0.201026
v -0.014575 0.062616 0.201026
v -0.013591 0.057671 0.201026
v -0.010790 0.071752 0.201026
v 0.003291 0.074553 0.201026
v 0.010283 0.067561 0.201026
v 0.007483 0.071752 0.201026
v -0.006598 0.074553 0.201026
v -0.001654 0.075537 0.201026
v 0.008467 0.058994 0.187194
v 0.006092 0.055440 0.181514
v 0.006092 0.055440 0.187194
v 0.008467 0.058994 0.181514
v 0.009300 0.063186 0.187194
v 0.009300 0.063186 0.181514
v 0.008467 0.067378 0.181514
v 0.008467 0.067378 0.187194
v 0.006092 0.070931 0.187194
v 0.006092 0.070931 0.181514
v 0.006092 0.055440 0.181514
v 0.002538 0.053066 0.187194
v 0.006092 0.055440 0.187194
v 0.002538 0.053066 0.181514
v -0.001654 0.052232 0.181514
v -0.001654 0.052232 0.187194
v -0.001654 0.052232 0.181514
v -0.005846 0.053066 0.187194
v -0.001654 0.052232 0.187194
v -0.005846 0.053066 0.181514
v -0.009399 0.055440 0.181514
v -0.005846 0.053066 0.187194
v -0.009399 0.055440 0.181514
v -0.009399 0.055440 0.187194
v -0.011774 0.058994 0.181514
v -0.011774 0.058994 0.187194
v -0.012608 0.063186 0.187194
v -0.012608 0.063186 0.181514
v -0.011774 0.067378 0.181514
v -0.011774 0.067378 0.187194
v -0.009399 0.070931 0.181514
v -0.011774 0.067378 0.187194
v -0.011774 0.067378 0.181514
v -0.009399 0.070931 0.187194
v -0.005846 0.073306 0.181514
v -0.005846 0.073306 0.187194
v -0.001654 0.074140 0.181514
v -0.001654 0.074140 0.187194
v 0.002538 0.073306 0.181514
v 0.002538 0.073306 0.187194
v 0.006092 0.070931 0.187194
v 0.006092 0.070931 0.181514
v -0.001654 0.074140 0.187194
v -0.009399 0.070931 0.187194
v -0.005846 0.073306 0.187194
v 0.008467 0.058994 0.187194
v -0.011774 0.067378 0.187194
v -0.012608 0.063186 0.187194
v -0.011774 0.058994 0.187194
v -0.009399 0.055440 0.187194
v -0.005846 0.053066 0.187194
v -0.001654 0.052232 0.187194
v 0.002538 0.053066 0.187194
v 0.006092 0.055440 0.187194
v 0.006092 0.070931 0.187194
v 0.002538 0.073306 0.187194
v 0.008467 0.067378 0.187194
v 0.009300 0.063186 0.187194
v 0.002929 0.073680 0.270815
v 0.009410 0.067199 0.270815
v 0.006814 0.071084 0.270815
v -0.001654 0.050641 0.270815
v -0.001654 0.074591 0.270815
v 0.010321 0.062616 0.270815
v 0.009410 0.058033 0.270815
v 0.006814 0.054148 0.270815
v 0.002929 0.051552 0.270815
v -0.006236 0.073680 0.270815
v -0.006236 0.051552 0.270815
v -0.012717 0.067199 0.270815
v -0.010121 0.071084 0.270815
v -0.013629 0.062616 0.270815
v -0.010121 0.054148 0.270815
v -0.012717 0.058033 0.270815
v -0.010121 0.054148 0.270815
v -0.012717 0.058033 0.273737
v -0.010121 0.054148 0.273737
v -0.012717 0.058033 0.270815
v -0.013629 0.062616 0.273737
v -0.013629 0.062616 0.270815
v -0.012717 0.067199 0.273737
v -0.012717 0.067199 0.270815
v -0.010121 0.071084 0.273737
v -0.006236 0.051552 0.273737
v -0.010121 0.054148 0.270815
v -0.010121 0.054148 0.273737
v -0.006236 0.051552 0.270815
v -0.001654 0.050641 0.270815
v -0.001654 0.050641 0.273737
v -0.001654 0.050641 0.273737
v 0.002929 0.051552 0.270815
v -0.001654 0.050641 0.270815
v 0.002929 0.051552 0.273737
v 0.006814 0.054148 0.270815
v 0.006814 0.054148 0.273737
v 0.009410 0.058033 0.273737
v 0.006814 0.054148 0.270815
v 0.006814 0.054148 0.273737
v 0.009410 0.058033 0.270815
v 0.010321 0.062616 0.270815
v 0.010321 0.062616 0.273737
v 0.009410 0.067199 0.273737
v 0.009410 0.067199 0.270815
v 0.006814 0.071084 0.270815
v 0.006814 0.071084 0.273737
v 0.002929 0.073680 0.273737
v 0.002929 0.073680 0.270815
v 0.002929 0.073680 0.273737
v -0.001654 0.074591 0.270815
v 0.002929 0.073680 0.270815
v -0.001654 0.074591 0.273737
v -0.006236 0.073680 0.273737
v -0.006236 0.073680 0.270815
v -0.010121 0.071084 0.270815
v -0.010121 0.071084 0.273737
v -0.012717 0.067199 0.270815
v -0.001654 0.050641 0.273737
v 0.006814 0.054148 0.273737
v 0.002929 0.051552 0.273737
v 0.009410 0.058033 0.273737
v -0.010121 0.054148 0.273737
v -0.006236 0.051552 0.273737
v 0.010321 0.062616 0.273737
v -0.012717 0.067199 0.273737
v -0.013629 0.062616 0.273737
v -0.012717 0.058033 0.273737
v -0.010121 0.071084 0.273737
v 0.002929 0.073680 0.273737
v 0.009410 0.067199 0.273737
v 0.006814 0.071084 0.273737
v -0.006236 0.073680 0.273737
v -0.001654 0.074591 0.273737
v 0.002347 0.072118 0.303809
v 0.008004 0.066460 0.303809
v 0.005738 0.069852 0.303809
v -0.001654 0.052006 0.303809
v -0.001654 0.072913 0.303809
v 0.008800 0.062460 0.303809
v 0.008004 0.058459 0.303809
v 0.005738 0.055068 0.303809
v 0.002347 0.052802 0.303809
v -0.005654 0.072118 0.303809
v -0.005654 0.052802 0.303809
v -0.011312 0.066460 0.303809
v -0.009046 0.069852 0.303809
v -0.012107 0.062460 0.303809
v -0.009046 0.055068 0.303809
v -0.011312 0.058459 0.303809
v -0.009046 0.055068 0.303809
v -0.011312 0.058459 0.306170
v -0.009046 0.055068 0.306170
v -0.011312 0.058459 0.303809
v -0.012107 0.062460 0.306170
v -0.012107 0.062460 0.303809
v -0.011312 0.066460 0.306170
v -0.011312 0.066460 0.303809
v -0.009046 0.069852 0.306170
v -0.009046 0.069852 0.303809
v -0.005654 0.052802 0.306170
v -0.009046 0.055068 0.303809
v -0.009046 0.055068 0.306170
v -0.005654 0.052802 0.303809
v -0.001654 0.052006 0.303809
v -0.001654 0.052006 0.306170
v -0.001654 0.052006 0.306170
v 0.002347 0.052802 0.303809
v -0.001654 0.052006 0.303809
v 0.002347 0.052802 0.306170
v 0.005738 0.055068 0.303809
v 0.005738 0.055068 0.306170
v 0.008004 0.058459 0.306170
v 0.005738 0.055068 0.303809
v 0.005738 0.055068 0.306170
v 0.008004 0.058459 0.303809
v 0.008800 0.062460 0.303809
v 0.008800 0.062460 0.306170
v 0.008004 0.066460 0.306170
v 0.008004 0.066460 0.303809
v 0.005738 0.069852 0.303809
v 0.005738 0.069852 0.306170
v 0.002347 0.072118 0.306170
v 0.005738 0.069852 0.303809
v 0.002347 0.072118 0.306170
v 0.002347 0.072118 0.303809
v -0.001654 0.072913 0.303809
v -0.001654 0.072913 0.306170
v -0.005654 0.072118 0.306170
v -0.005654 0.072118 0.303809
v -0.009046 0.069852 0.303809
v -0.009046 0.069852 0.306170
v -0.001654 0.052006 0.306170
v 0.005738 0.055068 0.306170
v 0.002347 0.052802 0.306170
v 0.008004 0.058459 0.306170
v -0.009046 0.055068 0.306170
v -0.005654 0.052802 0.306170
v 0.008800 0.062460 0.306170
v -0.011312 0.066460 0.306170
v -0.012107 0.062460 0.306170
v -0.011312 0.058459 0.306170
v -0.009046 0.069852 0.306170
v 0.002347 0.072118 0.306170
v 0.008004 0.066460 0.306170
v 0.005738 0.069852 0.306170
v -0.005654 0.072118 0.306170
v -0.001654 0.072913 0.306170
v 0.003041 0.073951 0.248353
v 0.009682 0.067311 0.248353
v 0.007022 0.071292 0.248353
v -0.001654 0.050347 0.248353
v -0.001654 0.074885 0.248353
v 0.010615 0.062616 0.248353
v 0.009682 0.057921 0.248353
v 0.007022 0.053940 0.248353
v 0.003041 0.051281 0.248353
v -0.006349 0.073951 0.248353
v -0.006349 0.051281 0.248353
v -0.012989 0.067311 0.248353
v -0.010329 0.071292 0.248353
v -0.013923 0.062616 0.248353
v -0.010329 0.053940 0.248353
v -0.012989 0.057921 0.248353
v -0.010329 0.053940 0.248353
v -0.012989 0.057921 0.251276
v -0.010329 0.053940 0.251276
v -0.012989 0.057921 0.248353
v -0.013923 0.062616 0.251276
v -0.013923 0.062616 0.248353
v -0.012989 0.067311 0.251276
v -0.012989 0.067311 0.248353
v -0.010329 0.071292 0.251276
v -0.006349 0.051281 0.251276
v -0.010329 0.053940 0.248353
v -0.010329 0.053940 0.251276
v -0.006349 0.051281 0.248353
v -0.001654 0.050347 0.248353
v -0.001654 0.050347 0.251276
v -0.001654 0.050347 0.251276
v 0.003041 0.051281 0.248353
v -0.001654 0.050347 0.248353
v 0.003041 0.051281 0.251276
v 0.007022 0.053940 0.248353
v 0.007022 0.053940 0.251276
v 0.009682 0.057921 0.251276
v 0.007022 0.053940 0.248353
v 0.007022 0.053940 0.251276
v 0.009682 0.057921 0.248353
v 0.010615 0.062616 0.248353
v 0.010615 0.062616 0.251276
v 0.009682 0.067311 0.251276
v 0.009682 0.067311 0.248353
v 0.007022 0.071292 0.248353
v 0.007022 0.071292 0.251276
v 0.003041 0.073951 0.251276
v 0.003041 0.073951 0.248353
v 0.003041 0.073951 0.251276
v -0.001654 0.074885 0.248353
v 0.003041 0.073951 0.248353
v -0.001654 0.074885 0.251276
v -0.006349 0.073951 0.251276
v -0.006349 0.073951 0.248353
v -0.010329 0.071292 0.248353
v -0.010329 0.071292 0.251276
v -0.012989 0.067311 0.248353
v -0.001654 0.050347 0.251276
v 0.007022 0.053940 0.251276
v 0.003041 0.051281 0.251276
v 0.009682 0.057921 0.251276
v -0.010329 0.053940 0.251276
v -0.006349 0.051281 0.251276
v 0.010615 0.062616 0.251276
v -0.012989 0.067311 0.251276
v -0.013923 0.062616 0.251276
v -0.012989 0.057921 0.251276
v -0.010329 0.071292 0.251276
v 0.003041 0.073951 0.251276
v 0.009682 0.067311 0.251276
v 0.007022 0.071292 0.251276
v -0.006349 0.073951 0.251276
v -0.001654 0.074885 0.251276
v 0.003197 0.074327 0.227032
v 0.010057 0.067467 0.227032
v 0.007309 0.071579 0.227032
v -0.001654 0.049941 0.227032
v -0.001654 0.075291 0.227032
v 0.011022 0.062616 0.227032
v 0.010057 0.057765 0.227032
v 0.007309 0.053653 0.227032
v 0.003197 0.050905 0.227032
v -0.006504 0.074327 0.227032
v -0.006504 0.050905 0.227032
v -0.013364 0.067467 0.227032
v -0.010617 0.071579 0.227032
v -0.014329 0.062616 0.227032
v -0.010617 0.053653 0.227032
v -0.013364 0.057765 0.227032
v -0.010617 0.053653 0.227032
v -0.013364 0.057765 0.229954
v -0.010617 0.053653 0.229954
v -0.013364 0.057765 0.227032
v -0.014329 0.062616 0.229954
v -0.014329 0.062616 0.227032
v -0.013364 0.067467 0.229954
v -0.013364 0.067467 0.227032
v -0.010617 0.071579 0.229954
v -0.006504 0.050905 0.229954
v -0.010617 0.053653 0.227032
v -0.010617 0.053653 0.229954
v -0.006504 0.050905 0.227032
v -0.001654 0.049941 0.227032
v -0.001654 0.049941 0.229954
v -0.001654 0.049941 0.229954
v 0.003197 0.050905 0.227032
v -0.001654 0.049941 0.227032
v 0.003197 0.050905 0.229954
v 0.007309 0.053653 0.227032
v 0.007309 0.053653 0.229954
v 0.010057 0.057765 0.229954
v 0.007309 0.053653 0.227032
v 0.007309 0.053653 0.229954
v 0.010057 0.057765 0.227032
v 0.011022 0.062616 0.227032
v 0.011022 0.062616 0.229954
v 0.010057 0.067467 0.229954
v 0.010057 0.067467 0.227032
v 0.007309 0.071579 0.227032
v 0.007309 0.071579 0.229954
v 0.003197 0.074327 0.229954
v 0.003197 0.074327 0.227032
v 0.003197 0.074327 0.229954
v -0.001654 0.075291 0.227032
v 0.003197 0.074327 0.227032
v -0.001654 0.075291 0.229954
v -0.006504 0.074327 0.229954
v -0.006504 0.074327 0.227032
v -0.010617 0.071579 0.227032
v -0.010617 0.071579 0.229954
v -0.013364 0.067467 0.227032
v -0.001654 0.049941 0.229954
v 0.007309 0.053653 0.229954
v 0.003197 0.050905 0.229954
v 0.010057 0.057765 0.229954
v -0.010617 0.053653 0.229954
v -0.006504 0.050905 0.229954
v 0.011022 0.062616 0.229954
v -0.013364 0.067467 0.229954
v -0.014329 0.062616 0.229954
v -0.013364 0.057765 0.229954
v -0.010617 0.071579 0.229954
v 0.003197 0.074327 0.229954
v 0.010057 0.067467 0.229954
v 0.007309 0.071579 0.229954
v -0.006504 0.074327 0.229954
v -0.001654 0.075291 0.229954
v 0.003785 0.045550 0.300051
v 0.009224 0.045550 0.180561
v 0.009224 0.045550 0.295403
v 0.003785 0.045550 0.184401
v 0.003785 0.045550 0.180561
v -0.001654 0.045550 0.184460
v -0.001654 0.045550 0.301889
v -0.007093 0.045550 0.184401
v -0.007093 0.045550 0.300051
v -0.012532 0.045550 0.295403
v -0.012532 0.045550 0.180561
v -0.007093 0.045550 0.180561
v 0.009224 0.042188 0.295403
v 0.003785 0.045550 0.300051
v 0.009224 0.045550 0.295403
v 0.003785 0.042188 0.300051
v -0.001654 0.042188 0.301889
v -0.001654 0.045550 0.301889
v -0.007093 0.045550 0.300051
v 0.009224 0.042188 0.295403
v 0.009224 0.045550 0.180561
v 0.009224 0.042188 0.180561
v 0.009224 0.045550 0.295403
v -0.001654 0.045550 0.184460
v 0.003785 0.054296 0.184401
v 0.003785 0.045550 0.184401
v -0.001654 0.054296 0.184460
v -0.007093 0.045550 0.184401
v -0.007093 0.054296 0.184401
v 0.003785 0.054296 0.184401
v 0.003785 0.045550 0.180561
v 0.003785 0.045550 0.184401
v 0.003785 0.054296 0.180561
v -0.007093 0.045550 0.300051
v -0.001654 0.042188 0.301889
v -0.007093 0.042188 0.300051
v -0.012532 0.045550 0.295403
v -0.012532 0.042188 0.295403
v -0.012532 0.042188 0.180561
v -0.012532 0.045550 0.295403
v -0.012532 0.042188 0.295403
v -0.012532 0.045550 0.180561
v -0.007093 0.054296 0.180561
v -0.007093 0.045550 0.184401
v -0.007093 0.045550 0.180561
v -0.007093 0.054296 0.184401
v 0.001696 0.054738 0.279037
v 0.001696 0.043365 0.282421
v 0.001696 0.054738 0.282421
v 0.001696 0.043365 0.279037
v -0.005003 0.054738 0.282421
v -0.005003 0.043365 0.279037
v -0.005003 0.054738 0.279037
v -0.005003 0.043365 0.282421
v -0.005003 0.054738 0.282421
v 0.001696 0.043365 0.282421
v -0.005003 0.043365 0.282421
v 0.001696 0.054738 0.282421
v 0.001696 0.043365 0.279037
v -0.005003 0.054738 0.279037
v -0.005003 0.043365 0.279037
v 0.001696 0.054738 0.279037
v 0.002410 0.072318 0.298864
v 0.008157 0.066571 0.298864
v 0.005855 0.070016 0.298864
v -0.001654 0.051888 0.298864
v -0.001654 0.073127 0.298864
v 0.008966 0.062507 0.298864
v 0.008157 0.058443 0.298864
v 0.005855 0.054998 0.298864
v 0.002410 0.052696 0.298864
v -0.005718 0.072318 0.298864
v -0.005718 0.052696 0.298864
v -0.011465 0.066571 0.298864
v -0.009163 0.070016 0.298864
v -0.012273 0.062507 0.298864
v -0.009163 0.054998 0.298864
v -0.011465 0.058443 0.298864
v -0.009163 0.054998 0.298864
v -0.011465 0.058443 0.301237
v -0.009163 0.054998 0.301237
v -0.011465 0.058443 0.298864
v -0.012273 0.062507 0.301237
v -0.012273 0.062507 0.298864
v -0.011465 0.066571 0.301237
v -0.011465 0.066571 0.298864
v -0.009163 0.070016 0.301237
v -0.005718 0.052696 0.301237
v -0.009163 0.054998 0.298864
v -0.009163 0.054998 0.301237
v -0.005718 0.052696 0.298864
v -0.001654 0.051888 0.298864
v -0.001654 0.051888 0.301237
v -0.001654 0.051888 0.301237
v 0.002410 0.052696 0.298864
v -0.001654 0.051888 0.298864
v 0.002410 0.052696 0.301237
v 0.005855 0.054998 0.298864
v 0.005855 0.054998 0.301237
v 0.008157 0.058443 0.301237
v 0.005855 0.054998 0.298864
v 0.005855 0.054998 0.301237
v 0.008157 0.058443 0.298864
v 0.008966 0.062507 0.298864
v 0.008966 0.062507 0.301237
v 0.008157 0.066571 0.301237
v 0.008157 0.066571 0.298864
v 0.005855 0.070016 0.298864
v 0.005855 0.070016 0.301237
v 0.002410 0.072318 0.301237
v 0.002410 0.072318 0.298864
v 0.002410 0.072318 0.301237
v -0.001654 0.073127 0.298864
v 0.002410 0.072318 0.298864
v -0.001654 0.073127 0.301237
v -0.005718 0.072318 0.301237
v -0.005718 0.072318 0.298864
v -0.009163 0.070016 0.298864
v -0.009163 0.070016 0.301237
v -0.011465 0.066571 0.298864
v -0.001654 0.051888 0.301237
v 0.005855 0.054998 0.301237
v 0.002410 0.052696 0.301237
v 0.008157 0.058443 0.301237
v -0.009163 0.054998 0.301237
v -0.005718 0.052696 0.301237
v 0.008966 0.062507 0.301237
v -0.011465 0.066571 0.301237
v -0.012273 0.062507 0.301237
v -0.011465 0.058443 0.301237
v -0.009163 0.070016 0.301237
v 0.002410 0.072318 0.301237
v 0.008157 0.066571 0.301237
v 0.005855 0.070016 0.301237
v -0.005718 0.072318 0.301237
v -0.001654 0.073127 0.301237
v 0.002318 0.072066 0.309337
v 0.007935 0.066449 0.309337
v 0.005685 0.069816 0.309337
v -0.001654 0.052099 0.309337
v -0.001654 0.072856 0.309337
v 0.008725 0.062478 0.309337
v 0.007935 0.058506 0.309337
v 0.005685 0.055139 0.309337
v 0.002318 0.052889 0.309337
v -0.005625 0.072066 0.309337
v -0.005625 0.052889 0.309337
v -0.011242 0.066449 0.309337
v -0.008992 0.069816 0.309337
v -0.012032 0.062478 0.309337
v -0.008992 0.055139 0.309337
v -0.011242 0.058506 0.309337
v -0.008992 0.055139 0.309337
v -0.011242 0.058506 0.311729
v -0.008992 0.055139 0.311729
v -0.011242 0.058506 0.309337
v -0.012032 0.062478 0.311729
v -0.012032 0.062478 0.309337
v -0.011242 0.066449 0.311729
v -0.011242 0.066449 0.309337
v -0.008992 0.069816 0.311729
v -0.005625 0.052889 0.311729
v -0.008992 0.055139 0.309337
v -0.008992 0.055139 0.311729
v -0.005625 0.052889 0.309337
v -0.001654 0.052099 0.309337
v -0.001654 0.052099 0.311729
v -0.001654 0.052099 0.311729
v 0.002318 0.052889 0.309337
v -0.001654 0.052099 0.309337
v 0.002318 0.052889 0.311729
v 0.005685 0.055139 0.309337
v 0.005685 0.055139 0.311729
v 0.007935 0.058506 0.311729
v 0.005685 0.055139 0.309337
v 0.005685 0.055139 0.311729
v 0.007935 0.058506 0.309337
v 0.008725 0.062478 0.309337
v 0.008725 0.062478 0.311729
v 0.007935 0.066449 0.311729
v 0.007935 0.066449 0.309337
v 0.005685 0.069816 0.309337
v 0.005685 0.069816 0.311729
v 0.002318 0.072066 0.311729
v 0.002318 0.072066 0.309337
v 0.002318 0.072066 0.311729
v -0.001654 0.072856 0.309337
v 0.002318 0.072066 0.309337
v -0.001654 0.072856 0.311729
v -0.005625 0.072066 0.311729
v -0.005625 0.072066 0.309337
v -0.008992 0.069816 0.309337
v -0.008992 0.069816 0.311729
v -0.011242 0.066449 0.309337
v -0.001654 0.052099 0.311729
v 0.005685 0.055139 0.311729
v 0.002318 0.052889 0.311729
v 0.007935 0.058506 0.311729
v -0.008992 0.055139 0.311729
v -0.005625 0.052889 0.311729
v 0.008725 0.062478 0.311729
v -0.011242 0.066449 0.311729
v -0.012032 0.062478 0.311729
v -0.011242 0.058506 0.311729
v -0.008992 0.069816 0.311729
v 0.002318 0.072066 0.311729
v 0.007935 0.066449 0.311729
v 0.005685 0.069816 0.311729
v -0.005625 0.072066 0.311729
v -0.001654 0.072856 0.311729
v 0.002194 0.071955 0.315066
v 0.007636 0.066514 0.315066
v 0.005456 0.069776 0.315066
v -0.001654 0.052612 0.315066
v -0.001654 0.072721 0.315066
v 0.008401 0.062666 0.315066
v 0.007636 0.058818 0.315066
v 0.005456 0.055557 0.315066
v 0.002194 0.053377 0.315066
v -0.005502 0.071955 0.315066
v -0.005502 0.053377 0.315066
v -0.010943 0.066514 0.315066
v -0.008763 0.069776 0.315066
v -0.011708 0.062666 0.315066
v -0.008763 0.055557 0.315066
v -0.010943 0.058818 0.315066
v -0.008763 0.055557 0.315066
v -0.010943 0.058818 0.317421
v -0.008763 0.055557 0.317421
v -0.010943 0.058818 0.315066
v -0.011708 0.062666 0.317421
v -0.011708 0.062666 0.315066
v -0.010943 0.066514 0.317421
v -0.010943 0.066514 0.315066
v -0.008763 0.069776 0.317421
v -0.008763 0.069776 0.315066
v -0.005502 0.053377 0.317421
v -0.008763 0.055557 0.315066
v -0.008763 0.055557 0.317421
v -0.005502 0.053377 0.315066
v -0.001654 0.052612 0.315066
v -0.001654 0.052612 0.317421
v -0.001654 0.052612 0.317421
v 0.002194 0.053377 0.315066
v -0.001654 0.052612 0.315066
v 0.002194 0.053377 0.317421
v 0.005456 0.055557 0.315066
v 0.005456 0.055557 0.317421
v 0.007636 0.058818 0.317421
v 0.005456 0.055557 0.315066
v 0.005456 0.055557 0.317421
v 0.007636 0.058818 0.315066
v 0.008401 0.062666 0.315066
v 0.008401 0.062666 0.317421
v 0.007636 0.066514 0.317421
v 0.007636 0.066514 0.315066
v 0.005456 0.069776 0.315066
v 0.005456 0.069776 0.317421
v 0.002194 0.071955 0.317421
v 0.005456 0.069776 0.315066
v 0.002194 0.071955 0.317421
v 0.002194 0.071955 0.315066
v -0.001654 0.072721 0.315066
v -0.001654 0.072721 0.317421
v -0.005502 0.071955 0.317421
v -0.005502 0.071955 0.315066
v -0.008763 0.069776 0.315066
v -0.008763 0.069776 0.317421
v -0.001654 0.052612 0.317421
v 0.005456 0.055557 0.317421
v 0.002194 0.053377 0.317421
v 0.007636 0.058818 0.317421
v -0.008763 0.055557 0.317421
v -0.005502 0.053377 0.317421
v 0.008401 0.062666 0.317421
v -0.010943 0.066514 0.317421
v -0.011708 0.062666 0.317421
v -0.010943 0.058818 0.317421
v -0.008763 0.069776 0.317421
v 0.002194 0.071955 0.317421
v 0.007636 0.066514 0.317421
v 0.005456 0.069776 0.317421
v -0.005502 0.071955 0.317421
v -0.001654 0.072721 0.317421
v 0.002091 0.071592 0.325885
v 0.007386 0.066297 0.325885
v 0.005265 0.069471 0.325885
v -0.001654 0.052768 0.325885
v -0.001654 0.072337 0.325885
v 0.008131 0.062552 0.325885
v 0.007386 0.058808 0.325885
v 0.005265 0.055634 0.325885
v 0.002091 0.053513 0.325885
v -0.005398 0.071592 0.325885
v -0.005398 0.053513 0.325885
v -0.010694 0.066297 0.325885
v -0.008573 0.069471 0.325885
v -0.011438 0.062552 0.325885
v -0.008573 0.055634 0.325885
v -0.010694 0.058808 0.325885
v -0.008573 0.055634 0.325885
v -0.010694 0.058808 0.328194
v -0.008573 0.055634 0.328194
v -0.010694 0.058808 0.325885
v -0.011438 0.062552 0.328194
v -0.011438 0.062552 0.325885
v -0.010694 0.066297 0.328194
v -0.010694 0.066297 0.325885
v -0.008573 0.069471 0.328194
v -0.008573 0.069471 0.325885
v -0.005398 0.053513 0.328194
v -0.008573 0.055634 0.325885
v -0.008573 0.055634 0.328194
v -0.005398 0.053513 0.325885
v -0.001654 0.052768 0.325885
v -0.001654 0.052768 0.328194
v -0.001654 0.052768 0.328194
v 0.002091 0.053513 0.325885
v -0.001654 0.052768 0.325885
v 0.002091 0.053513 0.328194
v 0.005265 0.055634 0.325885
v 0.005265 0.055634 0.328194
v 0.007386 0.058808 0.328194
v 0.005265 0.055634 0.325885
v 0.005265 0.055634 0.328194
v 0.007386 0.058808 0.325885
v 0.008131 0.062552 0.325885
v 0.008131 0.062552 0.328194
v 0.007386 0.066297 0.328194
v 0.007386 0.066297 0.325885
v 0.005265 0.069471 0.325885
v 0.005265 0.069471 0.328194
v 0.002091 0.071592 0.328194
v 0.005265 0.069471 0.325885
v 0.002091 0.071592 0.328194
v 0.002091 0.071592 0.325885
v -0.001654 0.072337 0.325885
v -0.001654 0.072337 0.328194
v -0.005398 0.071592 0.328194
v -0.005398 0.071592 0.325885
v -0.008573 0.069471 0.325885
v -0.008573 0.069471 0.328194
v -0.001654 0.052768 0.328194
v 0.005265 0.055634 0.328194
v 0.002091 0.053513 0.328194
v 0.007386 0.058808 0.328194
v -0.008573 0.055634 0.328194
v -0.005398 0.053513 0.328194
v 0.008131 0.062552 0.328194
v -0.010694 0.066297 0.328194
v -0.011438 0.062552 0.328194
v -0.010694 0.058808 0.328194
v -0.008573 0.069471 0.328194
v 0.002091 0.071592 0.328194
v 0.007386 0.066297 0.328194
v 0.005265 0.069471 0.328194
v -0.005398 0.071592 0.328194
v -0.001654 0.072337 0.328194
v 0.002078 0.071435 0.331325
v 0.007354 0.066158 0.331325
v 0.005241 0.069321 0.331325
v -0.001654 0.052676 0.331325
v -0.001654 0.072177 0.331325
v 0.008097 0.062427 0.331325
v 0.007354 0.058695 0.331325
v 0.005241 0.055532 0.331325
v 0.002078 0.053418 0.331325
v -0.005385 0.071435 0.331325
v -0.005385 0.053418 0.331325
v -0.010662 0.066158 0.331325
v -0.008548 0.069321 0.331325
v -0.011404 0.062427 0.331325
v -0.008548 0.055532 0.331325
v -0.010662 0.058695 0.331325
v -0.008548 0.055532 0.331325
v -0.010662 0.058695 0.333550
v -0.008548 0.055532 0.333550
v -0.010662 0.058695 0.331325
v -0.011404 0.062427 0.333550
v -0.011404 0.062427 0.331325
v -0.010662 0.066158 0.333550
v -0.010662 0.066158 0.331325
v -0.008548 0.069321 0.333550
v -0.005385 0.053418 0.333550
v -0.008548 0.055532 0.331325
v -0.008548 0.055532 0.333550
v -0.005385 0.053418 0.331325
v -0.001654 0.052676 0.331325
v -0.001654 0.052676 0.333550
v -0.001654 0.052676 0.333550
v 0.002078 0.053418 0.331325
v -0.001654 0.052676 0.331325
v 0.002078 0.053418 0.333550
v 0.005241 0.055532 0.331325
v 0.005241 0.055532 0.333550
v 0.007354 0.058695 0.333550
v 0.005241 0.055532 0.331325
v 0.005241 0.055532 0.333550
v 0.007354 0.058695 0.331325
v 0.008097 0.062427 0.331325
v 0.008097 0.062427 0.333550
v 0.007354 0.066158 0.333550
v 0.007354 0.066158 0.331325
v 0.005241 0.069321 0.331325
v 0.005241 0.069321 0.333550
v 0.002078 0.071435 0.333550
v 0.002078 0.071435 0.331325
v 0.002078 0.071435 0.333550
v -0.001654 0.072177 0.331325
v 0.002078 0.071435 0.331325
v -0.001654 0.072177 0.333550
v -0.005385 0.071435 0.333550
v -0.005385 0.071435 0.331325
v -0.008548 0.069321 0.331325
v -0.008548 0.069321 0.333550
v -0.010662 0.066158 0.331325
v -0.001654 0.052676 0.333550
v 0.005241 0.055532 0.333550
v 0.002078 0.053418 0.333550
v 0.007354 0.058695 0.333550
v -0.008548 0.055532 0.333550
v -0.005385 0.053418 0.333550
v 0.008097 0.062427 0.333550
v -0.010662 0.066158 0.333550
v -0.011404 0.062427 0.333550
v -0.010662 0.058695 0.333550
v -0.008548 0.069321 0.333550
v 0.002078 0.071435 0.333550
v 0.007354 0.066158 0.333550
v 0.005241 0.069321 0.333550
v -0.005385 0.071435 0.333550
v -0.001654 0.072177 0.333550
v 0.001905 0.071233 0.337195
v 0.006938 0.066200 0.337195
v 0.004922 0.069217 0.337195
v -0.001654 0.053340 0.337195
v -0.001654 0.071940 0.337195
v 0.007646 0.062641 0.337195
v 0.006938 0.059082 0.337195
v 0.004922 0.056065 0.337195
v 0.001905 0.054049 0.337195
v -0.005213 0.071233 0.337195
v -0.005213 0.054049 0.337195
v -0.010246 0.066200 0.337195
v -0.008230 0.069217 0.337195
v -0.010954 0.062641 0.337195
v -0.008230 0.056065 0.337195
v -0.010246 0.059082 0.337195
v -0.008230 0.056065 0.337195
v -0.010246 0.059082 0.339410
v -0.008230 0.056065 0.339410
v -0.010246 0.059082 0.337195
v -0.010954 0.062641 0.339410
v -0.010954 0.062641 0.337195
v -0.010246 0.066200 0.339410
v -0.010246 0.066200 0.337195
v -0.008230 0.069217 0.339410
v -0.008230 0.069217 0.337195
v -0.005213 0.054049 0.339410
v -0.008230 0.056065 0.337195
v -0.008230 0.056065 0.339410
v -0.005213 0.054049 0.337195
v -0.001654 0.053340 0.337195
v -0.001654 0.053340 0.339410
v -0.001654 0.053340 0.339410
v 0.001905 0.054049 0.337195
v -0.001654 0.053340 0.337195
v 0.001905 0.054049 0.339410
v 0.004922 0.056065 0.337195
v 0.004922 0.056065 0.339410
v 0.006938 0.059082 0.339410
v 0.004922 0.056065 0.337195
v 0.004922 0.056065 0.339410
v 0.006938 0.059082 0.337195
v 0.007646 0.062641 0.337195
v 0.007646 0.062641 0.339410
v 0.006938 0.066200 0.339410
v 0.006938 0.066200 0.337195
v 0.004922 0.069217 0.337195
v 0.004922 0.069217 0.339410
v 0.001905 0.071233 0.339410
v 0.004922 0.069217 0.337195
v 0.001905 0.071233 0.339410
v 0.001905 0.071233 0.337195
v -0.001654 0.071940 0.337195
v -0.001654 0.071940 0.339410
v -0.005213 0.071233 0.339410
v -0.005213 0.071233 0.337195
v -0.008230 0.069217 0.337195
v -0.008230 0.069217 0.339410
v -0.001654 0.053340 0.339410
v 0.004922 0.056065 0.339410
v 0.001905 0.054049 0.339410
v 0.006938 0.059082 0.339410
v -0.008230 0.056065 0.339410
v -0.005213 0.054049 0.339410
v 0.007646 0.062641 0.339410
v -0.010246 0.066200 0.339410
v -0.010954 0.062641 0.339410
v -0.010246 0.059082 0.339410
v -0.008230 0.069217 0.339410
v 0.001905 0.071233 0.339410
v 0.006938 0.066200 0.339410
v 0.004922 0.069217 0.339410
v -0.005213 0.071233 0.339410
v -0.001654 0.071940 0.339410
v 0.003041 0.073951 0.265528
v 0.009682 0.067311 0.265528
v 0.007022 0.071292 0.265528
v -0.001654 0.050347 0.265528
v -0.001654 0.074885 0.265528
v 0.010615 0.062616 0.265528
v 0.009682 0.057921 0.265528
v 0.007022 0.053940 0.265528
v 0.003041 0.051281 0.265528
v -0.006349 0.073951 0.265528
v -0.006349 0.051281 0.265528
v -0.012989 0.067311 0.265528
v -0.010329 0.071292 0.265528
v -0.013923 0.062616 0.265528
v -0.010329 0.053940 0.265528
v -0.012989 0.057921 0.265528
v -0.010329 0.053940 0.265528
v -0.012989 0.057921 0.268450
v -0.010329 0.053940 0.268450
v -0.012989 0.057921 0.265528
v -0.013923 0.062616 0.268450
v -0.013923 0.062616 0.265528
v -0.012989 0.067311 0.268450
v -0.012989 0.067311 0.265528
v -0.010329 0.071292 0.268450
v -0.006349 0.051281 0.268450
v -0.010329 0.053940 0.265528
v -0.010329 0.053940 0.268450
v -0.006349 0.051281 0.265528
v -0.001654 0.050347 0.265528
v -0.001654 0.050347 0.268450
v -0.001654 0.050347 0.268450
v 0.003041 0.051281 0.265528
v -0.001654 0.050347 0.265528
v 0.003041 0.051281 0.268450
v 0.007022 0.053940 0.265528
v 0.007022 0.053940 0.268450
v 0.009682 0.057921 0.268450
v 0.007022 0.053940 0.265528
v 0.007022 0.053940 0.268450
v 0.009682 0.057921 0.265528
v 0.010615 0.062616 0.265528
v 0.010615 0.062616 0.268450
v 0.009682 0.067311 0.268450
v 0.009682 0.067311 0.265528
v 0.007022 0.071292 0.265528
v 0.007022 0.071292 0.268450
v 0.003041 0.073951 0.268450
v 0.003041 0.073951 0.265528
v 0.003041 0.073951 0.268450
v -0.001654 0.074885 0.265528
v 0.003041 0.073951 0.265528
v -0.001654 0.074885 0.268450
v -0.006349 0.073951 0.268450
v -0.006349 0.073951 0.265528
v -0.010329 0.071292 0.265528
v -0.010329 0.071292 0.268450
v -0.012989 0.067311 0.265528
v -0.001654 0.050347 0.268450
v 0.007022 0.053940 0.268450
v 0.003041 0.051281 0.268450
v 0.009682 0.057921 0.268450
v -0.010329 0.053940 0.268450
v -0.006349 0.051281 0.268450
v 0.010615 0.062616 0.268450
v -0.012989 0.067311 0.268450
v -0.013923 0.062616 0.268450
v -0.012989 0.057921 0.268450
v -0.010329 0.071292 0.268450
v 0.003041 0.073951 0.268450
v 0.009682 0.067311 0.268450
v 0.007022 0.071292 0.268450
v -0.006349 0.073951 0.268450
v -0.001654 0.074885 0.268450
v 0.003041 0.073951 0.253905
v 0.009682 0.067311 0.253905
v 0.007022 0.071292 0.253905
v -0.001654 0.050347 0.253905
v -0.001654 0.074885 0.253905
v 0.010615 0.062616 0.253905
v 0.009682 0.057921 0.253905
v 0.007022 0.053940 0.253905
v 0.003041 0.051281 0.253905
v -0.006349 0.073951 0.253905
v -0.006349 0.051281 0.253905
v -0.012989 0.067311 0.253905
v -0.010329 0.071292 0.253905
v -0.013923 0.062616 0.253905
v -0.010329 0.053940 0.253905
v -0.012989 0.057921 0.253905
v -0.010329 0.053940 0.253905
v -0.012989 0.057921 0.256828
v -0.010329 0.053940 0.256828
v -0.012989 0.057921 0.253905
v -0.013923 0.062616 0.256828
v -0.013923 0.062616 0.253905
v -0.012989 0.067311 0.256828
v -0.012989 0.067311 0.253905
v -0.010329 0.071292 0.256828
v -0.006349 0.051281 0.256828
v -0.010329 0.053940 0.253905
v -0.010329 0.053940 0.256828
v -0.006349 0.051281 0.253905
v -0.001654 0.050347 0.253905
v -0.001654 0.050347 0.256828
v -0.001654 0.050347 0.256828
v 0.003041 0.051281 0.253905
v -0.001654 0.050347 0.253905
v 0.003041 0.051281 0.256828
v 0.007022 0.053940 0.253905
v 0.007022 0.053940 0.256828
v 0.009682 0.057921 0.256828
v 0.007022 0.053940 0.253905
v 0.007022 0.053940 0.256828
v 0.009682 0.057921 0.253905
v 0.010615 0.062616 0.253905
v 0.010615 0.062616 0.256828
v 0.009682 0.067311 0.256828
v 0.009682 0.067311 0.253905
v 0.007022 0.071292 0.253905
v 0.007022 0.071292 0.256828
v 0.003041 0.073951 0.256828
v 0.003041 0.073951 0.253905
v 0.003041 0.073951 0.256828
v -0.001654 0.074885 0.253905
v 0.003041 0.073951 0.253905
v -0.001654 0.074885 0.256828
v -0.006349 0.073951 0.256828
v -0.006349 0.073951 0.253905
v -0.010329 0.071292 0.253905
v -0.010329 0.071292 0.256828
v -0.012989 0.067311 0.253905
v -0.001654 0.050347 0.256828
v 0.007022 0.053940 0.256828
v 0.003041 0.051281 0.256828
v 0.009682 0.057921 0.256828
v -0.010329 0.053940 0.256828
v -0.006349 0.051281 0.256828
v 0.010615 0.062616 0.256828
v -0.012989 0.067311 0.256828
v -0.013923 0.062616 0.256828
v -0.012989 0.057921 0.256828
v -0.010329 0.071292 0.256828
v 0.003041 0.073951 0.256828
v 0.009682 0.067311 0.256828
v 0.007022 0.071292 0.256828
v -0.006349 0.073951 0.256828
v -0.001654 0.074885 0.256828
v 0.003197 0.074327 0.215511
v 0.010057 0.067467 0.215511
v 0.007309 0.071579 0.215511
v -0.001654 0.049941 0.215511
v -0.001654 0.075291 0.215511
v 0.011022 0.062616 0.215511
v 0.010057 0.057765 0.215511
v 0.007309 0.053653 0.215511
v 0.003197 0.050905 0.215511
v -0.006504 0.074327 0.215511
v -0.006504 0.050905 0.215511
v -0.013364 0.067467 0.215511
v -0.010617 0.071579 0.215511
v -0.014329 0.062616 0.215511
v -0.010617 0.053653 0.215511
v -0.013364 0.057765 0.215511
v -0.010617 0.053653 0.215511
v -0.013364 0.057765 0.218433
v -0.010617 0.053653 0.218433
v -0.013364 0.057765 0.215511
v -0.014329 0.062616 0.218433
v -0.014329 0.062616 0.215511
v -0.013364 0.067467 0.218433
v -0.013364 0.067467 0.215511
v -0.010617 0.071579 0.218433
v -0.006504 0.050905 0.218433
v -0.010617 0.053653 0.215511
v -0.010617 0.053653 0.218433
v -0.006504 0.050905 0.215511
v -0.001654 0.049941 0.215511
v -0.001654 0.049941 0.218433
v -0.001654 0.049941 0.218433
v 0.003197 0.050905 0.215511
v -0.001654 0.049941 0.215511
v 0.003197 0.050905 0.218433
v 0.007309 0.053653 0.215511
v 0.007309 0.053653 0.218433
v 0.010057 0.057765 0.218433
v 0.007309 0.053653 0.215511
v 0.007309 0.053653 0.218433
v 0.010057 0.057765 0.215511
v 0.011022 0.062616 0.215511
v 0.011022 0.062616 0.218433
v 0.010057 0.067467 0.218433
v 0.010057 0.067467 0.215511
v 0.007309 0.071579 0.215511
v 0.007309 0.071579 0.218433
v 0.003197 0.074327 0.218433
v 0.003197 0.074327 0.215511
v 0.003197 0.074327 0.218433
v -0.001654 0.075291 0.215511
v 0.003197 0.074327 0.215511
v -0.001654 0.075291 0.218433
v -0.006504 0.074327 0.218433
v -0.006504 0.074327 0.215511
v -0.010617 0.071579 0.215511
v -0.010617 0.071579 0.218433
v -0.013364 0.067467 0.215511
v -0.001654 0.049941 0.218433
v 0.007309 0.053653 0.218433
v 0.003197 0.050905 0.218433
v 0.010057 0.057765 0.218433
v -0.010617 0.053653 0.218433
v -0.006504 0.050905 0.218433
v 0.011022 0.062616 0.218433
v -0.013364 0.067467 0.218433
v -0.014329 0.062616 0.218433
v -0.013364 0.057765 0.218433
v -0.010617 0.071579 0.218433
v 0.003197 0.074327 0.218433
v 0.010057 0.067467 0.218433
v 0.007309 0.071579 0.218433
v -0.006504 0.074327 0.218433
v -0.001654 0.075291 0.218433
v 0.004382 0.068207 0.481184
v 0.006232 0.065438 0.477771
v 0.004382 0.068207 0.477771
v 0.006232 0.065438 0.481184
v 0.006882 0.062171 0.477771
v 0.006882 0.062171 0.481184
v 0.006232 0.058904 0.481184
v 0.006232 0.058904 0.477771
v 0.004382 0.056135 0.481184
v 0.004382 0.056135 0.477771
v 0.004382 0.068207 0.477771
v 0.001613 0.070057 0.481184
v 0.004382 0.068207 0.481184
v 0.001613 0.070057 0.477771
v -0.001654 0.070707 0.481184
v -0.001654 0.070707 0.477771
v 0.004382 0.056135 0.481184
v 0.001613 0.054285 0.477771
v 0.004382 0.056135 0.477771
v 0.001613 0.054285 0.481184
v -0.001654 0.053635 0.477771
v -0.001654 0.053635 0.481184
v -0.004920 0.054285 0.477771
v -0.004920 0.054285 0.481184
v -0.007690 0.056135 0.477771
v -0.007690 0.056135 0.481184
v 0.008126 0.058120 0.444690
v 0.008932 0.062171 0.437582
v 0.008126 0.058120 0.437582
v 0.008932 0.062171 0.443992
v 0.008126 0.058120 0.449759
v 0.008126 0.066222 0.443295
v 0.008126 0.066222 0.439620
v 0.008126 0.066222 0.437582
v 0.005831 0.069656 0.437582
v 0.005831 0.069656 0.439620
v 0.002397 0.071951 0.437582
v 0.002397 0.071951 0.439620
v -0.001654 0.072757 0.439620
v -0.001654 0.072757 0.437582
v 0.008126 0.066222 0.444690
v 0.005831 0.069656 0.443295
v 0.008932 0.062171 0.449060
v 0.008932 0.062171 0.454101
v 0.008126 0.058120 0.454829
v 0.005831 0.054686 0.449759
v 0.005831 0.054686 0.454829
v 0.008126 0.066222 0.448360
v 0.008126 0.058120 0.458868
v 0.005831 0.054686 0.458868
v 0.005831 0.054686 0.481184
v 0.008126 0.058120 0.481184
v 0.008932 0.062171 0.458868
v 0.008932 0.062171 0.481184
v 0.008126 0.066222 0.481184
v 0.008126 0.066222 0.458868
v 0.005831 0.069656 0.481184
v 0.008126 0.066222 0.454829
v 0.008126 0.066222 0.453373
v 0.008126 0.066222 0.449759
v 0.005831 0.069656 0.449759
v 0.005831 0.069656 0.448360
v 0.002397 0.071951 0.448360
v 0.002397 0.071951 0.449759
v -0.001654 0.072757 0.448360
v 0.008126 0.066222 0.458868
v 0.005831 0.069656 0.481184
v 0.005831 0.069656 0.458868
v 0.002397 0.071951 0.481184
v 0.002397 0.071951 0.458868
v -0.001654 0.072757 0.458868
v -0.001654 0.072757 0.481184
v -0.005705 0.071951 0.481184
v -0.005705 0.071951 0.458868
v 0.005831 0.069656 0.454829
v 0.008126 0.066222 0.453373
v 0.008126 0.066222 0.454829
v 0.005831 0.069656 0.453373
v 0.002397 0.071951 0.454829
v 0.002397 0.071951 0.453373
v -0.001654 0.072757 0.454829
v -0.001654 0.072757 0.453373
v -0.005705 0.071951 0.454829
v -0.005705 0.071951 0.453373
v 0.005831 0.069656 0.443295
v 0.008126 0.066222 0.444690
v 0.005831 0.069656 0.444690
v 0.002397 0.071951 0.443295
v 0.002397 0.071951 0.444690
v -0.001654 0.072757 0.444690
v -0.001654 0.072757 0.443295
v -0.005705 0.071951 0.443295
v -0.005705 0.071951 0.444690
v -0.001654 0.072757 0.448360
v 0.002397 0.071951 0.449759
v -0.001654 0.072757 0.449759
v -0.005705 0.071951 0.449759
v -0.005705 0.071951 0.448360
v -0.009139 0.069656 0.448360
v -0.009139 0.069656 0.449759
v 0.002397 0.052391 0.481184
v -0.001654 0.051586 0.458868
v -0.001654 0.051586 0.481184
v 0.002397 0.052391 0.458868
v 0.002397 0.052391 0.454829
v -0.001654 0.051586 0.454829
v -0.001654 0.051586 0.449759
v 0.005831 0.054686 0.458868
v 0.005831 0.054686 0.481184
v 0.005831 0.054686 0.454829
v 0.005831 0.054686 0.449759
v 0.002397 0.052391 0.449759
v 0.002397 0.052391 0.444690
v -0.001654 0.051586 0.444690
v 0.005831 0.054686 0.444690
v 0.008126 0.058120 0.449759
v 0.008126 0.058120 0.444690
v 0.008126 0.058120 0.437582
v 0.005831 0.054686 0.437582
v 0.002397 0.052391 0.437582
v -0.001654 0.051586 0.437582
v 0.006287 0.065460 0.444690
v 0.005831 0.069656 0.444690
v 0.008126 0.066222 0.444690
v 0.004424 0.068249 0.444690
v 0.002397 0.071951 0.444690
v 0.001635 0.070112 0.444690
v -0.001654 0.072757 0.444690
v -0.001654 0.070766 0.444690
v -0.004943 0.070112 0.444690
v -0.005705 0.071951 0.444690
v -0.009139 0.069656 0.444690
v -0.007731 0.068249 0.444690
v -0.009594 0.065460 0.444690
v -0.011434 0.066222 0.444690
v 0.008126 0.066222 0.448360
v 0.004424 0.068249 0.448360
v 0.006287 0.065460 0.448360
v 0.005831 0.069656 0.448360
v 0.002397 0.071951 0.448360
v 0.001635 0.070112 0.448360
v -0.001654 0.072757 0.448360
v -0.001654 0.070766 0.448360
v -0.004943 0.070112 0.448360
v -0.005705 0.071951 0.448360
v -0.009139 0.069656 0.448360
v -0.007731 0.068249 0.448360
v -0.011434 0.066222 0.448360
v -0.009594 0.065460 0.448360
v 0.006287 0.065460 0.454829
v 0.005831 0.069656 0.454829
v 0.008126 0.066222 0.454829
v 0.004424 0.068249 0.454829
v 0.001635 0.070112 0.454829
v 0.002397 0.071951 0.454829
v -0.001654 0.070766 0.454829
v -0.001654 0.072757 0.454829
v -0.004943 0.070112 0.454829
v -0.005705 0.071951 0.454829
v -0.009139 0.069656 0.454829
v -0.007731 0.068249 0.454829
v -0.011434 0.066222 0.454829
v -0.009594 0.065460 0.454829
v 0.005831 0.069656 0.458868
v 0.006287 0.065460 0.458868
v 0.008126 0.066222 0.458868
v 0.004424 0.068249 0.458868
v 0.001635 0.070112 0.458868
v 0.002397 0.071951 0.458868
v -0.001654 0.072757 0.458868
v -0.001654 0.070766 0.458868
v -0.005705 0.071951 0.458868
v -0.004943 0.070112 0.458868
v -0.009139 0.069656 0.458868
v -0.007731 0.068249 0.458868
v -0.009594 0.065460 0.458868
v -0.011434 0.066222 0.458868
v 0.006287 0.065460 0.449759
v 0.005831 0.069656 0.449759
v 0.008126 0.066222 0.449759
v 0.004424 0.068249 0.449759
v 0.002397 0.071951 0.449759
v 0.001635 0.070112 0.449759
v -0.001654 0.072757 0.449759
v -0.001654 0.070766 0.449759
v -0.004943 0.070112 0.449759
v -0.005705 0.071951 0.449759
v -0.009139 0.069656 0.449759
v -0.007731 0.068249 0.449759
v -0.009594 0.065460 0.449759
v -0.011434 0.066222 0.449759
v 0.008126 0.066222 0.453373
v 0.004424 0.068249 0.453373
v 0.006287 0.065460 0.453373
v 0.005831 0.069656 0.453373
v 0.001635 0.070112 0.453373
v 0.002397 0.071951 0.453373
v -0.001654 0.072757 0.453373
v -0.001654 0.070766 0.453373
v -0.005705 0.071951 0.453373
v -0.004943 0.070112 0.453373
v -0.009139 0.069656 0.453373
v -0.007731 0.068249 0.453373
v -0.009594 0.065460 0.453373
v -0.011434 0.066222 0.453373
v 0.004424 0.068249 0.439620
v 0.008126 0.066222 0.439620
v 0.006287 0.065460 0.439620
v 0.005831 0.069656 0.439620
v 0.001635 0.070112 0.439620
v 0.002397 0.071951 0.439620
v -0.001654 0.070766 0.439620
v -0.001654 0.072757 0.439620
v -0.004943 0.070112 0.439620
v -0.005705 0.071951 0.439620
v -0.009139 0.069656 0.439620
v -0.007731 0.068249 0.439620
v -0.011434 0.066222 0.439620
v -0.009594 0.065460 0.439620
v 0.005831 0.069656 0.443295
v 0.006287 0.065460 0.443295
v 0.008126 0.066222 0.443295
v 0.004424 0.068249 0.443295
v 0.002397 0.071951 0.443295
v 0.001635 0.070112 0.443295
v -0.001654 0.072757 0.443295
v -0.001654 0.070766 0.443295
v -0.005705 0.071951 0.443295
v -0.004943 0.070112 0.443295
v -0.009139 0.069656 0.443295
v -0.007731 0.068249 0.443295
v -0.011434 0.066222 0.443295
v -0.009594 0.065460 0.443295
v 0.006287 0.065460 0.458868
v 0.008126 0.066222 0.454829
v 0.008126 0.066222 0.458868
v 0.006287 0.065460 0.454829
v 0.004424 0.068249 0.454829
v 0.004424 0.068249 0.458868
v 0.001635 0.070112 0.458868
v 0.001635 0.070112 0.454829
v -0.001654 0.070766 0.454829
v -0.001654 0.070766 0.458868
v -0.004943 0.070112 0.454829
v -0.004943 0.070112 0.458868
v 0.006287 0.065460 0.453373
v 0.008126 0.066222 0.449759
v 0.008126 0.066222 0.453373
v 0.006287 0.065460 0.449759
v 0.004424 0.068249 0.449759
v 0.004424 0.068249 0.453373
v 0.001635 0.070112 0.449759
v 0.001635 0.070112 0.453373
v -0.001654 0.070766 0.453373
v -0.001654 0.070766 0.449759
v -0.004943 0.070112 0.449759
v -0.004943 0.070112 0.453373
v 0.008126 0.066222 0.443295
v 0.006287 0.065460 0.439620
v 0.008126 0.066222 0.439620
v 0.006287 0.065460 0.443295
v 0.004424 0.068249 0.439620
v 0.004424 0.068249 0.443295
v 0.001635 0.070112 0.439620
v 0.001635 0.070112 0.443295
v -0.001654 0.070766 0.443295
v -0.001654 0.070766 0.439620
v -0.004943 0.070112 0.443295
v -0.004943 0.070112 0.439620
v 0.008126 0.066222 0.448360
v 0.006287 0.065460 0.444690
v 0.008126 0.066222 0.444690
v 0.006287 0.065460 0.448360
v 0.004424 0.068249 0.444690
v 0.004424 0.068249 0.448360
v 0.001635 0.070112 0.448360
v 0.001635 0.070112 0.444690
v -0.001654 0.070766 0.448360
v -0.001654 0.070766 0.444690
v -0.004943 0.070112 0.444690
v -0.004943 0.070112 0.448360
v 0.006232 0.058904 0.477771
v 0.006232 0.065438 0.477771
v 0.006882 0.062171 0.477771
v -0.001654 0.070707 0.477771
v 0.004382 0.056135 0.477771
v 0.001613 0.054285 0.477771
v -0.001654 0.053635 0.477771
v 0.001613 0.070057 0.477771
v 0.004382 0.068207 0.477771
v -0.004920 0.070057 0.477771
v -0.009540 0.058904 0.477771
v -0.007690 0.056135 0.477771
v -0.004920 0.054285 0.477771
v -0.009540 0.065438 0.477771
v -0.010190 0.062171 0.477771
v -0.007690 0.068207 0.477771
v -0.009540 0.065438 0.477771
v -0.010190 0.062171 0.481184
v -0.009540 0.065438 0.481184
v -0.010190 0.062171 0.477771
v -0.009540 0.058904 0.481184
v -0.009540 0.058904 0.477771
v -0.007690 0.056135 0.481184
v -0.007690 0.056135 0.477771
v -0.007690 0.068207 0.481184
v -0.009540 0.065438 0.477771
v -0.009540 0.065438 0.481184
v -0.007690 0.068207 0.477771
v -0.004920 0.070057 0.481184
v -0.004920 0.070057 0.477771
v -0.001654 0.070707 0.481184
v -0.001654 0.070707 0.477771
v -0.007731 0.068249 0.444690
v -0.009594 0.065460 0.448360
v -0.009594 0.065460 0.444690
v -0.007731 0.068249 0.448360
v -0.004943 0.070112 0.444690
v -0.004943 0.070112 0.448360
v -0.007731 0.068249 0.454829
v -0.009594 0.065460 0.458868
v -0.009594 0.065460 0.454829
v -0.007731 0.068249 0.458868
v -0.004943 0.070112 0.458868
v -0.004943 0.070112 0.454829
v -0.007731 0.068249 0.449759
v -0.009594 0.065460 0.453373
v -0.009594 0.065460 0.449759
v -0.007731 0.068249 0.453373
v -0.004943 0.070112 0.453373
v -0.004943 0.070112 0.449759
v -0.009594 0.065460 0.439620
v -0.007731 0.068249 0.443295
v -0.009594 0.065460 0.443295
v -0.007731 0.068249 0.439620
v -0.004943 0.070112 0.439620
v -0.004943 0.070112 0.443295
v -0.011434 0.066222 0.449759
v -0.009139 0.069656 0.448360
v -0.009139 0.069656 0.449759
v -0.011434 0.066222 0.448360
v -0.012239 0.062171 0.449060
v -0.012239 0.062171 0.454101
v -0.011434 0.066222 0.453373
v -0.011434 0.066222 0.444690
v -0.011434 0.066222 0.454829
v -0.009139 0.069656 0.453373
v -0.009139 0.069656 0.454829
v -0.005705 0.071951 0.453373
v -0.005705 0.071951 0.454829
v -0.011434 0.066222 0.458868
v -0.012239 0.062171 0.443992
v -0.011434 0.066222 0.443295
v -0.009139 0.069656 0.444690
v -0.009139 0.069656 0.443295
v -0.005705 0.071951 0.444690
v -0.005705 0.071951 0.443295
v -0.012239 0.062171 0.437582
v -0.011434 0.066222 0.439620
v -0.011434 0.066222 0.437582
v -0.009139 0.069656 0.439620
v -0.009139 0.069656 0.437582
v -0.005705 0.071951 0.439620
v -0.005705 0.071951 0.437582
v -0.011434 0.058120 0.437582
v -0.011434 0.058120 0.444690
v -0.009139 0.054686 0.444690
v -0.009139 0.054686 0.437582
v -0.009139 0.054686 0.449759
v -0.011434 0.058120 0.449759
v -0.009139 0.054686 0.454829
v -0.005705 0.052391 0.454829
v -0.011434 0.058120 0.454829
v -0.009139 0.054686 0.458868
v -0.005705 0.052391 0.458868
v -0.005705 0.052391 0.481184
v -0.009139 0.054686 0.481184
v -0.011434 0.058120 0.458868
v -0.011434 0.058120 0.481184
v -0.012239 0.062171 0.481184
v -0.012239 0.062171 0.458868
v -0.011434 0.066222 0.481184
v -0.009139 0.069656 0.458868
v -0.009139 0.069656 0.481184
v -0.005705 0.071951 0.481184
v -0.005705 0.071951 0.458868
v -0.005705 0.071951 0.437582
v -0.001654 0.072757 0.439620
v -0.005705 0.071951 0.439620
v -0.001654 0.072757 0.437582
v -0.001654 0.051586 0.458868
v -0.005705 0.052391 0.481184
v -0.001654 0.051586 0.481184
v -0.005705 0.052391 0.458868
v -0.005705 0.052391 0.454829
v -0.001654 0.051586 0.454829
v -0.001654 0.051586 0.449759
v -0.005705 0.052391 0.449759
v -0.009139 0.054686 0.449759
v -0.009139 0.054686 0.444690
v -0.005705 0.052391 0.444690
v -0.001654 0.051586 0.444690
v -0.009139 0.054686 0.437582
v -0.001654 0.051586 0.437582
v -0.005705 0.052391 0.437582
v -0.009594 0.065460 0.458868
v -0.011434 0.066222 0.454829
v -0.009594 0.065460 0.454829
v -0.011434 0.066222 0.458868
v -0.009594 0.065460 0.449759
v -0.011434 0.066222 0.453373
v -0.011434 0.066222 0.449759
v -0.009594 0.065460 0.453373
v -0.009594 0.065460 0.443295
v -0.011434 0.066222 0.439620
v -0.009594 0.065460 0.439620
v -0.011434 0.066222 0.443295
v -0.011434 0.066222 0.444690
v -0.009594 0.065460 0.448360
v -0.011434 0.066222 0.448360
v -0.009594 0.065460 0.444690
v 0.010856 -0.123408 -0.375573
v 0.010856 -0.121748 -0.369412
v 0.015228 -0.116702 -0.371805
v 0.015243 -0.119091 -0.377891
v 0.017883 -0.111221 -0.374745
v 0.017883 -0.114278 -0.380731
v 0.020512 -0.098237 -0.385450
v 0.020512 -0.095180 -0.379463
v 0.022918 -0.072475 -0.392113
v 0.022918 -0.070137 -0.386150
v 0.021476 -0.041575 -0.393857
v 0.021476 -0.040695 -0.386847
v 0.016510 -0.019286 -0.391913
v 0.016510 -0.016721 -0.384971
v 0.010772 -0.009047 -0.390305
v 0.016510 -0.009528 -0.354928
v 0.010772 -0.000536 -0.350362
v 0.010856 -0.123408 -0.375573
v 0.004952 -0.125053 -0.374818
v 0.010856 -0.121748 -0.369412
v 0.005009 -0.123454 -0.368673
v -0.001654 -0.125622 -0.374694
v -0.001654 -0.123962 -0.368533
v -0.018535 -0.116702 -0.371805
v -0.014163 -0.121748 -0.369412
v -0.014163 -0.123408 -0.375573
v -0.018551 -0.119091 -0.377891
v -0.021191 -0.111221 -0.374745
v -0.021191 -0.114278 -0.380731
v -0.023819 -0.098237 -0.385450
v -0.023819 -0.095180 -0.379463
v -0.026225 -0.072475 -0.392113
v -0.026225 -0.070137 -0.386150
v -0.024783 -0.041575 -0.393857
v -0.024783 -0.040695 -0.386847
v -0.019818 -0.019286 -0.391913
v -0.019818 -0.016721 -0.384971
v -0.014079 -0.009047 -0.390305
v -0.019818 -0.009528 -0.354928
v -0.013312 -0.000096 -0.350208
v -0.008260 -0.125053 -0.374818
v -0.014163 -0.123408 -0.375573
v -0.014163 -0.121748 -0.369412
v -0.008316 -0.123454 -0.368673
v -0.001654 -0.125622 -0.374694
v -0.001654 -0.123962 -0.368533
v -0.008260 -0.125053 -0.374818
v -0.001654 -0.125622 -0.374694
v -0.014163 -0.123408 -0.375573
v 0.010856 -0.123408 -0.375573
v 0.004952 -0.125053 -0.374818
v -0.018551 -0.119091 -0.377891
v 0.015243 -0.119091 -0.377891
v 0.017883 -0.114278 -0.380731
v -0.021191 -0.114278 -0.380731
v 0.020512 -0.098237 -0.385450
v -0.023819 -0.098237 -0.385450
v 0.022918 -0.072475 -0.392113
v -0.026225 -0.072475 -0.392113
v -0.024783 -0.041575 -0.393857
v 0.021476 -0.041575 -0.393857
v -0.019818 -0.019286 -0.391913
v 0.016510 -0.019286 -0.391913
v -0.001654 -0.005790 -0.389097
v 0.010772 -0.009047 -0.390305
v -0.014079 -0.009047 -0.390305
v -0.001332 -0.008796 -0.349904
v -0.019818 -0.009528 -0.354928
v -0.013312 -0.000096 -0.350208
v -0.001654 0.003454 -0.348859
v 0.010772 -0.000536 -0.350362
v 0.016510 -0.009528 -0.354928
v -0.001654 -0.005790 -0.389097
v 0.010772 -0.009047 -0.390305
v 0.010772 -0.000536 -0.350362
v -0.001654 0.003454 -0.348859
v -0.013312 -0.000096 -0.350208
v -0.014079 -0.009047 -0.390305
v -0.001332 -0.016721 -0.384971
v -0.019818 -0.016721 -0.384971
v -0.019818 -0.009528 -0.354928
v -0.001332 -0.008796 -0.349904
v 0.016510 -0.009528 -0.354928
v 0.016510 -0.016721 -0.384971
v 0.005740 0.009072 -0.029175
v 0.011048 0.015584 -0.029291
v 0.005740 0.015584 -0.030453
v 0.011048 0.009052 -0.027238
v -0.001819 0.015584 -0.030370
v 0.005740 -0.001624 -0.026912
v 0.011048 -0.001557 -0.023470
v 0.011048 -0.012121 -0.024815
v -0.001819 0.009052 -0.029317
v 0.005740 -0.010924 -0.028171
v 0.011048 -0.016733 -0.029908
v -0.009379 0.009072 -0.029175
v -0.009379 0.015584 -0.030453
v -0.014686 0.015584 -0.029291
v -0.014686 0.009052 -0.027238
v -0.014686 -0.001557 -0.023470
v -0.001819 -0.001724 -0.028982
v -0.009379 -0.001624 -0.026912
v -0.009379 -0.010924 -0.028171
v -0.014686 -0.012121 -0.024815
v -0.001819 -0.009588 -0.030111
v -0.009379 -0.016362 -0.033323
v -0.014686 -0.016733 -0.029908
v -0.001819 -0.016083 -0.035366
v -0.009379 -0.023392 -0.041816
v -0.014686 -0.023713 -0.038325
v -0.014686 -0.034714 -0.047752
v 0.005740 -0.016362 -0.033323
v 0.005740 -0.023392 -0.041816
v 0.011048 -0.023713 -0.038325
v 0.011048 -0.034714 -0.047752
v -0.001819 -0.023334 -0.043970
v 0.005740 -0.034318 -0.051402
v -0.001819 -0.034176 -0.053752
v -0.009379 -0.034318 -0.051402
v -0.009379 -0.039945 -0.055194
v -0.014686 -0.040132 -0.051913
v 0.005740 -0.039945 -0.055194
v 0.011048 -0.040132 -0.051913
v 0.011048 -0.046063 -0.055149
v -0.001819 -0.040132 -0.057098
v 0.005740 -0.045814 -0.058046
v 0.011048 -0.055233 -0.058065
v -0.009379 -0.045814 -0.058046
v -0.014686 -0.046063 -0.055149
v -0.001819 -0.046221 -0.059537
v 0.005740 -0.055178 -0.060431
v 0.005740 -0.066963 -0.057591
v -0.009379 -0.055178 -0.060431
v -0.014686 -0.055233 -0.058065
v -0.009379 -0.066963 -0.057591
v -0.001819 -0.067209 -0.059507
v -0.001819 -0.055762 -0.061218
v -0.009736 0.082466 -0.085917
v -0.006389 0.082466 -0.145903
v -0.006389 0.082466 -0.090323
v 0.003070 0.082466 -0.090323
v -0.009736 0.082466 -0.150309
v 0.006417 0.082466 -0.085917
v 0.006417 0.082466 -0.150309
v 0.003070 0.082466 -0.145903
v 0.008932 0.062171 0.481184
v 0.006232 0.058904 0.481184
v 0.006882 0.062171 0.481184
v 0.006232 0.065438 0.481184
v 0.008126 0.058120 0.481184
v 0.008126 0.066222 0.481184
v 0.004382 0.068207 0.481184
v 0.005831 0.069656 0.481184
v 0.004382 0.056135 0.481184
v 0.005831 0.054686 0.481184
v 0.001613 0.070057 0.481184
v 0.002397 0.071951 0.481184
v 0.002397 0.052391 0.481184
v 0.001613 0.054285 0.481184
v -0.001654 0.053635 0.481184
v -0.001654 0.051586 0.481184
v -0.001654 0.072757 0.481184
v -0.001654 0.070707 0.481184
v -0.004920 0.054285 0.481184
v -0.005705 0.052391 0.481184
v -0.004920 0.070057 0.481184
v -0.005705 0.071951 0.481184
v -0.009139 0.054686 0.481184
v -0.007690 0.056135 0.481184
v -0.009540 0.058904 0.481184
v -0.011434 0.058120 0.481184
v -0.009139 0.069656 0.481184
v -0.007690 0.068207 0.481184
v -0.009540 0.065438 0.481184
v -0.011434 0.066222 0.481184
v -0.010190 0.062171 0.481184
v -0.012239 0.062171 0.481184
v -0.019818 -0.016721 -0.384971
v -0.001332 -0.016721 -0.384971
v -0.001245 -0.040695 -0.386847
v 0.016510 -0.016721 -0.384971
v -0.024783 -0.040695 -0.386847
v -0.001219 -0.070137 -0.386150
v 0.021476 -0.040695 -0.386847
v -0.026225 -0.070137 -0.386150
v 0.022918 -0.070137 -0.386150
v -0.023819 -0.095180 -0.379463
v 0.020512 -0.095180 -0.379463
v -0.001262 -0.095180 -0.379463
v -0.021191 -0.111221 -0.374745
v 0.017883 -0.111221 -0.374745
v -0.001308 -0.111221 -0.374745
v -0.018535 -0.116702 -0.371805
v 0.015228 -0.116702 -0.371805
v -0.001355 -0.116702 -0.371805
v -0.014163 -0.121748 -0.369412
v 0.010856 -0.121748 -0.369412
v -0.001433 -0.121748 -0.369412
v -0.008316 -0.123454 -0.368673
v 0.005009 -0.123454 -0.368673
v -0.001654 -0.123962 -0.368533
v -0.009736 0.080742 -0.150309
v -0.006389 0.080742 -0.090323
v -0.006389 0.080742 -0.145903
v 0.003070 0.080742 -0.145903
v -0.009736 0.080742 -0.085917
v 0.006417 0.080742 -0.150309
v 0.003070 0.080742 -0.090323
v 0.006417 0.080742 -0.085917
v 0.011537 0.079571 -0.090696
v 0.011529 0.075611 -0.153053
v 0.011529 0.075611 -0.082319
v 0.011537 0.081548 -0.089956
v 0.011537 0.093801 -0.086623
v 0.011537 0.079571 -0.142949
v 0.011537 0.081548 -0.143792
v 0.011537 0.093801 -0.148703
v 0.010843 0.080941 -0.141782
v 0.010843 0.080941 -0.091875
v 0.010843 0.082454 -0.091071
v 0.010843 0.082454 -0.142685
v 0.011537 0.089613 -0.143050
v 0.010843 0.088629 -0.142191
v 0.010843 0.088629 -0.091692
v 0.011537 0.089613 -0.090837
v 0.011537 0.091256 -0.092307
v 0.010843 0.089886 -0.093108
v 0.011537 0.091256 -0.141419
v 0.010843 0.089886 -0.140611
v -0.014836 0.075611 -0.153053
v -0.014845 0.079571 -0.090696
v -0.014836 0.075611 -0.082319
v -0.014845 0.081548 -0.089956
v -0.014845 0.093801 -0.086623
v -0.014845 0.079571 -0.142949
v -0.014151 0.080941 -0.141782
v -0.014845 0.081548 -0.143792
v -0.014151 0.080941 -0.091875
v -0.014151 0.082454 -0.091071
v -0.014845 0.089613 -0.090837
v -0.014151 0.082454 -0.142685
v -0.014845 0.089613 -0.143050
v -0.014845 0.093801 -0.148703
v -0.014845 0.091256 -0.141419
v -0.014151 0.088629 -0.091692
v -0.014151 0.088629 -0.142191
v -0.014845 0.091256 -0.092307
v -0.014151 0.089886 -0.093108
v -0.014151 0.089886 -0.140611
vn 0.7661 0.5283 0.3660
vn 0.7828 0.4803 0.3958
vn 0.9033 0.0845 0.4206
vn -0.8829 0.4067 0.2347
vn -0.9072 0.0436 0.4184
vn -0.8859 0.2328 0.4012
vn -0.9635 0.0366 -0.2652
vn -0.9958 -0.0673 0.0622
vn -0.8393 0.0708 -0.5390
vn -0.9983 0.0200 -0.0542
vn -0.8393 0.0709 -0.5390
vn -0.9958 -0.0673 0.0621
vn -0.9362 0.1472 -0.3191
vn -0.9635 0.0367 -0.2652
vn -0.5746 0.0761 -0.8149
vn -0.6861 0.6403 -0.3453
vn -0.7569 0.6519 0.0470
vn -0.4929 0.7170 -0.4930
vn -0.0253 0.9876 -0.1550
vn -0.1242 0.9409 -0.3150
vn 0.4929 0.7170 -0.4930
vn 0.1242 0.9409 -0.3149
vn 0.0221 0.9881 -0.1519
vn -0.0000 -0.6457 -0.7636
vn -0.0000 -0.4523 -0.8919
vn 0.6323 -0.5478 -0.5478
vn 0.7520 -0.0000 -0.6592
vn 0.7520 -0.6592 -0.0000
vn 0.8442 -0.3790 -0.3790
vn 0.9467 -0.0000 -0.3220
vn 0.9467 -0.3220 -0.0000
vn 0.4614 -0.4212 -0.7808
vn 0.3347 -0.3845 -0.8603
vn 0.4374 0.0053 -0.8992
vn 0.3646 -0.6776 -0.6387
vn 0.2910 -0.6636 -0.6892
vn 0.0131 -0.3824 -0.9239
vn 0.2836 -0.8444 -0.4545
vn 0.3548 -0.8350 -0.4206
vn 0.4586 -0.8872 -0.0502
vn -0.0000 -0.6923 -0.7216
vn -0.0239 -0.9181 -0.3956
vn -0.2912 -0.6635 -0.6892
vn -0.3450 -0.3958 -0.8511
vn 0.3014 -0.9523 -0.0482
vn -0.4612 -0.4215 -0.7808
vn -0.4239 0.0247 -0.9054
vn -0.3645 -0.6775 -0.6388
vn -0.2708 -0.8496 -0.4526
vn -0.3649 -0.8249 -0.4318
vn 0.2721 -0.9501 0.1527
vn 0.4831 -0.8536 0.1952
vn -0.0150 -0.9981 -0.0590
vn -0.0000 -0.9940 0.1095
vn -0.2721 -0.9501 0.1527
vn -0.2821 -0.9574 -0.0615
vn -0.4685 -0.8828 -0.0338
vn -0.4831 -0.8536 0.1952
vn 0.9910 -0.1306 0.0299
vn 0.9923 -0.1234 0.0097
vn 0.9988 -0.0456 0.0156
vn 0.9981 0.0612 0.0081
vn 0.9999 0.0139 0.0022
vn 0.9943 0.1044 0.0237
vn 1.0000 -0.0000 -0.0000
vn -0.0612 -0.9818 0.1797
vn -0.1022 -0.9375 0.3327
vn -0.0080 -0.9839 0.1786
vn -0.0113 -0.9512 0.3084
vn -0.0000 -0.9386 0.3450
vn -0.0000 -0.9837 0.1801
vn 0.0090 -0.9841 0.1772
vn -0.2419 -0.7664 0.5951
vn -0.3919 -0.7279 0.5627
vn 0.0185 -0.9539 0.2995
vn 0.0582 -0.9825 0.1769
vn 0.0787 -0.9472 0.3108
vn 0.3832 -0.7216 0.5766
vn 0.2564 -0.7542 0.6045
vn -0.5190 -0.3640 0.7734
vn -0.6264 -0.3082 0.7160
vn -0.0000 -0.7397 0.6729
vn 0.0064 -0.4079 0.9130
vn 0.5099 -0.3649 0.7790
vn 0.6353 -0.2984 0.7123
vn 0.6081 0.0402 0.7928
vn -0.4896 0.0463 0.8707
vn -0.5995 0.0520 0.7987
vn -0.4729 -0.3744 0.7977
vn -0.5987 -0.4125 0.6865
vn -0.5682 -0.5718 0.5918
vn 0.0019 0.0477 0.9989
vn 0.4832 0.0487 0.8742
vn 0.6073 -0.3942 0.6898
vn 0.0024 -0.3716 0.9284
vn -0.4741 -0.6240 0.6212
vn -0.6712 -0.2230 0.7069
vn -0.5738 -0.2324 0.7853
vn 0.0080 -0.6652 0.7466
vn 0.4648 -0.3869 0.7964
vn 0.4577 -0.6241 0.6333
vn 0.5909 -0.5540 0.5865
vn 0.5663 -0.2409 0.7882
vn 0.6826 -0.2280 0.6943
vn -0.0020 -0.2331 0.9724
vn -0.5538 0.1772 0.8136
vn 0.5916 0.1692 0.7883
vn 0.6552 0.1801 0.7337
vn 0.4994 0.1635 0.8508
vn 0.5198 0.4769 0.7087
vn 0.5995 0.1719 0.7817
vn 0.4047 -0.0736 0.9115
vn 0.0509 -0.3562 0.9330
vn -0.0248 0.0913 0.9955
vn 0.0139 -0.0761 0.9970
vn -0.4675 -0.1251 0.8751
vn -0.4741 0.2003 0.8574
vn -0.5801 0.4297 0.6920
vn -0.6713 -0.2229 0.7069
vn -0.6714 0.2019 0.7130
vn -0.5739 -0.2323 0.7853
vn -0.5538 0.1771 0.8136
vn -0.5801 0.4297 0.6919
vn -0.5998 0.1719 0.7815
vn -0.4676 -0.1251 0.8750
vn -0.9910 -0.1306 0.0299
vn -0.9988 -0.0456 0.0156
vn -0.9923 -0.1234 0.0097
vn -0.9981 0.0612 0.0081
vn -0.9999 0.0139 0.0022
vn -0.9943 0.1044 0.0237
vn -1.0000 -0.0000 -0.0000
vn 0.9865 0.1640 -0.0042
vn 0.9519 0.0141 0.3062
vn 0.9595 0.0064 0.2816
vn 0.9650 -0.0000 0.2624
vn 0.9499 0.0467 0.3090
vn 0.9464 0.0542 0.3185
vn 0.9966 0.0613 0.0545
vn 0.9966 0.0612 0.0545
vn 0.9226 0.0722 0.3788
vn 0.9205 0.1432 0.3637
vn 0.9671 0.0969 0.2352
vn 0.9954 0.0609 0.0738
vn 0.9642 0.2331 0.1262
vn 0.9247 0.2658 0.2726
vn 0.8524 0.3956 -0.3419
vn 0.8999 0.3818 -0.2109
vn 0.9655 0.2575 -0.0391
vn 0.8015 0.5313 -0.2745
vn 0.7649 0.5589 -0.3202
vn 0.8234 0.5675 -0.0000
vn 0.9548 0.2972 -0.0000
vn 0.7828 0.4802 0.3958
vn 0.7663 0.5282 0.3659
vn 0.9741 0.2095 0.0848
vn 0.9519 0.0848 0.2944
vn 0.1838 -0.0000 -0.9830
vn 0.6314 -0.0000 -0.7755
vn 0.8063 -0.0000 -0.5916
vn 0.8063 -0.0000 -0.5915
vn 0.4260 -0.0000 -0.9047
vn -0.0000 -0.0000 -1.0000
vn -0.4259 -0.0000 -0.9048
vn -0.0000 1.0000 -0.0000
vn -0.0022 1.0000 -0.0017
vn -0.0004 0.9999 -0.0151
vn -0.0031 0.9999 -0.0139
vn -0.0038 1.0000 0.0007
vn -0.0017 1.0000 0.0010
vn 0.0001 1.0000 -0.0000
vn -0.0000 -1.0000 -0.0000
vn -0.9468 -0.0334 0.3201
vn -0.8859 0.2328 0.4011
vn -0.9496 -0.0000 0.3135
vn -0.9521 -0.0128 0.3056
vn -0.9429 -0.0061 0.3330
vn -0.9901 0.1397 0.0161
vn -0.9449 -0.0000 0.3273
vn -0.9674 0.2530 0.0111
vn -0.9820 0.1886 0.0053
vn -0.9860 0.1668 0.0066
vn -0.9655 0.2595 0.0226
vn -0.9996 -0.0000 0.0293
vn -0.9436 -0.0000 0.3312
vn -0.9510 -0.0000 0.3092
vn -0.1841 -0.0000 -0.9829
vn -0.6313 -0.0000 -0.7755
vn -0.8065 -0.0000 -0.5913
vn -0.8063 -0.0000 -0.5915
vn -0.4260 -0.0000 -0.9047
vn -0.4261 -0.0000 -0.9047
vn -0.0002 -0.9998 0.0191
vn -0.0000 -0.9998 0.0194
vn -0.0002 -0.9995 0.0306
vn -0.0007 -0.9996 0.0280
vn -0.0001 -1.0000 0.0003
vn 0.0003 -1.0000 -0.0000
vn -0.0000 -0.0000 1.0000
vn -0.0000 0.9946 0.1039
vn -0.0000 0.4168 0.9090
vn -0.0000 -0.0103 0.9999
vn -0.0000 -0.4354 0.9002
vn -0.0000 -0.3429 -0.9394
vn -0.0000 0.0216 -0.9998
vn -0.0000 0.3831 -0.9237
vn -0.4744 0.3862 0.7911
vn -0.0215 0.4428 0.8964
vn -0.3927 0.8446 0.3640
vn 0.0661 0.9511 0.3017
vn -0.3257 0.9448 0.0359
vn -0.2190 0.9750 0.0385
vn -0.7953 0.5629 0.2248
vn -0.8505 0.4531 0.2673
vn -0.7868 0.5905 0.1795
vn -0.1491 0.9888 0.0009
vn -0.7538 0.6571 0.0016
vn -0.7469 0.6649 0.0067
vn -0.1485 0.9889 -0.0000
vn -0.1269 0.9912 -0.0383
vn -0.0120 0.9985 -0.0539
vn -0.6862 0.6402 -0.3453
vn -0.2900 0.8026 -0.5214
vn 0.0001 -0.0075 1.0000
vn 0.0018 -0.0017 1.0000
vn 0.0013 -0.0068 1.0000
vn 0.0031 -0.0015 1.0000
vn 0.0022 -0.0015 1.0000
vn 0.0042 -0.0005 1.0000
vn 0.0021 0.0023 1.0000
vn -0.0002 0.0048 1.0000
vn -0.3256 0.9448 0.0358
vn -0.8505 0.4530 0.2673
vn -0.4744 0.3862 0.7910
vn -0.9260 0.0352 0.3758
vn -0.7954 0.5629 0.2249
vn -0.5533 0.0047 0.8330
vn -0.2232 0.1108 0.9685
vn -0.0216 0.4428 0.8964
vn -0.5475 0.0234 0.8365
vn -0.9051 -0.1475 0.3988
vn -0.9912 -0.1203 0.0556
vn -0.9944 0.0603 0.0867
vn -0.9927 -0.1207 0.0063
vn -0.9980 0.0194 0.0606
vn -0.9993 -0.0338 0.0183
vn -0.9736 -0.2248 0.0388
vn -0.7469 0.6649 0.0068
vn -0.9999 -0.0097 0.0030
vn -0.9776 -0.1542 0.1436
vn -0.7110 -0.0000 -0.7032
vn -0.9884 -0.0000 -0.1519
vn -1.0000 -0.0000 -0.0052
vn -1.0000 -0.0000 -0.0001
vn -0.5555 -0.0000 -0.8315
vn -0.7071 -0.0000 -0.7071
vn -0.9239 -0.0000 -0.3827
vn -0.9239 -0.0000 0.3826
vn -0.7071 -0.0000 0.7071
vn -0.4273 -0.0000 0.9041
vn -0.0003 -0.0000 1.0000
vn 0.4270 -0.0000 0.9043
vn 0.7071 -0.0000 0.7071
vn 0.9239 -0.0000 0.3827
vn 0.9239 -0.0000 -0.3827
vn 0.7071 -0.0000 -0.7071
vn 0.5555 -0.0000 -0.8315
vn 1.0000 -0.0000 0.0003
vn 1.0000 -0.0000 -0.0048
vn 0.9811 -0.0000 -0.1934
vn 0.6787 -0.0000 -0.7344
vn -0.0028 -0.0000 -1.0000
vn -0.9635 0.0366 -0.2651
vn -0.2900 0.8026 -0.5213
vn -0.6862 0.6403 -0.3453
vn 0.5493 0.7099 0.4407
vn 0.8260 0.1710 0.5371
vn 0.6298 0.7768 -0.0040
vn 0.9611 0.2763 -0.0061
vn 0.6080 0.7725 -0.1833
vn 0.9996 -0.0288 0.0063
vn 0.8036 -0.1419 0.5780
vn 0.7153 -0.4805 0.5074
vn 0.9690 0.2407 -0.0550
vn 0.9613 -0.2737 0.0321
vn 0.6240 -0.7187 0.3067
vn 0.7436 -0.6611 0.0998
vn 0.7704 -0.6292 0.1029
vn 0.9574 0.2584 -0.1292
vn 0.6891 0.6475 -0.3255
vn 0.9997 -0.0232 -0.0011
vn 0.9727 -0.2293 0.0357
vn 0.7800 -0.6041 0.1636
vn 0.9999 0.0149 -0.0064
vn 0.9738 -0.2180 0.0638
vn 0.7575 -0.5967 0.2649
vn 0.9701 -0.2218 0.0980
vn 0.7548 -0.5688 0.3266
vn 0.9555 0.2840 -0.0796
vn 0.7729 0.6161 -0.1516
vn 0.7881 0.6123 -0.0629
vn 0.9998 0.0212 0.0066
vn 0.9732 0.2269 -0.0370
vn 0.9855 0.1641 -0.0440
vn 0.8335 0.5380 -0.1257
vn 0.9995 0.0299 0.0122
vn 0.9782 -0.1799 0.1035
vn 0.9871 -0.1408 0.0762
vn 0.7627 -0.5654 0.3140
vn 0.8905 0.4431 -0.1031
vn 0.5464 0.8197 -0.1716
vn 0.9911 0.1305 -0.0273
vn 0.9995 -0.0247 0.0212
vn 0.9999 0.0142 -0.0037
vn 0.9863 -0.1493 0.0696
vn 0.8456 -0.4787 0.2364
vn 0.2635 0.4344 0.8613
vn 0.5494 0.7099 0.4407
vn 0.1265 0.9920 0.0012
vn 0.1347 0.9758 -0.1720
vn 0.6079 0.7725 -0.1834
vn 0.6890 0.6476 -0.3255
vn -0.0000 1.0000 -0.0015
vn 0.2715 0.8839 -0.3807
vn -0.0000 0.9295 -0.3688
vn 0.7729 0.6162 -0.1516
vn 0.3646 0.9104 -0.1954
vn 0.7881 0.6124 -0.0629
vn -0.0000 0.9941 -0.1088
vn -0.1133 0.9821 -0.1506
vn -0.1374 0.9904 0.0149
vn -0.6235 0.7667 -0.1531
vn -0.6279 0.7783 0.0096
vn -0.2660 0.4414 0.8570
vn -0.5425 0.7270 0.4209
vn -0.2498 0.8800 -0.4041
vn -0.6998 0.6286 -0.3394
vn -0.3617 0.9125 -0.1912
vn -0.0000 0.9839 -0.1786
vn 0.0001 0.9957 -0.0925
vn 0.4259 0.9011 -0.0810
vn 0.4860 0.8528 -0.1910
vn 0.8335 0.5381 -0.1258
vn 0.5463 0.8198 -0.1717
vn -0.0000 0.9763 -0.2163
vn -0.0000 0.9805 -0.1966
vn -0.4859 0.8529 -0.1910
vn -0.5463 0.8198 -0.1716
vn -0.0578 0.0939 -0.9939
vn 0.0289 0.0183 -0.9994
vn -0.0443 0.1182 -0.9920
vn -0.0380 0.0205 -0.9991
vn -0.0000 0.1208 -0.9927
vn -0.0241 -0.1681 -0.9855
vn 0.1089 -0.1748 -0.9786
vn 0.0363 -0.3543 -0.9344
vn 0.1323 -0.3249 -0.9365
vn 0.0027 -0.1541 -0.9881
vn -0.0000 0.0334 -0.9994
vn 0.0380 0.0205 -0.9991
vn 0.0443 0.1182 -0.9920
vn -0.0690 -0.4166 -0.9064
vn -0.1903 -0.2896 -0.9380
vn 0.0045 -0.4531 -0.8915
vn 0.0056 -0.3641 -0.9313
vn 0.0738 -0.4500 -0.8900
vn -0.0289 0.0183 -0.9994
vn 0.0578 0.0939 -0.9939
vn 0.0212 -0.1644 -0.9862
vn -0.1089 -0.1748 -0.9786
vn -0.0264 -0.3401 -0.9400
vn 0.0087 -0.4293 -0.9031
vn -0.1459 -0.3076 -0.9403
vn -0.0000 -0.8918 0.4525
vn 0.4279 -0.8060 0.4089
vn -0.0003 -0.8652 0.5014
vn 0.3040 -0.8287 0.4700
vn 0.8455 -0.4787 0.2364
vn 0.7627 -0.5655 0.3140
vn 0.7548 -0.5688 0.3267
vn 0.2956 -0.8246 0.4824
vn -0.0017 -0.8652 0.5014
vn -0.0048 -0.9267 0.3757
vn 0.3210 -0.8709 0.3721
vn 0.7574 -0.5968 0.2650
vn -0.0031 -0.9666 0.2563
vn 0.7799 -0.6041 0.1636
vn 0.3469 -0.9053 0.2451
vn -0.0005 -0.9857 0.1687
vn 0.7703 -0.6293 0.1029
vn 0.3324 -0.9301 0.1563
vn 0.3275 -0.9314 0.1589
vn -0.0003 -0.9804 0.1968
vn 0.1876 -0.8335 0.5197
vn 0.0088 -0.8449 0.5348
vn 0.6240 -0.7188 0.3067
vn 0.1605 -0.5339 0.8302
vn 0.7153 -0.4805 0.5073
vn 0.0208 -0.5780 0.8158
vn 0.8036 -0.1418 0.5780
vn 0.2094 -0.3369 0.9180
vn 0.0154 -0.4021 0.9155
vn 0.8260 0.1711 0.5370
vn -0.0000 -0.1076 0.9942
vn 0.2858 -0.0856 0.9544
vn 0.5494 0.7100 0.4406
vn -0.0000 0.1514 0.9885
vn 0.2634 0.4343 0.8614
vn -0.8474 -0.4806 0.2254
vn -0.4228 -0.8120 0.4024
vn -0.7630 -0.5620 0.3193
vn -0.3010 -0.8271 0.4747
vn -0.2948 -0.8239 0.4841
vn -0.7542 -0.5692 0.3273
vn -0.7563 -0.5992 0.2627
vn -0.3176 -0.8717 0.3730
vn -0.0049 -0.9267 0.3757
vn -0.7776 -0.6058 0.1683
vn -0.3451 -0.9065 0.2430
vn -0.0032 -0.9666 0.2563
vn -0.0006 -0.9857 0.1687
vn -0.3326 -0.9301 0.1559
vn -0.7710 -0.6284 0.1036
vn -0.0004 -0.9804 0.1968
vn -0.3266 -0.9319 0.1580
vn -0.1841 -0.8438 0.5042
vn -0.7451 -0.6598 0.0973
vn -0.6302 -0.7216 0.2866
vn -0.7138 -0.4767 0.5131
vn -0.1727 -0.5290 0.8309
vn 0.0153 -0.4021 0.9155
vn -0.8174 -0.1671 0.5513
vn -0.1902 -0.3536 0.9159
vn -0.2572 -0.0640 0.9642
vn -0.8370 0.2199 0.5010
vn -0.2661 0.4414 0.8570
vn -0.5424 0.7271 0.4209
vn -0.0001 0.9957 -0.0925
vn -0.3618 0.9125 -0.1911
vn -0.4235 0.9019 -0.0845
vn -0.4860 0.8528 -0.1910
vn -0.0000 0.9763 -0.2162
vn -0.7751 0.6143 -0.1477
vn -0.6998 0.6285 -0.3394
vn -0.7893 0.6104 -0.0660
vn -0.9564 0.2794 -0.0848
vn -0.8326 0.5390 -0.1272
vn -0.5464 0.8198 -0.1716
vn -0.8904 0.4431 -0.1038
vn -0.9909 0.1314 -0.0303
vn -0.9744 0.2228 -0.0293
vn -0.9855 0.1639 -0.0434
vn -0.9999 0.0134 -0.0016
vn -0.9995 -0.0261 0.0201
vn -0.9866 -0.1487 0.0667
vn -0.9993 0.0364 0.0101
vn -0.9872 -0.1398 0.0769
vn -0.8475 -0.4806 0.2254
vn -0.7631 -0.5619 0.3193
vn -0.7543 -0.5692 0.3273
vn -0.9779 -0.1829 0.1011
vn -0.9996 0.0298 0.0020
vn -0.9691 -0.2242 0.1027
vn -0.7564 -0.5991 0.2627
vn -0.9574 0.2584 -0.1292
vn -0.6236 0.7666 -0.1531
vn -0.9999 0.0149 -0.0064
vn -0.9742 -0.2161 0.0652
vn -0.9721 -0.2322 0.0349
vn -0.7452 -0.6597 0.0973
vn -0.9997 -0.0225 -0.0025
vn -0.9690 0.2407 -0.0550
vn -0.9597 -0.2794 0.0300
vn -0.6303 -0.7216 0.2866
vn -0.7137 -0.4767 0.5131
vn -0.9997 -0.0238 0.0002
vn -0.9599 0.2802 -0.0043
vn -0.6279 0.7783 0.0095
vn -0.8370 0.2199 0.5011
vn 0.1866 -0.0000 -0.9824
vn 0.6344 -0.0000 -0.7730
vn 0.8101 -0.0000 -0.5863
vn 0.4307 -0.0000 -0.9025
vn -0.1866 -0.0000 -0.9824
vn -0.6344 -0.0000 -0.7730
vn -0.8101 -0.0000 -0.5863
vn -0.4307 -0.0000 -0.9025
vn 0.0001 -0.0000 -1.0000
vn -0.0001 -0.0000 -1.0000
vn -0.3828 -0.9238 -0.0000
vn -0.0000 -0.9975 -0.0713
vn -0.3818 -0.9215 -0.0713
vn -0.5557 -0.8314 -0.0000
vn -0.0000 -0.9370 -0.3493
vn -0.5543 -0.8294 -0.0699
vn -0.3586 -0.8657 -0.3493
vn -0.5218 -0.7809 -0.3434
vn -0.3183 -0.7684 -0.5552
vn -0.0000 -0.8317 -0.5553
vn -0.4648 -0.6957 -0.5477
vn 0.0001 -0.9975 -0.0713
vn 0.3828 -0.9239 -0.0000
vn 0.3818 -0.9215 -0.0713
vn 0.5543 -0.8294 -0.0699
vn 0.5557 -0.8314 -0.0000
vn 0.5218 -0.7809 -0.3434
vn 0.3586 -0.8656 -0.3493
vn -0.0000 -0.9370 -0.3494
vn 0.3183 -0.7684 -0.5552
vn 0.4648 -0.6957 -0.5477
vn -0.3586 -0.8657 -0.3494
vn 0.9238 -0.3828 -0.0000
vn 0.9975 -0.0001 -0.0713
vn 0.9215 -0.3818 -0.0713
vn 0.8657 -0.3586 -0.3493
vn 0.8314 -0.5557 -0.0000
vn 0.8294 -0.5543 -0.0699
vn 0.7809 -0.5219 -0.3433
vn 0.6958 -0.4646 -0.5478
vn 0.7684 -0.3182 -0.5553
vn 0.9370 -0.0001 -0.3494
vn 0.8316 -0.0000 -0.5554
vn 0.7685 0.3183 -0.5551
vn 0.8314 0.5557 -0.0000
vn 0.9239 0.3828 -0.0000
vn 0.8294 0.5543 -0.0698
vn 0.9215 0.3818 -0.0713
vn 0.7809 0.5218 -0.3433
vn 0.9975 -0.0000 -0.0713
vn 0.8657 0.3586 -0.3493
vn 0.6956 0.4648 -0.5478
vn 0.9370 -0.0000 -0.3493
vn -0.0001 0.9975 -0.0713
vn -0.3828 0.9238 -0.0000
vn -0.3818 0.9215 -0.0713
vn -0.5540 0.8296 -0.0697
vn -0.5557 0.8314 -0.0000
vn -0.5218 0.7809 -0.3434
vn -0.3586 0.8657 -0.3493
vn -0.0000 0.9370 -0.3494
vn -0.0000 0.8317 -0.5553
vn -0.3182 0.7684 -0.5553
vn -0.4647 0.6956 -0.5479
vn -0.8314 0.5557 -0.0000
vn -0.8294 0.5543 -0.0698
vn -0.9238 0.3829 -0.0000
vn -0.9215 0.3819 -0.0713
vn -0.7809 0.5218 -0.3433
vn -0.8657 0.3586 -0.3493
vn -0.7684 0.3182 -0.5553
vn -0.6956 0.4648 -0.5478
vn -0.8317 0.0001 -0.5553
vn -0.9370 -0.0000 -0.3494
vn -0.9370 -0.0000 -0.3493
vn -0.9215 0.3818 -0.0713
vn -0.9975 -0.0000 -0.0713
vn -0.9238 0.3828 -0.0000
vn -0.9215 -0.3818 -0.0713
vn -0.9239 -0.3828 -0.0000
vn -0.8314 -0.5557 -0.0000
vn -0.8296 -0.5540 -0.0699
vn -0.7809 -0.5218 -0.3434
vn -0.8656 -0.3587 -0.3493
vn -0.7683 -0.3183 -0.5553
vn -0.8317 -0.0000 -0.5553
vn -0.6957 -0.4648 -0.5477
vn 0.4647 0.6956 -0.5479
vn 0.3182 0.7684 -0.5553
vn 0.5218 0.7810 -0.3433
vn 0.3586 0.8657 -0.3493
vn -0.0000 0.9370 -0.3493
vn 0.5540 0.8296 -0.0698
vn -0.0000 0.9975 -0.0713
vn 0.3818 0.9215 -0.0713
vn 0.5557 0.8314 -0.0000
vn 0.3828 0.9238 -0.0000
vn -0.0000 0.2326 -0.9726
vn -0.0000 0.2302 0.9731
vn 0.4083 0.8165 0.4082
vn -0.5499 0.8346 -0.0332
vn -0.5610 0.5630 0.6069
vn 0.4082 0.8165 -0.4083
vn -0.5321 0.5428 -0.6497
vn -0.5610 -0.5630 0.6069
vn 0.4082 -0.8165 0.4083
vn -0.5611 0.5629 0.6069
vn 0.4082 0.8165 0.4083
vn -0.5610 -0.5629 0.6070
vn -0.5499 -0.8346 -0.0332
vn -0.5321 0.5429 -0.6498
vn -0.5321 -0.5429 -0.6498
vn 0.4083 -0.8165 0.4082
vn 0.4083 0.8165 -0.4082
vn 0.4083 -0.8165 -0.4082
vn -0.5321 -0.5428 -0.6498
vn 0.4082 -0.8165 -0.4083
vn -0.5321 0.5429 -0.6497
vn -0.5321 -0.5429 -0.6497
vn 0.5499 0.8346 -0.0332
vn -0.4082 0.8165 0.4083
vn 0.5610 0.5630 0.6069
vn -0.4083 0.8165 -0.4082
vn 0.5321 0.5428 -0.6498
vn -0.4082 -0.8165 0.4083
vn 0.5611 -0.5629 0.6069
vn 0.5610 -0.5630 0.6069
vn 0.5499 -0.8346 -0.0331
vn 0.5321 -0.5429 -0.6498
vn 0.5321 0.5429 -0.6498
vn -0.4083 -0.8165 -0.4082
vn -0.4083 0.8165 0.4082
vn -0.4083 -0.8165 0.4082
vn -0.4082 -0.8165 -0.4083
vn 0.5321 -0.5428 -0.6497
vn 0.5499 -0.8346 -0.0332
vn 0.5609 -0.5630 0.6070
vn 0.5321 -0.5429 -0.6497
vn 0.5321 0.5429 -0.6497
vn -0.4082 0.8165 -0.4083
vn 0.9462 -0.0000 -0.3236
vn 0.8964 -0.0000 -0.4433
vn 0.3826 -0.0000 -0.9239
vn -0.3826 -0.0000 -0.9239
vn -0.8964 -0.0000 -0.4433
vn -0.9462 -0.0000 -0.3236
vn -0.3827 -0.0000 -0.9239
vn -0.9009 -0.0000 -0.4341
vn -0.9872 -0.0000 -0.1592
vn -0.9874 -0.0000 0.1583
vn -0.8964 -0.0000 0.4432
vn -0.8314 -0.0000 0.5557
vn -0.8315 -0.0000 0.5555
vn -0.5556 -0.0000 0.8315
vn -0.3828 -0.0000 0.9238
vn 0.0001 -0.0000 1.0000
vn 0.3827 -0.0000 0.9239
vn 0.5553 -0.0000 0.8317
vn 0.5553 -0.0000 0.8316
vn 0.9527 -0.0000 0.3039
vn 0.9009 -0.0000 0.4340
vn -0.3827 -0.0000 0.9239
vn -0.9009 -0.0000 0.4340
vn -0.9527 -0.0000 0.3039
vn 0.0153 -0.0000 -0.9999
vn -0.0054 -0.0000 1.0000
vn -0.0055 0.0008 1.0000
vn -0.0029 0.0027 1.0000
vn -0.0034 0.0040 1.0000
vn 0.9979 -0.0000 -0.0644
vn 0.9010 -0.0000 -0.4339
vn 0.9872 -0.0000 -0.1592
vn 0.9874 -0.0000 0.1583
vn 0.8965 -0.0000 0.4430
vn 0.8316 -0.0000 0.5553
vn -0.0153 -0.0000 -0.9999
vn 0.0054 -0.0000 1.0000
vn 0.0029 0.0027 1.0000
vn 0.0055 0.0008 1.0000
vn 0.0034 0.0040 1.0000
vn -0.9979 -0.0000 -0.0644
vn 0.8879 0.4600 -0.0000
vn 0.5768 0.8169 -0.0000
vn -0.8879 0.4600 -0.0000
vn -0.5768 0.8169 -0.0000
vn 0.7071 -0.0000 -0.7072
vn 0.3827 -0.0000 -0.9239
vn -0.7071 -0.0000 -0.7072
vn 0.9237 -0.0000 -0.3830
vn 0.9237 -0.0000 -0.3831
vn 0.7071 0.0001 0.7071
vn 0.7071 -0.0000 0.7072
vn -0.0000 0.0001 1.0000
vn -0.9239 -0.0000 0.3827
vn -0.7072 -0.0000 0.7071
vn 0.9553 0.2955 -0.0105
vn 0.8581 0.3057 0.4126
vn 0.9975 0.0708 -0.0032
vn 0.9165 0.0667 -0.3944
vn 0.8687 0.3023 -0.3924
vn 0.8776 0.0909 -0.4706
vn 0.6205 0.5428 -0.5660
vn 0.8534 -0.3092 -0.4197
vn 0.8567 -0.3490 -0.3797
vn 0.9342 -0.3567 0.0011
vn 0.6834 -0.5278 -0.5044
vn 0.7779 -0.5191 -0.3541
vn 0.7425 -0.2054 -0.6376
vn 0.3563 -0.5459 -0.7583
vn 0.4221 -0.2246 -0.8783
vn 0.9119 -0.2096 -0.3527
vn 0.7245 0.2858 -0.6272
vn 0.4133 0.2871 -0.8641
vn 0.3911 0.4126 -0.8227
vn 0.6882 0.4094 -0.5990
vn 0.9023 0.2851 -0.3234
vn 0.8595 0.4066 -0.3097
vn 0.9141 0.4054 0.0001
vn 0.9586 0.2848 -0.0000
vn 0.9597 -0.2801 0.0244
vn 0.9252 -0.1892 0.3290
vn 0.9024 0.2852 0.3230
vn 0.8597 0.4064 0.3094
vn 0.7245 0.2858 0.6273
vn 0.6881 0.4092 0.5992
vn 0.9024 0.2851 0.3231
vn 0.9252 -0.1892 0.3291
vn 0.7244 0.2858 0.6273
vn 0.7415 -0.2054 0.6388
vn 0.6439 -0.5212 0.5601
vn 0.4231 -0.2243 0.8779
vn 0.4133 0.2871 0.8642
vn 0.3911 0.4126 0.8227
vn 0.7775 -0.5332 0.3335
vn 0.7887 -0.6146 0.0131
vn 0.9119 -0.2097 -0.3527
vn 0.7779 -0.5191 -0.3540
vn 0.9342 -0.3568 0.0012
vn 0.8511 -0.3442 0.3964
vn 0.9090 0.0621 0.4120
vn 0.9975 0.0708 -0.0031
vn 0.8580 0.3057 0.4127
vn 0.6711 0.1677 0.7222
vn 0.5383 0.5272 0.6575
vn 0.3086 0.2912 0.9055
vn 0.2421 0.6341 0.7344
vn -0.0000 0.6535 0.7570
vn -0.0000 0.2970 0.9549
vn -0.0000 -0.2520 0.9677
vn 0.6622 -0.2858 0.6927
vn 0.3212 -0.2413 0.9157
vn 0.3579 -0.4964 0.7909
vn -0.0000 -0.4910 0.8712
vn -0.0000 -0.2337 0.9723
vn 0.4231 -0.2242 0.8779
vn -0.0000 -0.2336 0.9723
vn -0.0000 0.2879 0.9577
vn 0.0001 0.4141 0.9102
vn -0.0003 1.0000 -0.0007
vn 0.0004 1.0000 -0.0019
vn 0.0002 1.0000 -0.0006
vn -0.0000 1.0000 -0.0020
vn 0.0014 1.0000 -0.0010
vn 0.0004 1.0000 -0.0028
vn -0.0010 1.0000 -0.0011
vn -0.0014 1.0000 -0.0010
vn -0.0091 0.9892 -0.1463
vn -0.1242 0.9410 -0.3149
vn -0.0018 1.0000 0.0067
vn -0.0016 1.0000 0.0011
vn -0.0047 0.9953 0.0965
vn 0.0070 0.9907 0.1361
vn 0.0860 0.9744 0.2078
vn 0.0702 0.9625 0.2620
vn 0.1310 0.9447 0.3007
vn 0.2245 0.9172 0.3290
vn -0.0000 0.9408 0.3390
vn -0.0000 0.9460 0.3243
vn -0.1066 0.9332 0.3431
vn -0.1193 0.9465 0.2998
vn -0.0809 0.9716 0.2223
vn -0.1868 0.9779 0.0942
vn -0.0300 0.9907 0.1324
vn 0.0101 0.9896 0.1433
vn 0.0033 1.0000 -0.0001
vn -0.0000 1.0000 0.0053
vn 0.0222 0.9881 -0.1519
vn 0.0116 0.9896 -0.1432
vn 0.1242 0.9410 -0.3149
vn -0.0001 -0.2329 -0.9725
vn 0.3562 -0.5459 -0.7584
vn -0.0000 -0.5580 -0.8298
vn -0.3562 -0.5457 -0.7585
vn -0.4219 -0.2247 -0.8784
vn -0.7420 -0.2059 -0.6380
vn -0.6770 -0.5328 -0.5077
vn -0.9252 -0.1891 -0.3289
vn -0.7771 -0.5368 -0.3286
vn -0.8560 -0.3015 -0.4200
vn -0.8590 -0.3444 -0.3788
vn -0.8978 0.1142 -0.4253
vn -0.9014 0.0879 -0.4239
vn -0.7963 0.3726 -0.4766
vn -0.8514 0.2683 -0.4506
vn -0.9974 0.0719 0.0040
vn -0.9553 0.2955 0.0104
vn -0.9102 0.0677 0.4087
vn -0.9339 -0.3576 -0.0001
vn -0.7886 -0.6148 -0.0131
vn -0.9597 -0.2799 -0.0245
vn -0.9120 -0.2096 0.3527
vn -0.9023 0.2852 0.3232
vn -0.9586 0.2847 -0.0000
vn -0.9024 0.2852 -0.3231
vn -0.7247 0.2862 -0.6268
vn -0.4131 0.2873 -0.8642
vn -0.6883 0.4089 -0.5991
vn -0.3911 0.4124 -0.8228
vn -0.8597 0.4064 -0.3094
vn -0.9141 0.4055 -0.0000
vn -0.8597 0.4064 0.3094
vn -0.7245 0.2858 0.6273
vn -0.6881 0.4092 0.5992
vn -0.8234 0.0106 -0.5674
vn -0.9273 0.1606 -0.3382
vn -0.8722 0.1111 -0.4763
vn -0.8910 0.0925 -0.4445
vn -0.9920 0.1184 -0.0444
vn -0.8625 0.1221 -0.4912
vn -0.9801 0.0236 -0.1971
vn -0.9966 0.0454 0.0682
vn -0.8547 0.0936 -0.5107
vn -0.7838 0.1123 -0.6107
vn -0.7854 0.0799 -0.6138
vn -0.9605 0.0657 -0.2703
vn -0.9272 0.1270 -0.3525
vn -0.9978 0.0477 -0.0467
vn -0.9988 0.0230 0.0437
vn -0.9979 -0.0070 0.0641
vn -0.9983 -0.0314 0.0492
vn -0.9244 0.0009 -0.3814
vn -0.9133 -0.0214 -0.4068
vn -0.9017 0.0777 -0.4253
vn -0.9986 0.0071 0.0528
vn -0.9933 0.0524 0.1025
vn -0.8409 0.1630 -0.5162
vn -0.9965 0.0568 -0.0608
vn -0.9132 -0.0214 -0.4068
vn -0.4061 0.0336 -0.9132
vn -0.4170 0.0171 -0.9087
vn -0.3635 0.0392 -0.9308
vn -0.9018 0.0778 -0.4252
vn -0.8409 0.1630 -0.5161
vn 0.0559 0.0683 -0.9961
vn -0.0000 0.0184 -0.9998
vn -0.0000 0.0368 -0.9993
vn 0.4060 0.0336 -0.9132
vn 0.0394 0.0409 -0.9984
vn 0.7849 0.1888 -0.5902
vn 0.4173 0.0171 -0.9086
vn 0.9284 0.0136 -0.3714
vn 0.9211 -0.0078 -0.3892
vn 0.3221 0.1038 -0.9410
vn 0.8984 0.0331 -0.4379
vn -0.8671 0.2937 0.4023
vn -0.9553 0.2955 0.0105
vn -0.9102 0.0676 0.4087
vn -0.6625 0.1805 0.7270
vn -0.8480 -0.3478 0.3999
vn -0.9974 0.0718 0.0041
vn -0.9339 -0.3576 0.0001
vn -0.6476 -0.3064 0.6977
vn -0.3173 0.2980 0.9003
vn -0.7783 -0.5153 0.3588
vn -0.9119 -0.2097 0.3527
vn -0.3339 -0.2559 0.9072
vn -0.0000 -0.2519 0.9677
vn -0.7420 -0.2049 0.6383
vn -0.9023 0.2852 0.3233
vn -0.7244 0.2858 0.6273
vn -0.6399 -0.4980 0.5853
vn -0.3931 -0.4655 0.7929
vn -0.4232 -0.2242 0.8778
vn -0.4133 0.2872 0.8641
vn -0.3909 0.4125 0.8228
vn -0.0001 0.4141 0.9102
vn -0.5244 0.5135 0.6792
vn -0.6625 0.1806 0.7270
vn -0.2740 0.6098 0.7437
vn -0.3173 0.2981 0.9002
vn -0.0000 0.2971 0.9549
vn -0.0000 0.6534 0.7570
vn 0.9983 -0.0031 0.0579
vn 0.9984 -0.0042 0.0568
vn 0.9992 0.0365 0.0147
vn 0.9954 0.0257 -0.0923
vn 0.9443 0.0910 -0.3163
vn 0.9924 0.0171 0.1215
vn 0.8984 0.0331 -0.4380
vn 0.9964 0.0848 0.0011
vn 0.7856 0.1857 -0.5902
vn 0.9989 0.0139 0.0443
vn 0.9983 0.0268 0.0520
vn 0.9827 0.0488 -0.1788
vn 0.9974 0.0725 -0.0019
vn 0.9182 0.0902 -0.3857
vn 0.9637 0.0910 -0.2510
vn 0.7854 0.0799 -0.6138
vn 0.8850 0.1023 -0.4543
vn 0.8575 0.1015 -0.5044
vn 0.7838 0.1123 -0.6107
vn 0.8557 0.1337 -0.4999
vn 0.8683 0.0977 -0.4863
vn 0.8234 0.0106 -0.5674
vn -0.4219 -0.2246 -0.8784
vn -0.4130 0.2873 -0.8642
vn -0.0001 -0.2328 -0.9725
vn -0.0001 0.2879 -0.9576
vn 0.4220 -0.2246 -0.8783
vn 0.4133 0.2871 -0.8642
vn -0.0000 0.4141 -0.9102
vn -0.0000 0.9996 -0.0288
vn -0.0000 0.9998 -0.0223
vn -0.0000 0.9999 -0.0165
vn -0.0000 0.9996 0.0273
vn -0.0000 0.9961 0.0878
vn -0.0000 0.9896 0.1435
vn -0.0000 0.9576 0.2880
vn -0.0000 0.8785 0.4778
vn -0.0000 0.8279 0.5609
vn -0.0000 -0.8053 0.5929
vn -0.0000 -0.9047 0.4261
vn -0.0000 -0.9925 0.1226
vn -0.0000 -1.0000 -0.0095
vn -0.0000 -0.9990 -0.0440
vn -0.0000 -0.9928 -0.1197
vn -0.0000 -0.9746 -0.2241
vn -0.0000 -0.9385 -0.3453
vn -0.0000 -0.8882 -0.4594
vn -0.0000 -0.9990 -0.0447
vn -0.0000 -0.9704 0.2414
vn -0.0000 -0.9704 0.2415
vn -0.0000 -0.9902 -0.1394
vn -0.0000 -0.9473 -0.3205
vn -0.0000 -0.3276 -0.9448
vn -0.0000 0.0253 -0.9997
vn -0.0000 0.3750 -0.9270
vn -0.0000 -0.3447 0.9387
vn -0.0000 -0.5216 0.8532
vn -0.0001 -0.3446 0.9388
vn -0.0000 -0.0474 0.9989
vn -0.0000 -0.3446 0.9388
vn -0.0000 0.2192 0.9757
vn -0.0000 0.4404 0.8978
vn -0.0000 0.5057 0.8627
vn -0.0000 -0.0290 -0.9996
vn -0.0000 0.1778 -0.9841
vn -0.0000 0.7338 -0.6793
vn -0.0000 0.9311 -0.3647
vn -0.0000 0.7341 -0.6791
vn -0.0000 0.9311 -0.3646
vn -0.0000 -0.9893 0.1457
vn -0.0000 -0.9136 0.4066
vn -0.0000 -0.8709 0.4914
vn -0.0000 -0.9524 0.3047
vn -0.0000 -1.0000 -0.0003
vn -0.0000 -0.9357 -0.3529
vn -0.0000 -0.8344 -0.5512
vn -0.0000 0.9678 -0.2517
vn -0.0000 0.9725 0.2331
vn -0.0000 0.8030 -0.5960
vn -0.0000 0.7182 -0.6958
vn -0.0000 -0.5918 -0.8061
vn -0.0000 -0.4029 -0.9152
vn -0.0000 -0.4029 -0.9153
vn -0.0000 -0.0149 -0.9999
vn -0.0000 0.1656 -0.9862
vn -0.0000 -0.0148 -0.9999
vn -0.0000 0.9724 0.2331
vn -0.0000 0.8910 0.4541
vn -0.0000 0.3934 0.9194
vn -0.0000 0.5429 0.8398
vn -0.0000 0.8740 0.4859
vn -0.0000 0.8741 0.4857
vn -0.0000 0.8741 0.4858
vn -0.0000 0.5430 0.8398
vn -0.0000 0.9996 -0.0296
vn -0.0000 0.9079 -0.4192
vn -0.0000 0.6744 -0.7383
vn -0.0000 0.6743 -0.7385
vn -0.0000 0.9078 -0.4193
vn -0.0000 0.6744 -0.7384
vn -0.0000 0.3009 -0.9537
vn -0.0000 -0.0643 -0.9979
vn -0.0000 -0.2104 -0.9776
vn -0.0000 0.0768 0.9970
vn -0.0000 0.1699 0.9855
vn -0.0000 0.2616 0.9652
vn -0.0000 0.2613 0.9653
vn -0.0000 0.9013 0.4332
vn -0.0000 0.7678 0.6407
vn -0.0000 -0.5932 -0.8050
vn -0.0000 -0.4173 -0.9087
vn -0.0000 -0.0834 -0.9965
vn -0.0000 0.2158 -0.9764
vn -0.0000 0.3673 -0.9301
vn -0.0000 0.9014 0.4331
vn -0.0000 0.9978 0.0661
vn -0.0000 0.9839 -0.1789
vn -0.0000 0.8837 -0.4680
vn -0.0000 0.7760 -0.6307
vn -0.0000 0.7757 -0.6310
vn -0.0000 -0.9737 -0.2278
vn -0.0000 -0.7270 -0.6866
vn -0.0000 -0.4941 -0.8694
vn -0.0000 -0.0681 -0.9977
vn -0.0000 -0.6234 -0.7819
vn -0.0000 -0.4192 -0.9079
vn -0.0000 -0.6237 -0.7817
vn -0.0000 -0.1293 -0.9916
vn -0.0000 -0.0671 -0.9977
vn -0.0000 -0.9729 -0.2312
vn -0.0000 -0.8931 -0.4498
vn -0.0000 -0.8657 0.5006
vn -0.0000 -0.9589 0.2836
vn -0.0000 -1.0000 0.0080
vn -0.0000 -0.9994 -0.0348
vn -0.0000 -0.2025 0.9793
vn -0.0000 -0.0565 0.9984
vn -0.0000 0.1963 0.9805
vn -0.0000 0.3894 0.9211
vn -0.0000 0.4756 0.8797
vn -0.0000 -0.5862 -0.8102
vn -0.0000 -0.3081 -0.9514
vn -0.0000 0.0934 -0.9956
vn -0.0000 0.2954 -0.9554
vn -0.0000 0.4009 -0.9161
vn -0.0000 -0.0049 1.0000
vn -0.0000 0.9744 -0.2248
vn -0.0000 0.9936 -0.1131
vn -0.0000 0.9999 0.0171
vn -0.0000 0.9835 0.1809
vn -0.0000 0.9464 0.3231
vn -0.0000 0.9462 0.3236
vn 0.8231 -0.0023 0.5678
vn 0.7752 -0.0027 0.6317
vn 0.7752 -0.0028 0.6317
vn 0.8562 -0.0022 0.5167
vn 0.8232 -0.0024 0.5678
vn 0.8203 0.0036 0.5719
vn 0.8561 -0.0022 0.5167
vn 0.8204 -0.0024 0.5719
vn 0.8204 0.5718 -0.0072
vn 0.8925 0.4509 -0.0062
vn 0.8941 0.4478 -0.0056
vn 0.8993 0.4372 -0.0059
vn 0.8203 0.5718 -0.0072
vn 0.8926 0.4509 -0.0062
vn 0.8941 0.4478 -0.0055
vn -0.0000 0.7622 -0.6474
vn -0.0000 0.9570 -0.2899
vn -0.0000 0.9571 -0.2899
vn -0.0000 0.9967 0.0809
vn -0.0000 0.8999 0.4361
vn -0.0000 0.8999 0.4362
vn -0.0000 0.9984 0.0557
vn -0.0000 0.8888 -0.4583
vn -0.0000 -0.2539 -0.9672
vn -0.0000 -0.6324 -0.7746
vn -0.0000 0.3070 -0.9517
vn -0.0000 0.7621 -0.6474
vn -0.0000 -0.6325 -0.7746
vn -0.0001 -0.2539 -0.9672
vn -0.0000 -0.8264 -0.5631
vn -0.0000 -0.9743 -0.2254
vn -0.0000 -0.9972 0.0745
vn -0.0000 -0.9567 0.2909
vn -0.0000 -0.8193 0.5733
vn -0.0000 -0.7109 0.7033
vn -0.0000 0.6895 -0.7243
vn -0.0000 0.6292 -0.7772
vn -0.0000 0.6161 -0.7877
vn -0.0000 0.6657 -0.7463
vn -0.0000 0.6655 -0.7464
vn -0.0000 -0.3696 0.9292
vn -0.0000 -0.4662 0.8847
vn -0.0000 -0.5576 0.8301
vn -0.0000 -0.8485 0.5292
vn -0.0000 -0.9317 0.3632
vn -0.0000 -0.9932 0.1168
vn -0.0000 -0.9992 0.0411
vn -0.0000 -1.0000 -0.0012
vn -0.0000 -0.9998 0.0213
vn -0.0000 -0.9998 -0.0220
vn -0.0000 -0.9999 -0.0167
vn -0.0000 -0.9870 -0.1607
vn -0.0000 -0.8890 -0.4580
vn -0.0000 -0.8089 -0.5880
vn -0.0000 0.8394 -0.5435
vn -0.0000 0.8896 -0.4568
vn -0.0000 0.9608 -0.2771
vn -0.0000 0.9907 -0.1359
vn -0.0000 0.9792 -0.2029
vn -0.0000 0.9307 -0.3659
vn -0.0000 0.9125 -0.4092
vn -0.0000 0.9470 -0.3214
vn -0.0000 0.9896 0.1440
vn -0.0000 0.8630 0.5052
vn -0.0000 0.8628 0.5055
vn -0.0000 0.7301 0.6833
vn -0.0000 -0.5929 -0.8053
vn -0.0000 -0.4472 -0.8944
vn -0.0000 -0.4473 -0.8944
vn -0.0000 -0.0785 -0.9969
vn -0.0000 0.6025 0.7981
vn -0.0000 0.4680 0.8837
vn -0.0000 0.3904 0.9206
vn -0.0000 0.3766 0.9264
vn -0.0000 0.2247 0.9744
vn -0.0000 0.1216 0.9926
vn -0.0000 -0.0927 -0.9957
vn -0.0000 0.2401 -0.9707
vn -0.0000 0.1695 -0.9855
vn -0.0000 0.0279 -0.9996
vn -0.0000 0.5254 -0.8509
vn -0.0000 0.5046 -0.8633
vn -0.0000 0.5047 -0.8633
vn -0.0000 0.2657 -0.9641
vn -0.0000 -1.0000 0.0086
vn 0.0003 -1.0000 0.0087
vn 0.0006 -1.0000 0.0081
vn 0.0008 -1.0000 0.0081
vn -0.0000 -1.0000 0.0072
vn -0.9987 -0.0519 -0.0000
vn -0.9996 -0.0291 -0.0000
vn -0.9997 -0.0233 -0.0000
vn -0.0000 0.6145 0.7889
vn -0.0000 0.5595 0.8289
vn -0.0000 0.2954 0.9554
vn -0.0000 -0.0826 0.9966
vn -0.0000 -0.4389 0.8985
vn -0.0000 -0.6178 -0.7863
vn -0.0000 -0.5486 -0.8361
vn -0.0000 -0.3132 -0.9497
vn -0.0000 -0.0708 -0.9975
vn -0.0000 -0.0827 0.9966
vn -0.0000 -0.4390 0.8985
vn -0.0000 -0.7597 0.6503
vn -0.0000 -0.8707 0.4919
vn -0.0000 -0.7948 -0.6069
vn -0.0000 -0.9473 -0.3203
vn -0.0000 0.1144 -0.9934
vn 0.6323 -0.5478 0.5478
vn 0.7520 -0.0000 0.6592
vn 1.0000 -0.0001 -0.0000
vn 1.0000 -0.0000 -0.0001
vn 0.7520 0.6592 -0.0000
vn 0.6323 0.5478 -0.5478
vn 0.7520 -0.0001 0.6592
vn 0.6323 0.5478 0.5478
vn 0.4363 -0.6363 -0.6362
vn 0.4329 -0.9015 -0.0001
vn 0.4329 -0.9015 -0.0000
vn 0.4363 -0.6363 0.6362
vn 0.6323 -0.5479 0.5478
vn 0.4329 -0.0000 -0.9015
vn 0.4363 0.6362 -0.6363
vn 0.6323 0.5478 -0.5479
vn 0.4329 -0.0001 -0.9014
vn 0.4363 -0.6362 -0.6363
vn 0.4329 0.9015 -0.0000
vn 0.4363 0.6363 0.6362
vn 0.7520 0.6592 -0.0001
vn 0.6323 0.5479 0.5478
vn 0.4329 0.9014 -0.0001
vn 0.4363 0.6363 -0.6362
vn 0.4363 -0.6362 0.6363
vn 0.4329 -0.0001 0.9015
vn 0.4363 0.6362 0.6363
vn 0.4329 -0.0000 0.9014
vn 0.9464 -0.0000 0.3229
vn 1.0000 -0.0000 0.0027
vn 0.9870 -0.0000 -0.1610
vn 0.8443 -0.3789 0.3789
vn 0.9552 0.0233 0.2950
vn 0.9999 0.0116 0.0117
vn 0.9467 -0.0001 -0.3220
vn 0.9999 0.0117 0.0116
vn 0.9552 0.2950 0.0234
vn 0.8443 0.3789 -0.3790
vn 0.9552 0.0235 0.2949
vn 0.9999 0.0117 0.0117
vn 0.9045 0.3015 0.3015
vn 0.9552 0.2950 0.0235
vn 0.4692 -0.8378 -0.2793
vn 0.4138 -0.8473 -0.3330
vn 0.3992 -0.9165 -0.0262
vn 0.4023 -0.9150 -0.0313
vn 0.4189 -0.8382 0.3491
vn 0.4945 -0.7653 0.4121
vn 0.3992 -0.0261 -0.9165
vn 0.4190 0.3491 -0.8382
vn 0.4023 -0.0313 -0.9150
vn 0.4946 0.4121 -0.7652
vn 0.4138 -0.3330 -0.8473
vn 0.3992 -0.0263 -0.9165
vn 0.4692 -0.2793 -0.8378
vn 0.3992 0.9165 -0.0262
vn 0.4189 0.8382 0.3491
vn 0.4023 0.9150 -0.0313
vn 0.4945 0.7653 0.4121
vn 0.4138 0.8473 -0.3330
vn 0.4692 0.8378 -0.2793
vn 0.4691 -0.2794 0.8378
vn 0.4138 -0.3330 0.8473
vn 0.3717 -0.0001 0.9284
vn 0.4691 0.2793 0.8378
vn 0.4138 0.3330 0.8473
vn 0.3717 -0.0000 0.9284
vn 0.7993 -0.6010 -0.0000
vn 0.7026 -0.1779 -0.6890
vn 0.7139 0.7002 -0.0001
vn 0.5854 0.5732 -0.5733
vn 0.3118 -0.5713 -0.7592
vn 0.3832 0.6531 -0.6531
vn 0.3802 0.9249 -0.0001
vn 0.7992 -0.6010 0.0001
vn 0.7139 0.7002 -0.0000
vn 0.7026 -0.1779 0.6890
vn 0.5855 0.5732 0.5733
vn 0.3801 0.9249 -0.0000
vn 0.3832 0.6531 0.6531
vn 0.3117 -0.5713 0.7593
vn 0.7992 -0.6010 -0.0001
vn 0.3118 -0.5713 -0.7593
vn 0.7027 -0.1779 -0.6889
vn 0.8192 0.5736 -0.0000
vn 0.8192 0.5735 -0.0000
vn 0.8191 0.5736 -0.0000
vn -0.3635 0.5192 0.7735
vn -0.2398 0.3425 0.9084
vn 0.2399 -0.3425 0.9084
vn 0.2398 -0.3425 0.9084
vn 0.3635 -0.5191 0.7735
vn 0.3635 -0.5191 0.7736
vn 0.3634 -0.5191 -0.7736
vn 0.3635 -0.5191 -0.7736
vn 0.2398 -0.3425 -0.9084
vn 0.2399 -0.3425 -0.9084
vn -0.2398 0.3425 -0.9084
vn -0.3634 0.5191 -0.7736
vn -0.3637 0.5191 -0.7735
vn 0.5735 -0.8192 -0.0000
vn -0.5735 0.8192 -0.0000
vn -0.0000 -1.0000 -0.0001
vn 0.0015 -1.0000 -0.0001
vn 0.1299 -0.9915 -0.0048
vn 0.1327 -0.9911 -0.0049
vn 1.0000 -0.0002 -0.0001
vn 0.9999 -0.0101 -0.0015
vn 1.0000 -0.0039 -0.0004
vn 1.0000 -0.0027 -0.0013
vn 0.9992 -0.0390 -0.0046
vn 1.0000 0.0020 -0.0014
vn 0.9994 0.0343 0.0038
vn 1.0000 0.0001 -0.0000
vn 1.0000 0.0002 -0.0000
vn 1.0000 -0.0008 -0.0000
vn 0.2093 -0.6253 0.7518
vn 0.2046 -0.5957 0.7767
vn 0.1445 -0.6153 0.7750
vn 0.1263 -0.6357 0.7615
vn 0.1569 -0.6060 0.7798
vn 0.2268 -0.4981 0.8370
vn 0.4219 -0.4338 0.7961
vn 0.4438 -0.2549 0.8591
vn -0.0130 -0.5958 0.8030
vn -0.0211 -0.6236 0.7815
vn -0.1624 -0.5990 0.7841
vn -0.1096 -0.6621 0.7413
vn -0.1934 -0.6351 0.7478
vn -0.1796 -0.6070 0.7741
vn -0.1445 -0.6153 0.7750
vn -0.3924 -0.4337 0.8111
vn -0.2490 -0.4821 0.8400
vn -0.0000 -0.5078 0.8615
vn -0.0000 -0.2864 0.9581
vn -0.2497 -0.2790 0.9273
vn -0.4360 -0.2464 0.8656
vn -0.3235 0.0357 0.9455
vn -0.5006 -0.0289 0.8652
vn -0.4809 0.1733 0.8595
vn -0.2808 0.2253 0.9329
vn -0.0039 0.0963 0.9953
vn 0.3265 0.0387 0.9444
vn -0.0047 0.2518 0.9678
vn 0.2918 0.2169 0.9316
vn 0.4809 0.1732 0.8595
vn 0.5002 -0.0290 0.8654
vn 0.2424 -0.2858 0.9271
vn 0.4936 -0.0000 -0.8697
vn 0.3603 -0.0727 -0.9300
vn 0.4163 0.0436 -0.9082
vn 0.2436 -0.0250 -0.9696
vn 0.1914 -0.1785 -0.9651
vn -0.0000 -0.0808 -0.9967
vn 0.1853 -0.2756 -0.9432
vn 0.3293 -0.2620 -0.9071
vn -0.0000 -0.2029 -0.9792
vn -0.0000 -0.2851 -0.9585
vn -0.1853 -0.2756 -0.9432
vn -0.2051 -0.1632 -0.9650
vn -0.2739 -0.0584 -0.9600
vn -0.3729 0.0103 -0.9278
vn -0.2999 0.0034 -0.9540
vn -0.3293 -0.2623 -0.9071
vn -0.4936 -0.0000 -0.8697
vn 0.0110 0.9999 0.0005
vn 0.0001 1.0000 -0.0002
vn 0.0092 1.0000 0.0001
vn -0.0001 1.0000 -0.0005
vn -0.0000 1.0000 -0.0003
vn -0.0000 1.0000 -0.0007
vn -0.0000 1.0000 -0.0002
vn -0.0093 1.0000 -0.0003
vn -0.0104 0.9999 -0.0002
vn 0.0006 1.0000 0.0005
vn 0.4458 -0.8447 0.2963
vn 0.4149 -0.8748 0.2502
vn 0.2501 -0.9078 0.3368
vn 0.2410 -0.9285 0.2825
vn 0.2655 -0.9633 0.0396
vn 0.4302 -0.9024 0.0251
vn 0.5274 -0.7848 -0.3256
vn 0.3856 -0.8581 -0.3392
vn 0.0065 -0.9993 0.0361
vn 0.0092 -0.8873 -0.4612
vn 0.0039 -0.9524 0.3049
vn 0.0056 -0.9352 0.3540
vn -0.2433 -0.9269 0.2857
vn -0.2576 -0.9091 0.3273
vn -0.2748 -0.9610 0.0309
vn -0.3918 -0.8583 -0.3313
vn -0.4149 -0.8748 0.2502
vn -0.4458 -0.8447 0.2960
vn -0.4302 -0.9024 0.0251
vn -0.5274 -0.7847 -0.3257
vn -0.4778 -0.6119 -0.6304
vn -0.0000 -0.5669 -0.8238
vn 0.6151 0.0106 -0.7884
vn 0.6738 -0.4198 -0.6081
vn 0.5367 -0.1806 -0.8242
vn 0.5583 -0.5175 -0.6485
vn -0.0000 -0.7285 -0.6850
vn -0.0000 -0.4579 -0.8890
vn -0.0000 -0.8218 -0.5698
vn 0.5103 -0.6753 -0.5325
vn 0.6333 -0.5766 -0.5161
vn 0.4920 -0.8100 -0.3192
vn -0.0000 -0.9499 -0.3126
vn 0.6374 -0.6889 -0.3452
vn 0.0013 -0.9977 -0.0678
vn 0.4617 -0.8807 -0.1057
vn 0.6694 -0.7354 -0.1058
vn 0.0015 -1.0000 0.0019
vn 0.5850 -0.8107 -0.0246
vn 0.3829 -0.9238 -0.0024
vn 0.5366 -0.1805 -0.8243
vn 0.6786 0.2846 -0.6771
vn 0.6773 0.0847 -0.7308
vn -0.0000 -0.1319 -0.9913
vn -0.0027 0.4031 -0.9151
vn 0.7458 0.4126 -0.5231
vn 0.6840 0.3848 -0.6197
vn -0.0135 0.7075 -0.7065
vn 0.6346 0.5592 -0.5335
vn 0.7339 0.4840 -0.4766
vn 0.0062 0.7358 -0.6772
vn 0.6177 0.5234 -0.5870
vn 0.0296 0.4490 -0.8930
vn 0.7318 0.3863 -0.5615
vn 0.6569 0.1865 -0.7306
vn 0.7528 0.0748 -0.6540
vn 0.6781 -0.2751 -0.6815
vn -0.0000 -1.0000 -0.0024
vn -0.0015 -1.0000 -0.0024
vn -0.1299 -0.9915 -0.0003
vn -0.1331 -0.9911 -0.0002
vn -1.0000 -0.0002 -0.0001
vn -0.9999 -0.0105 0.0001
vn -1.0000 -0.0047 -0.0025
vn -0.9997 -0.0251 0.0031
vn -1.0000 -0.0007 -0.0029
vn -1.0000 0.0020 -0.0014
vn -0.9994 0.0343 0.0038
vn -1.0000 0.0002 -0.0000
vn -1.0000 -0.0008 -0.0000
vn -0.5900 -0.5706 -0.5713
vn -0.5274 -0.7847 -0.3258
vn -0.4778 -0.6118 -0.6304
vn -0.5594 -0.2339 -0.7952
vn -0.0000 -0.0942 -0.9956
vn -0.6781 -0.2752 -0.6815
vn -0.6485 0.2177 -0.7294
vn -0.7679 0.0907 -0.6341
vn -0.6264 0.5074 -0.5917
vn -0.6294 0.5541 -0.5448
vn -0.7674 0.3487 -0.5380
vn -0.0135 0.7075 -0.7066
vn -0.7494 0.4617 -0.4747
vn -0.0027 0.4031 -0.9152
vn -0.7458 0.4126 -0.5231
vn -0.6665 0.4080 -0.6239
vn -0.6773 0.0847 -0.7308
vn -0.6786 0.2846 -0.6772
vn -0.5364 -0.1805 -0.8244
vn -0.6150 0.0106 -0.7884
vn -0.0000 -0.7285 -0.6851
vn -0.6738 -0.4199 -0.6079
vn -0.5581 -0.5176 -0.6485
vn 0.0001 -0.0942 -0.9956
vn 0.4778 -0.6116 -0.6306
vn 0.5594 -0.2339 -0.7952
vn 0.6568 0.1864 -0.7306
vn 0.5900 -0.5706 -0.5713
vn 0.5274 -0.7847 -0.3257
vn 0.0092 -0.8872 -0.4613
vn -0.5582 -0.5176 -0.6485
vn -0.5103 -0.6755 -0.5322
vn -0.4949 -0.8095 -0.3159
vn -0.6738 -0.4200 -0.6079
vn -0.6333 -0.5766 -0.5162
vn -0.6339 -0.6945 -0.3404
vn -0.6465 -0.7582 -0.0842
vn -0.4753 -0.8746 -0.0956
vn -0.3964 -0.9179 -0.0207
vn 0.0014 -1.0000 0.0019
vn -0.5038 -0.8580 -0.0997
vn -0.3652 -0.9241 0.1126
vn -0.4013 -0.8782 0.2602
vn -0.2935 -0.9517 0.0899
vn -0.3096 -0.9292 0.2017
vn -0.0000 -0.9980 0.0636
vn -0.3641 -0.6983 0.6163
vn -0.4861 -0.6168 0.6190
vn -0.5161 -0.5947 0.6164
vn -0.0000 -0.9813 0.1923
vn 0.3158 -0.9257 0.2084
vn 0.2965 -0.9513 0.0845
vn 0.3412 -0.9347 0.0992
vn 0.4068 -0.8722 0.2717
vn 0.4918 -0.6167 0.6147
vn -0.0000 -0.7269 0.6867
vn -0.0000 -0.7173 0.6968
vn 0.3597 -0.7018 0.6149
vn 0.3748 -0.6230 0.6866
vn 0.5223 -0.5877 0.6179
vn 0.5246 -0.5000 0.6890
vn 0.3843 -0.5688 0.7271
vn 0.3826 -0.4964 0.7792
vn 0.5554 -0.4809 0.6784
vn 0.5008 -0.5148 0.6958
vn -0.3779 -0.6234 0.6845
vn -0.3878 -0.5640 0.7290
vn -0.5196 -0.4973 0.6948
vn -0.0000 -0.5752 0.8180
vn -0.3855 -0.4924 0.7804
vn -0.5554 -0.4809 0.6784
vn -0.5008 -0.5148 0.6958
vn 0.0028 -0.5288 0.8487
vn -0.3929 -0.5218 0.7572
vn -0.5743 -0.2103 0.7912
vn -0.4440 -0.1891 0.8759
vn -0.0000 -0.1529 0.9882
vn 0.0028 -0.4586 0.8886
vn 0.3895 -0.5200 0.7602
vn 0.4440 -0.1891 0.8759
vn 0.5743 -0.2103 0.7912
vn -0.7071 -0.7071 -0.0000
vn -0.9239 -0.3827 -0.0000
vn -0.9239 0.3827 -0.0000
vn -0.9239 0.3826 -0.0000
vn -0.7071 0.7071 -0.0000
vn -0.3827 -0.9239 -0.0000
vn -0.0001 -1.0000 -0.0000
vn 0.3827 -0.9239 -0.0000
vn 0.0001 -1.0000 -0.0000
vn 0.7071 -0.7071 -0.0000
vn 0.9239 -0.3827 -0.0000
vn 0.9239 0.3827 -0.0000
vn 0.7071 0.7071 -0.0000
vn 0.3826 0.9239 -0.0000
vn -0.3827 0.9239 -0.0000
vn -0.3826 -0.9239 -0.0000
vn 0.3827 0.9239 -0.0000
vn 0.7071 0.7072 -0.0000
vn 0.7071 -0.7071 0.0001
vn -0.0001 -0.0000 1.0000
vn -0.7071 -0.7071 0.0001
vn 0.9239 -0.3826 -0.0000
vn 1.0000 -0.0004 0.0066
vn 0.9238 -0.3829 0.0056
vn 1.0000 0.0003 0.0066
vn 0.9240 -0.3824 0.0056
vn 0.7073 -0.7069 0.0048
vn 0.7069 -0.7073 0.0048
vn 0.3828 -0.9238 0.0042
vn 0.3826 -0.9239 0.0042
vn -0.0000 -1.0000 0.0040
vn -0.3826 -0.9239 0.0042
vn -0.3828 -0.9238 0.0042
vn -0.7069 -0.7073 0.0048
vn -0.7073 -0.7069 0.0048
vn -0.9240 -0.3824 0.0056
vn -0.9238 -0.3829 0.0056
vn -1.0000 0.0003 0.0066
vn -1.0000 -0.0004 0.0066
vn -1.0000 -0.0003 0.0066
vn -0.9240 0.3824 0.0076
vn -1.0000 0.0004 0.0066
vn -0.9237 0.3829 0.0076
vn -0.7071 0.7070 0.0085
vn -0.7072 0.7070 0.0085
vn -0.3826 0.9239 0.0091
vn -0.3828 0.9238 0.0091
vn -0.3825 0.9239 0.0091
vn -0.7070 0.7071 0.0085
vn -0.0000 1.0000 0.0093
vn 0.3825 0.9239 0.0091
vn 0.3828 0.9238 0.0091
vn 0.7070 0.7071 0.0085
vn 0.7073 0.7069 0.0085
vn 0.3826 0.9239 0.0091
vn 0.7071 0.7070 0.0085
vn 0.9240 0.3824 0.0076
vn 0.9237 0.3829 0.0076
vn 1.0000 0.0004 0.0066
vn 1.0000 -0.0003 0.0066
vn 0.9125 -0.0001 -0.4091
vn 0.8430 -0.3492 -0.4092
vn 0.8428 -0.3492 -0.4095
vn 0.6452 -0.6452 -0.4091
vn 0.6452 -0.6452 -0.4092
vn 0.3492 -0.8430 -0.4092
vn -0.0000 -0.9125 -0.4091
vn 0.8430 0.3491 -0.4093
vn 0.9125 -0.0000 -0.4091
vn 0.8430 0.3492 -0.4093
vn 0.8429 0.3492 -0.4093
vn 0.6452 0.6452 -0.4092
vn 0.3492 0.8430 -0.4092
vn -0.3492 0.8430 -0.4093
vn -0.3491 0.8430 -0.4093
vn -0.3492 0.8429 -0.4093
vn -0.6452 0.6452 -0.4092
vn -0.6452 0.6452 -0.4091
vn -0.8430 0.3492 -0.4092
vn -0.8430 0.3492 -0.4091
vn -0.9125 -0.0000 -0.4091
vn -0.9125 0.0001 -0.4091
vn -0.8430 -0.3492 -0.4093
vn -0.9125 -0.0001 -0.4091
vn -0.8429 -0.3492 -0.4093
vn -0.6452 -0.6451 -0.4093
vn -0.6452 -0.6452 -0.4093
vn -0.3492 -0.8430 -0.4092
vn -0.6451 -0.6452 -0.4093
vn 0.8315 -0.5556 -0.0000
vn 0.8553 0.5181 -0.0000
vn 0.8315 0.5556 -0.0000
vn 0.8635 0.5043 -0.0000
vn 0.9321 0.3622 -0.0000
vn 0.9413 0.3375 -0.0000
vn 0.9771 0.2129 -0.0000
vn -0.9238 -0.3828 -0.0000
vn -1.0000 0.0001 -0.0000
vn -0.8553 0.5181 -0.0000
vn -0.8315 0.5556 -0.0000
vn -0.8636 0.5043 -0.0000
vn -0.9413 0.3375 -0.0000
vn -0.9321 0.3622 -0.0000
vn -0.9771 0.2129 -0.0000
vn -0.8315 -0.5556 -0.0000
vn -0.5556 -0.8315 -0.0000
vn 0.5556 -0.8315 -0.0000
vn 0.5556 0.8315 -0.0000
vn -0.5556 0.8315 -0.0000
vn -0.0915 0.1780 0.9798
vn -0.0122 0.3949 0.9186
vn -0.1218 0.1824 0.9757
vn 0.0114 0.1882 0.9821
vn 0.0871 0.1827 0.9793
vn 0.0106 0.3907 0.9205
vn 0.1218 0.1824 0.9757
vn -0.0000 0.6735 0.7392
vn 0.0468 0.3340 -0.9414
vn -0.0468 0.3340 -0.9414
vn -0.0000 0.3028 -0.9531
vn 0.1506 0.3025 -0.9412
vn 0.0677 0.1013 -0.9925
vn -0.1505 0.3025 -0.9412
vn -0.0677 0.1013 -0.9925
vn -0.7071 -0.7071 -0.0001
vn 0.3829 0.9238 -0.0000
vn -0.3830 0.9237 -0.0000
vn -0.3831 -0.9237 -0.0000
vn -0.7071 -0.7072 -0.0000
vn -0.3830 -0.9237 -0.0000
vn -0.7072 -0.7071 -0.0000
vn -0.7072 0.7071 -0.0000
vn -0.7071 0.7071 0.0001
vn -0.0001 -1.0000 -0.0001
vn 0.7072 -0.7071 -0.0000
vn 0.9237 0.3830 -0.0000
vn 0.8314 0.5556 -0.0000
vn 0.5555 -0.8315 -0.0000
vn 0.1951 -0.9808 -0.0000
vn -0.1951 -0.9808 -0.0000
vn -0.9238 0.3828 0.0001
vn 0.3830 0.9237 -0.0000
vn 0.6496 -0.0000 0.7602
vn 0.4939 -0.0000 0.8695
vn -0.4938 -0.0000 0.8696
vn 0.0109 -0.0000 0.9999
vn -0.0109 -0.0000 0.9999
vn -0.4939 -0.0000 0.8695
vn -0.6494 -0.0000 0.7605
vn -0.6496 -0.0000 0.7602
vn 0.7071 -0.7071 -0.0001
vn 0.3828 0.9239 -0.0000
vn -0.3831 0.9237 -0.0000
vn 0.5278 0.5278 -0.6654
vn 0.6895 0.2857 -0.6656
vn 0.2857 0.6895 -0.6656
vn -0.0000 -0.7463 -0.6656
vn -0.0000 0.7463 -0.6656
vn 0.7463 -0.0000 -0.6656
vn 0.6895 -0.2857 -0.6656
vn 0.5278 -0.5278 -0.6654
vn 0.2856 -0.6895 -0.6656
vn -0.2856 0.6895 -0.6656
vn -0.2857 -0.6895 -0.6656
vn -0.6895 0.2857 -0.6655
vn -0.5278 0.5278 -0.6654
vn -0.7463 -0.0000 -0.6656
vn -0.5278 -0.5278 -0.6655
vn -0.6895 -0.2857 -0.6656
vn -0.7462 -0.0000 -0.6657
vn -0.6895 0.2856 -0.6656
vn -0.2856 -0.6895 -0.6656
vn -0.0000 -0.7462 -0.6657
vn 0.5278 -0.5278 -0.6655
vn 0.9237 -0.3830 -0.0000
vn 0.6895 -0.2856 -0.6656
vn 0.7462 -0.0000 -0.6657
vn 0.5278 0.5278 -0.6655
vn 0.2857 0.6894 -0.6656
vn -0.0000 0.7462 -0.6657
vn -0.5278 0.5278 -0.6655
vn 0.0001 -1.0000 0.0001
vn 0.7071 -0.7072 -0.0000
vn -0.9239 -0.3826 -0.0000
vn 0.9237 -0.3831 -0.0000
vn 0.3829 0.9238 -0.0001
vn 0.3826 0.9239 -0.0001
vn 0.9472 0.3207 -0.0000
vn -0.0000 1.0000 -0.0001
vn 0.9472 0.3208 -0.0000
vn 0.3827 0.9239 0.0002
vn 0.3826 0.9239 0.0002
vn -0.0000 1.0000 0.0001
vn 0.9471 0.3208 -0.0000
vn -0.3826 0.9239 -0.0000
vn -0.3825 0.9239 -0.0000
vn -0.3827 0.9239 0.0002
vn 0.3830 -0.9237 -0.0000
vn 0.3831 -0.9237 -0.0000
vn 0.2903 0.9569 -0.0000
vn 0.3831 0.9237 -0.0000
vn -0.0002 -0.0000 1.0000
vn -0.2902 0.9570 -0.0000
vn -0.9472 0.3207 -0.0000
vn -0.3825 -0.9239 -0.0000
vn -0.2903 0.9569 -0.0000
vn 0.8424 -0.5045 0.1895
vn 0.5367 -0.8106 0.2341
vn 0.5678 -0.7899 0.2314
vn 0.8519 -0.4891 0.1872
vn 0.9599 -0.2537 0.1194
vn 0.9563 -0.2646 0.1241
vn 0.9916 -0.1161 0.0572
vn 0.9926 -0.1090 0.0529
vn 0.9995 -0.0284 0.0169
vn 0.9999 -0.0096 0.0098
vn 0.9919 0.1234 -0.0305
vn 0.9897 0.1387 -0.0343
vn 0.9411 0.3223 -0.1021
vn 0.8803 0.4572 -0.1267
vn 0.6205 0.7620 -0.1852
vn 0.8199 0.5586 -0.1254
vn 0.4857 0.8533 -0.1896
vn 0.5367 -0.8107 0.2341
vn 0.1910 -0.9491 0.2504
vn 0.5678 -0.7900 0.2314
vn 0.1890 -0.9494 0.2507
vn -0.0000 -0.9668 0.2556
vn -0.5678 -0.7899 0.2314
vn -0.5367 -0.8106 0.2342
vn -0.8424 -0.5045 0.1895
vn -0.8519 -0.4891 0.1872
vn -0.9599 -0.2537 0.1194
vn -0.9563 -0.2646 0.1241
vn -0.9916 -0.1161 0.0572
vn -0.9926 -0.1090 0.0529
vn -0.9995 -0.0284 0.0169
vn -0.9999 -0.0096 0.0098
vn -0.9919 0.1234 -0.0305
vn -0.9897 0.1387 -0.0343
vn -0.9411 0.3223 -0.1022
vn -0.8764 0.4648 -0.1260
vn -0.6157 0.7660 -0.1849
vn -0.8090 0.5747 -0.1234
vn -0.4744 0.8594 -0.1906
vn -0.5367 -0.8107 0.2341
vn -0.5678 -0.7900 0.2314
vn -0.1910 -0.9491 0.2504
vn -0.1890 -0.9494 0.2507
vn -0.0009 -0.4675 -0.8840
vn 0.0023 -0.3891 -0.9212
vn -0.0262 -0.4934 -0.8694
vn 0.0004 -0.4632 -0.8863
vn 0.0033 -0.3853 -0.9228
vn -0.0000 -0.4979 -0.8672
vn -0.0000 -0.3743 -0.9273
vn -0.0000 -0.2651 -0.9642
vn -0.0000 -0.1527 -0.9883
vn -0.0000 0.0089 -1.0000
vn 0.0069 0.1150 -0.9933
vn -0.0044 0.1252 -0.9921
vn -0.0004 0.1791 -0.9838
vn -0.0117 0.1892 -0.9819
vn 0.0651 0.1192 -0.9907
vn -0.1743 -0.2063 0.9628
vn 0.0036 -0.2085 0.9780
vn -0.0040 -0.2084 0.9780
vn 0.1758 -0.2043 0.9630
vn 0.4857 0.8533 -0.1895
vn 0.6205 0.7621 -0.1851
vn 0.0040 0.9761 -0.2174
vn 0.0033 0.9761 -0.2174
vn -0.6156 0.7660 -0.1849
vn -0.0114 -0.9740 0.2262
vn 0.0002 -0.9741 0.2262
vn 0.0119 -0.9740 0.2262
vn 0.0118 -0.9740 0.2262
vn 0.0988 -0.1916 -0.9765
vn 0.2635 -0.2314 -0.9365
vn 0.1601 -0.2087 -0.9648
vn 0.3664 -0.2526 -0.8955
vn -0.0000 -0.1745 -0.9847
vn 0.3778 -0.0344 -0.9253
vn 0.5429 -0.0847 -0.8355
vn 0.5527 0.3764 -0.7436
vn -0.0000 -0.1493 -0.9888
vn 0.4204 0.4043 -0.8123
vn 0.4593 0.6529 -0.6023
vn -0.1758 -0.2282 -0.9576
vn -0.0988 -0.1916 -0.9765
vn -0.2635 -0.2314 -0.9365
vn -0.3260 -0.3012 -0.8961
vn -0.5173 -0.0507 -0.8543
vn 0.0011 0.0561 -0.9984
vn -0.3945 -0.0090 -0.9189
vn -0.4304 0.3897 -0.8142
vn -0.5406 0.3652 -0.7579
vn 0.0013 0.3893 -0.9211
vn -0.3294 0.6958 -0.6383
vn -0.4302 0.6793 -0.5946
vn -0.0016 0.7201 -0.6939
vn -0.3307 0.6745 -0.6600
vn -0.4440 0.6513 -0.6153
vn -0.4898 0.5479 -0.6782
vn 0.3258 0.6929 -0.6432
vn 0.3309 0.6719 -0.6626
vn 0.4440 0.6513 -0.6153
vn 0.4898 0.5479 -0.6782
vn 0.0018 0.7121 -0.7021
vn 0.3726 0.5606 -0.7395
vn 0.0132 0.5808 -0.8139
vn -0.3816 0.5629 -0.7331
vn -0.3546 0.4554 -0.8166
vn -0.4645 0.4856 -0.7406
vn 0.3424 0.4782 -0.8088
vn 0.4703 0.4915 -0.7329
vn 0.4726 0.3425 -0.8120
vn -0.0025 0.4422 -0.8969
vn 0.3181 0.3262 -0.8902
vn 0.4374 0.0054 -0.8992
vn -0.3210 0.3305 -0.8875
vn -0.4503 0.3440 -0.8239
vn -0.0068 0.2964 -0.9550
vn 0.2633 0.0008 -0.9647
vn -0.2810 0.0224 -0.9594
vn -0.3450 -0.3957 -0.8511
vn 0.0131 -0.3823 -0.9239
vn 0.0140 -0.0094 -0.9999
vn -0.0000 -0.0272 0.9996
vn -0.0000 -0.0780 0.9970
vn -0.0000 -0.0229 0.9997
vn -0.0000 0.1418 0.9899
vn -0.0000 0.1401 0.9901
vn -0.0000 0.2691 0.9631
vn -0.0000 0.2698 0.9629
vn -0.0000 0.3609 0.9326
vn -0.0000 0.3794 0.9252
vn -0.0000 0.4589 0.8885
vn -0.0000 0.4507 0.8927
vn 0.0004 0.4234 0.9060
vn -0.0004 0.4236 0.9058
vn -0.0002 0.4073 0.9133
vn 0.0034 0.3857 0.9226
vn -0.0035 0.3860 0.9225
vn 0.0002 0.3858 0.9226
vn 1.0000 -0.0009 0.0006
vn 1.0000 -0.0008 -0.0005
vn 0.9931 0.0957 -0.0673
vn 0.9770 0.0400 -0.2094
vn 1.0000 -0.0001 0.0003
vn 0.9933 0.0944 0.0666
vn 0.9804 0.0490 0.1908
vn 1.0000 -0.0001 -0.0003
vn 0.9673 0.2255 0.1159
vn 0.9685 0.2246 -0.1075
vn 0.9531 0.0182 -0.3021
vn 0.9521 0.0352 0.3038
vn 0.9816 -0.0958 0.1653
vn 0.9443 -0.1190 0.3068
vn 0.9461 -0.1170 -0.3022
vn 0.9800 -0.0969 -0.1737
vn 0.9884 -0.1374 -0.0646
vn 0.9658 -0.2430 -0.0906
vn 0.9879 -0.1418 0.0630
vn 0.9664 -0.2435 0.0822
vn -1.0000 -0.0009 0.0006
vn -0.9937 0.0905 -0.0665
vn -1.0000 -0.0008 -0.0005
vn -0.9796 0.0437 -0.1959
vn -1.0000 -0.0001 0.0003
vn -0.9933 0.0944 0.0666
vn -0.9673 0.2255 0.1159
vn -0.9803 0.0498 0.1910
vn -0.9672 0.2226 -0.1225
vn -0.9517 0.0254 -0.3060
vn -0.9801 -0.0962 -0.1735
vn -0.9528 0.0377 0.3011
vn -0.9815 -0.0968 0.1653
vn -1.0000 -0.0003 -0.0002
vn -0.9879 -0.1418 0.0630
vn -0.9455 -0.1155 -0.3044
vn -0.9451 -0.1211 0.3036
vn -0.9884 -0.1374 -0.0646
vn -0.9658 -0.2430 -0.0906
vn -0.9664 -0.2435 0.0822
vt 0.010002 0.519531
vt 0.018997 0.521973
vt 0.012901 0.532227
vt 0.137695 0.401611
vt 0.145142 0.403565
vt 0.138550 0.406494
vt 0.721191 0.611328
vt 0.721680 0.613769
vt 0.714356 0.612793
vt 0.715332 0.616211
vt 0.720703 0.609863
vt 0.714356 0.610840
vt 0.709473 0.614746
vt 0.709473 0.617676
vt 0.315918 0.699707
vt 0.318848 0.698242
vt 0.315430 0.700195
vt 0.315918 0.686523
vt 0.315430 0.685547
vt 0.318848 0.687988
vt 0.684570 0.810059
vt 0.682617 0.810059
vt 0.684570 0.808594
vt 0.824707 0.260254
vt 0.827637 0.260254
vt 0.823242 0.262940
vt 0.353027 0.482910
vt 0.354492 0.485596
vt 0.349853 0.482910
vt 0.759277 0.923828
vt 0.756836 0.931152
vt 0.742188 0.923828
vt 0.773438 0.923828
vt 0.770019 0.931152
vt 0.756348 0.940918
vt 0.790039 0.930664
vt 0.789062 0.923340
vt 0.808594 0.923340
vt 0.768555 0.940918
vt 0.793945 0.940918
vt 0.770019 0.950684
vt 0.756836 0.950684
vt 0.809570 0.931641
vt 0.759277 0.958496
vt 0.742188 0.958008
vt 0.773438 0.958008
vt 0.790039 0.951172
vt 0.789062 0.958984
vt 0.817383 0.930664
vt 0.812012 0.923340
vt 0.810059 0.940918
vt 0.820312 0.940918
vt 0.817383 0.951172
vt 0.809570 0.950684
vt 0.808594 0.958496
vt 0.812012 0.958984
vt 0.700684 0.233154
vt 0.698731 0.230469
vt 0.703125 0.230225
vt 0.696777 0.211914
vt 0.700195 0.196899
vt 0.705566 0.226318
vt 0.706543 0.185791
vt 0.713867 0.223755
vt 0.718750 0.175293
vt 0.726562 0.225586
vt 0.730957 0.174072
vt 0.738769 0.234985
vt 0.752441 0.226196
vt 0.739258 0.174927
vt 0.760254 0.223023
vt 0.748047 0.177002
vt 0.765625 0.182373
vt 0.778809 0.231445
vt 0.797852 0.248657
vt 0.777832 0.188721
vt 0.805176 0.259522
vt 0.786133 0.192261
vt 0.798828 0.188599
vt 0.824707 0.248657
vt 0.809570 0.178833
vt 0.836914 0.241211
vt 0.815918 0.173096
vt 0.836426 0.227783
vt 0.836914 0.221191
vt 0.344238 0.346680
vt 0.357422 0.346191
vt 0.343262 0.353272
vt 0.356690 0.353027
vt 0.358398 0.362549
vt 0.344727 0.362549
vt 0.343262 0.371582
vt 0.380615 0.352539
vt 0.382080 0.344727
vt 0.356690 0.372070
vt 0.344238 0.378418
vt 0.357422 0.378906
vt 0.382080 0.380127
vt 0.380615 0.372559
vt 0.400147 0.351074
vt 0.401611 0.342041
vt 0.379639 0.362549
vt 0.399414 0.362549
vt 0.400147 0.373779
vt 0.401611 0.382812
vt 0.409424 0.381103
vt 0.408447 0.352295
vt 0.409424 0.343750
vt 0.424316 0.354492
vt 0.425293 0.346924
vt 0.439209 0.343506
vt 0.407959 0.362549
vt 0.408447 0.372803
vt 0.425293 0.377930
vt 0.423340 0.362549
vt 0.439941 0.351807
vt 0.450928 0.341553
vt 0.450684 0.351074
vt 0.440918 0.362549
vt 0.424316 0.370605
vt 0.439941 0.373291
vt 0.439209 0.381592
vt 0.450684 0.373779
vt 0.450928 0.383545
vt 0.449707 0.362549
vt 0.459473 0.351074
vt 0.459473 0.374023
vt 0.459473 0.383789
vt 0.464600 0.373047
vt 0.463379 0.382080
vt 0.466797 0.380859
vt 0.469482 0.372559
vt 0.470459 0.362549
vt 0.458496 0.362549
vt 0.465576 0.362549
vt 0.469482 0.352295
vt 0.464600 0.352051
vt 0.463379 0.342773
vt 0.459473 0.341309
vt 0.466797 0.344238
vt 0.754394 0.672363
vt 0.757324 0.669922
vt 0.756836 0.674316
vt 0.775391 0.676758
vt 0.790527 0.673340
vt 0.761231 0.667969
vt 0.801758 0.666504
vt 0.763672 0.659180
vt 0.761719 0.646484
vt 0.812012 0.654785
vt 0.752441 0.634277
vt 0.813477 0.642578
vt 0.812500 0.633789
vt 0.761231 0.620606
vt 0.810547 0.625488
vt 0.764160 0.612793
vt 0.805176 0.607910
vt 0.755859 0.594238
vt 0.798828 0.595215
vt 0.738769 0.575195
vt 0.728027 0.567871
vt 0.794922 0.587402
vt 0.798828 0.574219
vt 0.738769 0.548340
vt 0.808594 0.563965
vt 0.746094 0.536621
vt 0.759766 0.537109
vt 0.814453 0.557129
vt 0.766113 0.536133
vt 0.059998 0.472900
vt 0.047913 0.470215
vt 0.061096 0.468018
vt 0.043610 0.462891
vt 0.061798 0.465332
vt 0.066101 0.467285
vt 0.066284 0.466309
vt 0.069702 0.469971
vt 0.072083 0.467529
vt 0.070923 0.473145
vt 0.069092 0.472656
vt 0.073181 0.460693
vt 0.067627 0.459228
vt 0.083618 0.416504
vt 0.055786 0.409912
vt 0.045502 0.453857
vt 0.044098 0.460693
vt 0.036102 0.451904
vt 0.046600 0.407715
vt 0.039215 0.405762
vt 0.028595 0.449707
vt 0.027695 0.454102
vt 0.035095 0.457275
vt 0.026993 0.456055
vt 0.034393 0.459228
vt 0.042206 0.468018
vt 0.031311 0.464600
vt 0.022400 0.461914
vt 0.010696 0.517090
vt 0.030502 0.521973
vt 0.036407 0.522461
vt 0.036011 0.525391
vt 0.019608 0.519043
vt 0.029999 0.524414
vt 0.020493 0.531250
vt 0.013603 0.578613
vt 0.029800 0.531738
vt 0.035797 0.532227
vt 0.051392 0.578613
vt 0.013100 0.673828
vt 0.048187 0.529297
vt 0.048309 0.525391
vt 0.051514 0.684082
vt 0.013100 0.684082
vt 0.013100 0.692871
vt 0.051392 0.838379
vt 0.013100 0.838379
vt 0.598633 0.183960
vt 0.587891 0.183960
vt 0.598633 0.145752
vt 0.587891 0.145752
vt 0.581543 0.183960
vt 0.581543 0.145752
vt 0.575684 0.183960
vt 0.575684 0.145752
vt 0.570801 0.183960
vt 0.570801 0.145752
vt 0.566406 0.145752
vt 0.566406 0.183960
vt 0.759766 0.456055
vt 0.760742 0.460693
vt 0.755859 0.451660
vt 0.755859 0.469971
vt 0.759766 0.465576
vt 0.750000 0.449219
vt 0.750000 0.472412
vt 0.604004 0.460693
vt 0.602539 0.457520
vt 0.748047 0.438477
vt 0.602539 0.464111
vt 0.748047 0.482910
vt 0.602539 0.438477
vt 0.600586 0.454590
vt 0.597656 0.452393
vt 0.602539 0.482910
vt 0.600586 0.467041
vt 0.597656 0.468994
vt 0.593750 0.438477
vt 0.594727 0.451904
vt 0.591309 0.452393
vt 0.593750 0.482910
vt 0.594727 0.469727
vt 0.591309 0.468994
vt 0.583984 0.438477
vt 0.583984 0.482910
vt 0.588379 0.454346
vt 0.586426 0.457275
vt 0.488770 0.457275
vt 0.488525 0.438477
vt 0.588379 0.467041
vt 0.586426 0.464111
vt 0.441895 0.457520
vt 0.441895 0.438477
vt 0.435059 0.450195
vt 0.435059 0.457520
vt 0.432129 0.450195
vt 0.433105 0.458008
vt 0.488770 0.464111
vt 0.375977 0.449951
vt 0.488525 0.482910
vt 0.432129 0.460693
vt 0.447510 0.478760
vt 0.448730 0.482910
vt 0.441895 0.474609
vt 0.441895 0.464111
vt 0.435059 0.473633
vt 0.435059 0.464111
vt 0.432129 0.473633
vt 0.433105 0.463379
vt 0.375977 0.474121
vt 0.370605 0.473633
vt 0.371094 0.444092
vt 0.368164 0.472900
vt 0.368897 0.444092
vt 0.364502 0.444580
vt 0.365967 0.473145
vt 0.319336 0.447022
vt 0.319336 0.472412
vt 0.364502 0.473633
vt 0.313965 0.285400
vt 0.157715 0.296143
vt 0.159668 0.285400
vt 0.157715 0.319092
vt 0.151733 0.298584
vt 0.313965 0.329834
vt 0.159668 0.329834
vt 0.419190 0.329834
vt 0.419190 0.285400
vt 0.151733 0.316895
vt 0.147217 0.307617
vt 0.148071 0.302978
vt 0.148071 0.312500
vt 0.018707 0.854492
vt 0.022003 0.854492
vt 0.018204 0.859375
vt 0.022003 0.859863
vt 0.013199 0.908203
vt 0.022003 0.908203
vt 0.014603 0.860840
vt 0.010002 0.858398
vt 0.210815 0.425049
vt 0.210815 0.412842
vt 0.214600 0.425049
vt 0.217651 0.412842
vt 0.264404 0.428467
vt 0.216919 0.429688
vt 0.215210 0.433350
vt 0.217773 0.403809
vt 0.210938 0.403809
vt 0.208008 0.403809
vt 0.208130 0.412842
vt 0.153931 0.412842
vt 0.222900 0.399414
vt 0.152344 0.403809
vt 0.264404 0.390137
vt 0.224731 0.389893
vt 0.359863 0.390381
vt 0.148438 0.412842
vt 0.147217 0.403809
vt 0.369629 0.428711
vt 0.369873 0.390381
vt 0.378662 0.390381
vt 0.523926 0.429443
vt 0.524414 0.391113
vt 0.149414 0.425049
vt 0.154175 0.425049
vt 0.145508 0.406738
vt 0.146484 0.425293
vt 0.147949 0.429688
vt 0.146118 0.412842
vt 0.138794 0.412598
vt 0.093201 0.412353
vt 0.139282 0.425293
vt 0.091614 0.403809
vt 0.135864 0.395020
vt 0.134399 0.388184
vt 0.089783 0.396484
vt 0.094482 0.439209
vt 0.139404 0.429932
vt 0.139526 0.435791
vt 0.146729 0.429932
vt 0.146851 0.435791
vt 0.149658 0.433838
vt 0.152588 0.435547
vt 0.152466 0.433838
vt 0.542969 0.183960
vt 0.542969 0.145752
vt 0.554199 0.183960
vt 0.554199 0.145752
vt 0.560547 0.183960
vt 0.560547 0.145752
vt 0.821777 0.623535
vt 0.821777 0.621094
vt 0.866211 0.623535
vt 0.866211 0.621094
vt 0.866211 0.566894
vt 0.821777 0.566894
vt 0.565430 0.539062
vt 0.565430 0.551269
vt 0.520996 0.539062
vt 0.520996 0.551269
vt 0.823731 0.388184
vt 0.823731 0.382568
vt 0.868164 0.388184
vt 0.868164 0.382568
vt 0.863769 0.376709
vt 0.827148 0.376709
vt 0.829590 0.331299
vt 0.862793 0.331299
vt 0.249512 0.024002
vt 0.249512 0.027298
vt 0.205078 0.024002
vt 0.205078 0.027298
vt 0.981934 0.990234
vt 0.973144 0.990234
vt 0.981934 0.945312
vt 0.973144 0.945312
vt 0.762695 0.103821
vt 0.811035 0.103821
vt 0.762695 0.148315
vt 0.811035 0.148315
vt 0.816406 0.103821
vt 0.816406 0.148315
vt 0.554688 0.959961
vt 0.542481 0.959961
vt 0.554688 0.915527
vt 0.542481 0.915527
vt 0.210815 0.433838
vt 0.210815 0.437012
vt 0.216064 0.437012
vt 0.264160 0.437256
vt 0.073914 0.490967
vt 0.075684 0.490967
vt 0.073914 0.535644
vt 0.075684 0.535644
vt 0.842285 0.537109
vt 0.842285 0.541016
vt 0.797852 0.537109
vt 0.797852 0.541016
vt 0.961914 0.327393
vt 0.957519 0.327393
vt 0.961914 0.282959
vt 0.957519 0.282959
vt 0.967773 0.175659
vt 0.963867 0.175659
vt 0.967773 0.131226
vt 0.963867 0.131226
vt 0.958984 0.175659
vt 0.958984 0.131226
vt 0.732422 0.666504
vt 0.729492 0.666504
vt 0.732422 0.622070
vt 0.729492 0.622070
vt 0.199585 0.033997
vt 0.199585 0.038788
vt 0.155151 0.033997
vt 0.155151 0.038788
vt 0.972168 0.528809
vt 0.967285 0.528809
vt 0.972168 0.484619
vt 0.967285 0.484619
vt 0.962402 0.528809
vt 0.962402 0.484619
vt 0.708984 0.692383
vt 0.705078 0.696777
vt 0.706543 0.688965
vt 0.701172 0.689941
vt 0.705566 0.682617
vt 0.700195 0.682617
vt 0.705566 0.679688
vt 0.700195 0.679688
vt 0.709473 0.681641
vt 0.709473 0.688477
vt 0.709961 0.678711
vt 0.705566 0.623535
vt 0.709473 0.624023
vt 0.699707 0.623535
vt 0.709473 0.620606
vt 0.705566 0.619629
vt 0.700195 0.618164
vt 0.705566 0.617676
vt 0.700195 0.616211
vt 0.707519 0.612305
vt 0.903320 0.612793
vt 0.877930 0.612793
vt 0.903809 0.604981
vt 0.875977 0.604981
vt 0.904297 0.595703
vt 0.873535 0.595703
vt 0.873535 0.567383
vt 0.906250 0.567383
vt 0.714844 0.688965
vt 0.713379 0.695801
vt 0.714356 0.702637
vt 0.716797 0.698731
vt 0.719727 0.691406
vt 0.721680 0.683594
vt 0.715332 0.682129
vt 0.721680 0.680176
vt 0.714844 0.679199
vt 0.715332 0.623535
vt 0.722656 0.622559
vt 0.715332 0.619141
vt 0.722168 0.616699
vt 0.059906 0.659668
vt 0.062408 0.659668
vt 0.059906 0.662109
vt 0.062408 0.662109
vt 0.059998 0.668945
vt 0.062500 0.668945
vt 0.060699 0.715820
vt 0.063171 0.715820
vt 0.062195 0.813477
vt 0.064575 0.812988
vt 0.197632 0.024002
vt 0.197632 0.026398
vt 0.194092 0.024002
vt 0.194092 0.026398
vt 0.190674 0.024002
vt 0.190674 0.026398
vt 0.187256 0.024002
vt 0.187256 0.026398
vt 0.183716 0.024002
vt 0.183716 0.026398
vt 0.180298 0.024002
vt 0.180298 0.026398
vt 0.176758 0.024002
vt 0.176758 0.026505
vt 0.173218 0.024002
vt 0.173218 0.026505
vt 0.169678 0.024002
vt 0.169678 0.026398
vt 0.166260 0.024002
vt 0.166260 0.026398
vt 0.162720 0.024002
vt 0.162720 0.026398
vt 0.159180 0.024002
vt 0.159180 0.026398
vt 0.155762 0.024002
vt 0.155762 0.026398
vt 0.152344 0.024002
vt 0.152344 0.026398
vt 0.148804 0.024002
vt 0.148804 0.026398
vt 0.062500 0.500977
vt 0.065002 0.500977
vt 0.060913 0.598633
vt 0.063416 0.598633
vt 0.060089 0.645508
vt 0.062622 0.645508
vt 0.059998 0.652344
vt 0.062500 0.652344
vt 0.059998 0.654297
vt 0.062408 0.654297
vt 0.059906 0.657227
vt 0.062408 0.657227
vt 0.228882 0.584961
vt 0.236816 0.588867
vt 0.228027 0.625000
vt 0.237183 0.626465
vt 0.230102 0.696289
vt 0.249145 0.626953
vt 0.246094 0.592285
vt 0.255859 0.596191
vt 0.241455 0.694824
vt 0.261230 0.629394
vt 0.264160 0.603027
vt 0.271728 0.629394
vt 0.280762 0.679199
vt 0.244141 0.712402
vt 0.233154 0.710449
vt 0.255615 0.690918
vt 0.269287 0.685059
vt 0.286133 0.709961
vt 0.257324 0.713379
vt 0.272705 0.712402
vt 0.291016 0.730469
vt 0.278076 0.731934
vt 0.304443 0.767090
vt 0.250488 0.732422
vt 0.239136 0.732910
vt 0.234863 0.771973
vt 0.262695 0.731934
vt 0.250977 0.770996
vt 0.260742 0.846680
vt 0.238648 0.848633
vt 0.266602 0.770508
vt 0.287109 0.769043
vt 0.313965 0.842773
vt 0.338379 0.841309
vt 0.240356 0.984863
vt 0.227905 0.983887
vt 0.281494 0.990234
vt 0.325928 0.988769
vt 0.284668 0.844238
vt 0.363281 0.981934
vt 0.392822 0.973633
vt 0.222656 0.578613
vt 0.221191 0.621582
vt 0.222534 0.697266
vt 0.211914 0.618164
vt 0.223877 0.711426
vt 0.211914 0.712402
vt 0.227173 0.733398
vt 0.211914 0.696777
vt 0.201172 0.697266
vt 0.202637 0.621582
vt 0.193726 0.696289
vt 0.195801 0.625000
vt 0.201172 0.578613
vt 0.194946 0.584961
vt 0.199951 0.711426
vt 0.190674 0.710449
vt 0.196533 0.733398
vt 0.211914 0.733887
vt 0.211914 0.773926
vt 0.224487 0.772949
vt 0.226440 0.849121
vt 0.211914 0.848633
vt 0.212036 0.982910
vt 0.197266 0.849121
vt 0.196045 0.983887
vt 0.246582 0.178589
vt 0.213257 0.188965
vt 0.254150 0.171631
vt 0.212036 0.172974
vt 0.257568 0.158936
vt 0.173706 0.174316
vt 0.174683 0.191650
vt 0.136475 0.175415
vt 0.140503 0.190064
vt 0.173706 0.161743
vt 0.213745 0.160278
vt 0.211060 0.147827
vt 0.253418 0.146484
vt 0.105591 0.176514
vt 0.112610 0.184082
vt 0.103271 0.163940
vt 0.133789 0.162964
vt 0.104797 0.151245
vt 0.211304 0.131836
vt 0.245239 0.140015
vt 0.172852 0.149048
vt 0.172730 0.131836
vt 0.135620 0.150391
vt 0.111206 0.143189
vt 0.138794 0.135498
vt 0.414062 0.962891
vt 0.402588 0.969238
vt 0.358643 0.832519
vt 0.347412 0.838379
vt 0.313477 0.764160
vt 0.325195 0.758301
vt 0.312012 0.721680
vt 0.300293 0.727539
vt 0.307129 0.702148
vt 0.295410 0.707031
vt 0.301758 0.671387
vt 0.290039 0.675293
vt 0.280273 0.624023
vt 0.289795 0.613281
vt 0.269775 0.596191
vt 0.278809 0.588379
vt 0.262451 0.586426
vt 0.270508 0.578125
vt 0.251709 0.578125
vt 0.259033 0.568848
vt 0.242920 0.562500
vt 0.238770 0.574219
vt 0.231201 0.561523
vt 0.229248 0.574219
vt 0.031006 0.973633
vt 0.021393 0.969238
vt 0.085510 0.841309
vt 0.076416 0.838379
vt 0.065186 0.832519
vt 0.010002 0.962891
vt 0.098694 0.758301
vt 0.110290 0.764160
vt 0.119385 0.767090
vt 0.132690 0.730469
vt 0.123596 0.727539
vt 0.111816 0.721680
vt 0.137695 0.709961
vt 0.128174 0.707031
vt 0.116577 0.702148
vt 0.122009 0.671387
vt 0.133545 0.675293
vt 0.143066 0.679199
vt 0.134155 0.613281
vt 0.143555 0.623535
vt 0.154053 0.596191
vt 0.151977 0.629394
vt 0.145020 0.588379
vt 0.159668 0.603027
vt 0.153320 0.578125
vt 0.168091 0.596191
vt 0.161377 0.586426
vt 0.164673 0.568848
vt 0.177856 0.592285
vt 0.172241 0.578125
vt 0.181030 0.562500
vt 0.185059 0.574219
vt 0.192749 0.561523
vt 0.187012 0.588867
vt 0.194702 0.574219
vt 0.199341 0.772949
vt 0.184692 0.732910
vt 0.188843 0.771973
vt 0.173340 0.732422
vt 0.185303 0.848633
vt 0.183716 0.984863
vt 0.142456 0.990234
vt 0.172852 0.770996
vt 0.163086 0.846680
vt 0.139282 0.844238
vt 0.098084 0.988769
vt 0.060699 0.981934
vt 0.157227 0.770508
vt 0.109924 0.842773
vt 0.136841 0.769043
vt 0.161255 0.731934
vt 0.145752 0.731934
vt 0.179565 0.712402
vt 0.166504 0.713379
vt 0.151001 0.712402
vt 0.154541 0.685059
vt 0.168091 0.690918
vt 0.182251 0.694824
vt 0.162476 0.629394
vt 0.174683 0.626953
vt 0.186645 0.626465
vt 0.176514 0.236206
vt 0.176514 0.223633
vt 0.187256 0.236206
vt 0.187256 0.223633
vt 0.193604 0.236206
vt 0.193604 0.223633
vt 0.199341 0.223633
vt 0.199341 0.236206
vt 0.203980 0.223633
vt 0.203980 0.236206
vt 0.846191 0.409912
vt 0.586914 0.409912
vt 0.846191 0.397217
vt 0.586914 0.400879
vt 0.533203 0.397217
vt 0.533203 0.400879
vt 0.010002 0.381103
vt 0.324951 0.370605
vt 0.322998 0.381103
vt 0.010002 0.359375
vt 0.324951 0.359375
vt 0.324951 0.347900
vt 0.010002 0.337402
vt 0.322998 0.337402
vt 0.330810 0.350342
vt 0.330810 0.359375
vt 0.330810 0.368408
vt 0.334473 0.354736
vt 0.334473 0.364014
vt 0.335449 0.359375
vt 0.590820 0.774414
vt 0.590820 0.770508
vt 0.612793 0.774414
vt 0.612793 0.770508
vt 0.634766 0.774414
vt 0.634766 0.770508
vt 0.231445 0.223633
vt 0.231445 0.236206
vt 0.220947 0.223633
vt 0.220947 0.236206
vt 0.214355 0.236206
vt 0.214355 0.223633
vt 0.208740 0.223633
vt 0.208740 0.236206
vt 0.063416 0.264893
vt 0.322998 0.264893
vt 0.063416 0.273682
vt 0.322998 0.277588
vt 0.010002 0.277588
vt 0.010002 0.273682
vt 0.983398 0.021500
vt 0.981934 0.022797
vt 0.983887 0.019699
vt 0.974609 0.019699
vt 0.983887 0.017807
vt 0.979981 0.023605
vt 0.978516 0.023605
vt 0.976562 0.022797
vt 0.975098 0.021500
vt 0.983398 0.016098
vt 0.974609 0.017807
vt 0.979981 0.014000
vt 0.981934 0.014702
vt 0.978516 0.014000
vt 0.975098 0.016098
vt 0.976562 0.014702
vt 0.604004 0.014000
vt 0.606445 0.014000
vt 0.604004 0.018494
vt 0.606445 0.018600
vt 0.608887 0.014198
vt 0.604004 0.020096
vt 0.608398 0.018906
vt 0.605957 0.020203
vt 0.608398 0.020493
vt 0.605957 0.021500
vt 0.604004 0.021393
vt 0.607910 0.021805
vt 0.601562 0.014198
vt 0.602051 0.018600
vt 0.599609 0.018906
vt 0.599609 0.014397
vt 0.600098 0.020493
vt 0.602051 0.020203
vt 0.602051 0.021500
vt 0.600098 0.021805
vt 0.061096 0.482910
vt 0.063477 0.483154
vt 0.061188 0.487549
vt 0.063477 0.487549
vt 0.063293 0.489258
vt 0.065918 0.483398
vt 0.065674 0.487793
vt 0.065491 0.489502
vt 0.065125 0.490723
vt 0.063171 0.490478
vt 0.061188 0.489014
vt 0.061188 0.490478
vt 0.059296 0.490478
vt 0.056488 0.483398
vt 0.058685 0.483154
vt 0.056793 0.488037
vt 0.058990 0.487793
vt 0.057007 0.489502
vt 0.059113 0.489258
vt 0.057404 0.490723
vt 0.985840 0.550293
vt 0.981445 0.550293
vt 0.985840 0.547852
vt 0.981445 0.547852
vt 0.980957 0.545898
vt 0.985840 0.545410
vt 0.979492 0.545898
vt 0.979981 0.548340
vt 0.979981 0.550293
vt 0.978516 0.550293
vt 0.978516 0.548340
vt 0.978027 0.546387
vt 0.978516 0.453613
vt 0.982910 0.453857
vt 0.978027 0.456055
vt 0.982910 0.456055
vt 0.984863 0.454102
vt 0.984375 0.456299
vt 0.985840 0.456299
vt 0.985840 0.454346
vt 0.985840 0.458252
vt 0.984375 0.458252
vt 0.982910 0.458252
vt 0.978027 0.458496
vt 0.982910 0.460449
vt 0.978516 0.460693
vt 0.978516 0.463135
vt 0.983398 0.462647
vt 0.984863 0.462402
vt 0.984375 0.460449
vt 0.985840 0.460205
vt 0.985840 0.462158
vt 0.978027 0.554199
vt 0.978516 0.552246
vt 0.979492 0.554688
vt 0.979981 0.552246
vt 0.980957 0.554688
vt 0.981445 0.552734
vt 0.985840 0.554688
vt 0.985840 0.552734
vt 0.909180 0.845215
vt 0.912109 0.845215
vt 0.909180 0.924316
vt 0.912109 0.924316
vt 0.977051 0.694824
vt 0.977051 0.670898
vt 0.979981 0.694824
vt 0.979981 0.670898
vt 0.849121 0.836426
vt 0.849121 0.746094
vt 0.872070 0.830566
vt 0.872070 0.751465
vt 0.958984 0.898438
vt 0.961914 0.898438
vt 0.958984 0.921875
vt 0.961914 0.921875
vt 0.468994 0.084900
vt 0.389893 0.084900
vt 0.468994 0.081909
vt 0.389893 0.081909
vt 0.774414 0.173706
vt 0.798340 0.173706
vt 0.774414 0.176758
vt 0.798340 0.176758
vt 0.362549 0.129761
vt 0.441650 0.129761
vt 0.356934 0.152954
vt 0.447022 0.152954
vt 0.979981 0.726562
vt 0.977051 0.726562
vt 0.979981 0.702637
vt 0.977051 0.702637
vt 0.142822 0.393310
vt 0.142822 0.391113
vt 0.213623 0.393310
vt 0.213623 0.391113
vt 0.675781 0.967773
vt 0.746582 0.967773
vt 0.675781 0.970215
vt 0.746582 0.970215
vt 0.341309 0.770508
vt 0.339111 0.770508
vt 0.341309 0.758301
vt 0.339111 0.758301
vt 0.361084 0.806152
vt 0.363281 0.806152
vt 0.361084 0.818359
vt 0.363281 0.818359
vt 0.049713 0.496338
vt 0.051910 0.496338
vt 0.049713 0.517090
vt 0.051910 0.517090
vt 0.299316 0.083801
vt 0.381103 0.083801
vt 0.299316 0.085999
vt 0.381103 0.085999
vt 0.253418 0.467773
vt 0.253418 0.447022
vt 0.255615 0.467773
vt 0.255615 0.447022
vt 0.428955 0.965820
vt 0.511231 0.965820
vt 0.428955 0.968262
vt 0.511231 0.968262
vt 0.574707 0.912109
vt 0.570801 0.912109
vt 0.574707 0.891602
vt 0.570801 0.891602
vt 0.014000 0.041901
vt 0.010002 0.041901
vt 0.014000 0.012001
vt 0.010002 0.012001
vt 0.876953 0.173706
vt 0.888184 0.173706
vt 0.876953 0.177734
vt 0.888184 0.177734
vt 0.885742 0.907715
vt 0.885742 0.919434
vt 0.865234 0.907715
vt 0.865234 0.919434
vt 0.860352 0.990234
vt 0.860352 0.919434
vt 0.890137 0.990234
vt 0.890137 0.919434
vt 0.824219 0.069885
vt 0.828125 0.069885
vt 0.824219 0.081116
vt 0.828125 0.081116
vt 0.023804 0.409180
vt 0.023804 0.430176
vt 0.022003 0.409180
vt 0.022003 0.430176
vt 0.626953 0.714844
vt 0.626953 0.693359
vt 0.628906 0.714844
vt 0.628906 0.693359
vt 0.720703 0.750000
vt 0.699707 0.750000
vt 0.720703 0.748535
vt 0.699707 0.748535
vt 0.703613 0.548340
vt 0.703613 0.546875
vt 0.724609 0.548340
vt 0.724609 0.546875
vt 0.518066 0.966309
vt 0.523438 0.967773
vt 0.518066 0.967773
vt 0.528809 0.966309
vt 0.528809 0.966797
vt 0.521484 0.704590
vt 0.521484 0.703613
vt 0.524902 0.704590
vt 0.524902 0.703613
vt 0.663574 0.737793
vt 0.663574 0.734375
vt 0.668945 0.737793
vt 0.668945 0.734375
vt 0.674805 0.734375
vt 0.674805 0.737793
vt 0.700684 0.708496
vt 0.704102 0.708496
vt 0.700684 0.719238
vt 0.704102 0.719238
vt 0.532715 0.927734
vt 0.532715 0.928223
vt 0.527344 0.926269
vt 0.521973 0.928223
vt 0.521973 0.926758
vt 0.122314 0.622559
vt 0.122314 0.625977
vt 0.121826 0.622559
vt 0.121826 0.625977
vt 0.528809 0.589844
vt 0.526856 0.584961
vt 0.528320 0.584961
vt 0.526856 0.595703
vt 0.527344 0.595703
vt 0.300293 0.476318
vt 0.300293 0.473145
vt 0.301514 0.476318
vt 0.301514 0.473145
vt 0.726562 0.736328
vt 0.726562 0.739746
vt 0.721680 0.736328
vt 0.721680 0.739746
vt 0.715820 0.739746
vt 0.715820 0.736328
vt 0.258301 0.188355
vt 0.258301 0.191650
vt 0.247559 0.188355
vt 0.247559 0.191650
vt 0.541504 0.616211
vt 0.541992 0.616211
vt 0.542969 0.621582
vt 0.541504 0.626465
vt 0.542481 0.626465
vt 0.442627 0.954590
vt 0.443115 0.954590
vt 0.442627 0.958008
vt 0.443115 0.958008
vt 0.215576 0.530762
vt 0.215576 0.532227
vt 0.214844 0.530762
vt 0.214844 0.532227
vt 0.213257 0.530762
vt 0.213257 0.532227
vt 0.211548 0.530762
vt 0.211548 0.532227
vt 0.209961 0.532227
vt 0.209961 0.530762
vt 0.208374 0.530762
vt 0.208374 0.532227
vt 0.206787 0.530762
vt 0.206787 0.532227
vt 0.205200 0.530762
vt 0.205200 0.532227
vt 0.204346 0.532227
vt 0.204346 0.530762
vt 0.289307 0.583984
vt 0.288330 0.583984
vt 0.289307 0.583008
vt 0.288330 0.583008
vt 0.288330 0.582519
vt 0.289307 0.582519
vt 0.288330 0.581543
vt 0.289307 0.581543
vt 0.289307 0.580566
vt 0.288330 0.580566
vt 0.289307 0.584473
vt 0.288330 0.584473
vt 0.288330 0.584961
vt 0.289307 0.584961
vt 0.288330 0.585938
vt 0.289307 0.585938
vt 0.289307 0.586914
vt 0.288330 0.586914
vt 0.074890 0.716797
vt 0.074097 0.716797
vt 0.074890 0.715332
vt 0.074097 0.715332
vt 0.073425 0.716797
vt 0.073425 0.715332
vt 0.072571 0.715332
vt 0.072571 0.716797
vt 0.071899 0.716797
vt 0.071899 0.715332
vt 0.095825 0.497070
vt 0.095825 0.498047
vt 0.094971 0.497070
vt 0.094971 0.498047
vt 0.093384 0.497070
vt 0.093384 0.498047
vt 0.091797 0.497070
vt 0.091797 0.498047
vt 0.090210 0.497070
vt 0.090210 0.498047
vt 0.088623 0.497070
vt 0.088623 0.498047
vt 0.086975 0.497070
vt 0.086975 0.498047
vt 0.085388 0.498047
vt 0.085388 0.497070
vt 0.084595 0.497070
vt 0.084595 0.498047
vt 0.011101 0.848633
vt 0.010002 0.848633
vt 0.011101 0.846191
vt 0.010002 0.846191
vt 0.321289 0.716797
vt 0.320312 0.716797
vt 0.321289 0.709473
vt 0.320312 0.710938
vt 0.318115 0.709473
vt 0.318603 0.710938
vt 0.318603 0.711426
vt 0.318115 0.711426
vt 0.072998 0.788574
vt 0.072998 0.791016
vt 0.071899 0.788574
vt 0.071899 0.791016
vt 0.037109 0.868164
vt 0.037109 0.866699
vt 0.038696 0.868164
vt 0.037109 0.863769
vt 0.038605 0.861328
vt 0.029800 0.863769
vt 0.029800 0.866699
vt 0.036987 0.861328
vt 0.038208 0.859375
vt 0.037506 0.859375
vt 0.038605 0.858887
vt 0.039398 0.860840
vt 0.036285 0.860840
vt 0.037109 0.858887
vt 0.036407 0.858398
vt 0.034912 0.860352
vt 0.036011 0.857910
vt 0.034088 0.858887
vt 0.035889 0.857422
vt 0.033691 0.857422
vt 0.040710 0.860352
vt 0.039215 0.858398
vt 0.039612 0.857910
vt 0.041595 0.858887
vt 0.039795 0.857422
vt 0.041901 0.857422
vt 0.039612 0.856445
vt 0.041595 0.855469
vt 0.039215 0.855957
vt 0.040710 0.854492
vt 0.036011 0.856445
vt 0.034088 0.855469
vt 0.038605 0.855469
vt 0.039398 0.853516
vt 0.034912 0.854492
vt 0.036407 0.855957
vt 0.038605 0.853027
vt 0.037109 0.855469
vt 0.036285 0.853516
vt 0.038208 0.855469
vt 0.036987 0.853027
vt 0.037506 0.855469
vt 0.037109 0.850586
vt 0.037109 0.847656
vt 0.038696 0.846191
vt 0.037109 0.846191
vt 0.029800 0.848144
vt 0.029800 0.850586
vt 0.417236 0.714844
vt 0.417236 0.715820
vt 0.409912 0.714844
vt 0.409912 0.715820
vt 0.485107 0.697754
vt 0.477783 0.697754
vt 0.485107 0.696777
vt 0.477783 0.696777
vt 0.430664 0.923828
vt 0.431152 0.931152
vt 0.427978 0.923828
vt 0.427978 0.931152
vt 0.431152 0.932617
vt 0.425537 0.932617
vt 0.425537 0.931152
vt 0.423340 0.931641
vt 0.423340 0.931152
vt 0.423340 0.932617
vt 0.425293 0.930176
vt 0.422852 0.930664
vt 0.425293 0.933594
vt 0.424316 0.929199
vt 0.422852 0.933594
vt 0.422119 0.930176
vt 0.424316 0.935059
vt 0.423096 0.928223
vt 0.421387 0.930176
vt 0.421387 0.927734
vt 0.422119 0.933594
vt 0.423096 0.936035
vt 0.421387 0.936035
vt 0.421387 0.934082
vt 0.419922 0.936035
vt 0.420654 0.933594
vt 0.418701 0.935059
vt 0.420166 0.933594
vt 0.420654 0.930176
vt 0.419922 0.928223
vt 0.418701 0.929199
vt 0.420166 0.930664
vt 0.417725 0.933594
vt 0.419678 0.932617
vt 0.419434 0.932617
vt 0.417725 0.930176
vt 0.419678 0.931152
vt 0.417480 0.932617
vt 0.419434 0.931641
vt 0.417480 0.931152
vt 0.415039 0.931152
vt 0.411865 0.931152
vt 0.411865 0.932617
vt 0.412109 0.923828
vt 0.415039 0.923828
vt 0.071899 0.684570
vt 0.071899 0.686035
vt 0.070312 0.684570
vt 0.070312 0.686035
vt 0.151733 0.562988
vt 0.153320 0.562988
vt 0.151733 0.565918
vt 0.153320 0.565918
vt 0.022003 0.846191
vt 0.022003 0.846680
vt 0.020401 0.846191
vt 0.020401 0.846680
vt 0.086426 0.762695
vt 0.086426 0.764160
vt 0.085815 0.762695
vt 0.085815 0.764160
vt 0.311523 0.673828
vt 0.311523 0.673340
vt 0.313477 0.673828
vt 0.312012 0.673340
vt 0.312012 0.671875
vt 0.313477 0.670898
vt 0.312012 0.670898
vt 0.399170 0.902344
vt 0.399170 0.903809
vt 0.397461 0.902344
vt 0.397461 0.903809
vt 0.288330 0.580078
vt 0.289307 0.580078
vt 0.288330 0.579590
vt 0.289307 0.579590
vt 0.289307 0.578613
vt 0.288330 0.578613
vt 0.289307 0.577637
vt 0.288330 0.577637
vt 0.407227 0.979981
vt 0.406006 0.979981
vt 0.407227 0.977539
vt 0.406006 0.977539
vt 0.282715 0.504883
vt 0.282715 0.511719
vt 0.281494 0.504883
vt 0.281494 0.510742
vt 0.280029 0.510742
vt 0.279297 0.511719
vt 0.279297 0.510254
vt 0.280029 0.510254
vt 0.262695 0.562012
vt 0.262695 0.561035
vt 0.265381 0.562012
vt 0.265381 0.561035
vt 0.320557 0.516113
vt 0.319336 0.516113
vt 0.320557 0.508789
vt 0.319336 0.508789
vt 0.469727 0.492188
vt 0.469727 0.490967
vt 0.477051 0.492188
vt 0.477051 0.490967
vt 0.441162 0.928711
vt 0.441162 0.930176
vt 0.439697 0.928711
vt 0.439697 0.930176
vt 0.509277 0.666504
vt 0.509277 0.663574
vt 0.511231 0.666504
vt 0.511231 0.663574
vt 0.080200 0.687012
vt 0.080200 0.686523
vt 0.081909 0.687012
vt 0.081909 0.686523
vt 0.119812 0.634766
vt 0.120300 0.634766
vt 0.119812 0.636231
vt 0.120300 0.636231
vt 0.195557 0.508301
vt 0.195557 0.508789
vt 0.195068 0.508301
vt 0.193848 0.508789
vt 0.195068 0.506836
vt 0.193848 0.505859
vt 0.195068 0.505859
vt 0.365234 0.482910
vt 0.365234 0.484619
vt 0.363525 0.482910
vt 0.363525 0.484619
vt 0.105530 0.686523
vt 0.105530 0.706543
vt 0.101807 0.686523
vt 0.101807 0.703613
vt 0.125366 0.590820
vt 0.125366 0.607910
vt 0.121826 0.590820
vt 0.121826 0.610352
vt 0.929199 0.716797
vt 0.929199 0.699707
vt 0.936035 0.716797
vt 0.936035 0.699707
vt 0.929199 0.694824
vt 0.936035 0.694824
vt 0.273438 0.568359
vt 0.273438 0.548828
vt 0.277100 0.565918
vt 0.277100 0.548828
vt 0.218750 0.564941
vt 0.201660 0.564941
vt 0.221314 0.561035
vt 0.201660 0.561035
vt 0.890137 0.043610
vt 0.883301 0.043610
vt 0.890137 0.026505
vt 0.883301 0.026505
vt 0.890137 0.022003
vt 0.883301 0.022003
vt 0.126587 0.581543
vt 0.123474 0.578125
vt 0.130737 0.583008
vt 0.130737 0.561035
vt 0.135132 0.583008
vt 0.121826 0.574219
vt 0.121826 0.569824
vt 0.123474 0.565918
vt 0.126587 0.562500
vt 0.139160 0.581543
vt 0.135132 0.561035
vt 0.144043 0.574219
vt 0.142456 0.578125
vt 0.144043 0.569824
vt 0.139160 0.562500
vt 0.142456 0.565918
vt 0.911133 0.262695
vt 0.911133 0.258301
vt 0.916016 0.262695
vt 0.916016 0.258301
vt 0.911133 0.253906
vt 0.916016 0.253906
vt 0.911133 0.249512
vt 0.916016 0.249512
vt 0.911133 0.245117
vt 0.916016 0.245117
vt 0.911133 0.267334
vt 0.916016 0.267334
vt 0.916016 0.271728
vt 0.911133 0.271728
vt 0.916016 0.276123
vt 0.911133 0.276123
vt 0.916016 0.280518
vt 0.911133 0.280518
vt 0.911133 0.284912
vt 0.916016 0.284912
vt 0.916016 0.289307
vt 0.911133 0.289307
vt 0.911133 0.218506
vt 0.916016 0.218506
vt 0.911133 0.222900
vt 0.916016 0.222900
vt 0.916016 0.227417
vt 0.911133 0.227417
vt 0.911133 0.231811
vt 0.916016 0.231811
vt 0.916016 0.236206
vt 0.911133 0.236206
vt 0.911133 0.240723
vt 0.916016 0.240723
vt 0.592773 0.580078
vt 0.591309 0.584473
vt 0.592773 0.575684
vt 0.587891 0.587402
vt 0.587891 0.568359
vt 0.591309 0.571777
vt 0.583984 0.588867
vt 0.575195 0.568359
vt 0.579590 0.566894
vt 0.583984 0.566894
vt 0.572266 0.571777
vt 0.572266 0.584473
vt 0.579590 0.588867
vt 0.575195 0.587402
vt 0.570312 0.575684
vt 0.570312 0.580078
vt 0.734375 0.717285
vt 0.736328 0.716797
vt 0.733398 0.720215
vt 0.735840 0.724609
vt 0.733887 0.723633
vt 0.739258 0.716797
vt 0.738769 0.724609
vt 0.743164 0.716797
vt 0.742676 0.724609
vt 0.747559 0.716797
vt 0.747070 0.725098
vt 0.786621 0.718750
vt 0.786133 0.726074
vt 0.790039 0.726074
vt 0.790527 0.719238
vt 0.794434 0.726562
vt 0.794434 0.719238
vt 0.886719 0.722168
vt 0.886231 0.729981
vt 0.888672 0.719238
vt 0.888184 0.733398
vt 0.891602 0.735840
vt 0.892090 0.717285
vt 0.895508 0.736816
vt 0.895996 0.716797
vt 0.899414 0.736328
vt 0.899902 0.717285
vt 0.902344 0.733887
vt 0.903320 0.719727
vt 0.905273 0.723144
vt 0.906250 0.727051
vt 0.904785 0.730957
vt 0.572754 0.096313
vt 0.568359 0.095825
vt 0.573242 0.091797
vt 0.577637 0.091980
vt 0.576660 0.096313
vt 0.582519 0.092102
vt 0.580566 0.095825
vt 0.582519 0.086304
vt 0.577148 0.085693
vt 0.573242 0.085815
vt 0.580566 0.081421
vt 0.576660 0.081421
vt 0.580078 0.079407
vt 0.583008 0.081482
vt 0.583008 0.079407
vt 0.576660 0.079529
vt 0.580078 0.077393
vt 0.583008 0.077393
vt 0.583008 0.075012
vt 0.579590 0.075073
vt 0.576660 0.077515
vt 0.576660 0.075073
vt 0.573242 0.075012
vt 0.573242 0.077393
vt 0.573242 0.079407
vt 0.569336 0.079102
vt 0.569824 0.077087
vt 0.569824 0.074829
vt 0.566406 0.076782
vt 0.566406 0.074402
vt 0.565918 0.078796
vt 0.565430 0.080811
vt 0.562988 0.078491
vt 0.563477 0.076416
vt 0.563477 0.073975
vt 0.569336 0.081116
vt 0.573242 0.081604
vt 0.568848 0.085327
vt 0.568359 0.091614
vt 0.563965 0.090698
vt 0.564453 0.094604
vt 0.559082 0.090393
vt 0.559570 0.094604
vt 0.557129 0.094421
vt 0.556152 0.090210
vt 0.557129 0.084717
vt 0.564453 0.085693
vt 0.560059 0.085083
vt 0.562500 0.080505
vt 0.559570 0.079895
vt 0.560547 0.078125
vt 0.561035 0.076172
vt 0.560547 0.073914
vt 0.024094 0.293701
vt 0.021698 0.293945
vt 0.026001 0.290283
vt 0.022400 0.290283
vt 0.024094 0.286621
vt 0.021698 0.286621
vt 0.019196 0.294190
vt 0.019196 0.290283
vt 0.019196 0.286377
vt 0.016800 0.286865
vt 0.016098 0.290283
vt 0.016800 0.293701
vt 0.014397 0.294190
vt 0.012497 0.290283
vt 0.014397 0.286377
vt 0.010597 0.287598
vt 0.012497 0.285156
vt 0.010002 0.290283
vt 0.010597 0.292969
vt 0.012497 0.295410
vt 0.318603 0.702637
vt 0.322266 0.697266
vt 0.322510 0.703613
vt 0.325684 0.697266
vt 0.326172 0.702148
vt 0.327393 0.697266
vt 0.329346 0.700195
vt 0.330810 0.695801
vt 0.328613 0.695312
vt 0.329102 0.692871
vt 0.331299 0.692871
vt 0.330810 0.690430
vt 0.328613 0.690430
vt 0.329346 0.686035
vt 0.327393 0.688965
vt 0.325684 0.688965
vt 0.326172 0.684082
vt 0.322510 0.682617
vt 0.322266 0.688965
vt 0.318603 0.683594
vt 0.585449 0.079407
vt 0.585449 0.081482
vt 0.587891 0.081482
vt 0.587891 0.079407
vt 0.590820 0.079407
vt 0.590820 0.081421
vt 0.594238 0.079529
vt 0.594238 0.081421
vt 0.588379 0.086304
vt 0.593750 0.085693
vt 0.588379 0.092102
vt 0.593750 0.091980
vt 0.590332 0.095825
vt 0.594238 0.096313
vt 0.598144 0.091797
vt 0.598633 0.096313
vt 0.602539 0.091614
vt 0.597656 0.085815
vt 0.598144 0.081604
vt 0.598144 0.079407
vt 0.601562 0.079102
vt 0.601562 0.077087
vt 0.597656 0.077393
vt 0.594238 0.077515
vt 0.591309 0.077393
vt 0.588379 0.077393
vt 0.591309 0.075073
vt 0.588379 0.075012
vt 0.594727 0.075073
vt 0.597656 0.075012
vt 0.601074 0.074829
vt 0.604492 0.076782
vt 0.604492 0.074402
vt 0.363281 0.759766
vt 0.363281 0.762207
vt 0.359375 0.756836
vt 0.358643 0.761231
vt 0.363037 0.764648
vt 0.353760 0.756348
vt 0.358398 0.764160
vt 0.363037 0.767090
vt 0.354004 0.760254
vt 0.350586 0.758789
vt 0.350586 0.759766
vt 0.354004 0.763672
vt 0.349609 0.762695
vt 0.349121 0.766113
vt 0.353760 0.766602
vt 0.353760 0.769531
vt 0.349121 0.769531
vt 0.349365 0.771484
vt 0.353516 0.771484
vt 0.357910 0.771973
vt 0.358154 0.766602
vt 0.358154 0.769531
vt 0.362549 0.771973
vt 0.362793 0.769531
vt 0.349121 0.773926
vt 0.353516 0.773926
vt 0.357910 0.773926
vt 0.362549 0.776367
vt 0.353516 0.776367
vt 0.349121 0.776367
vt 0.349121 0.778809
vt 0.357910 0.776367
vt 0.362549 0.780762
vt 0.353516 0.778809
vt 0.349365 0.781250
vt 0.353516 0.781250
vt 0.357910 0.778809
vt 0.357910 0.780762
vt 0.602539 0.095825
vt 0.606934 0.090698
vt 0.602051 0.085327
vt 0.606934 0.085693
vt 0.611816 0.090393
vt 0.602051 0.081116
vt 0.611328 0.085083
vt 0.614746 0.090210
vt 0.613769 0.084717
vt 0.604981 0.078796
vt 0.605469 0.080811
vt 0.608887 0.080505
vt 0.611816 0.079895
vt 0.607910 0.078491
vt 0.610352 0.078125
vt 0.607422 0.076416
vt 0.610352 0.076172
vt 0.607422 0.073975
vt 0.610352 0.073914
vt 0.606445 0.094604
vt 0.611328 0.094604
vt 0.614258 0.094421
vt 0.349121 0.783203
vt 0.353760 0.783203
vt 0.353760 0.786133
vt 0.349121 0.786621
vt 0.349609 0.790039
vt 0.358154 0.783203
vt 0.362793 0.783203
vt 0.358154 0.786133
vt 0.363037 0.785644
vt 0.358398 0.788574
vt 0.363037 0.788086
vt 0.363281 0.790527
vt 0.354004 0.789062
vt 0.350586 0.792969
vt 0.358643 0.791992
vt 0.354004 0.792481
vt 0.350586 0.794434
vt 0.353760 0.796387
vt 0.359375 0.795898
vt 0.363281 0.792969
vt 0.585449 0.077393
vt 0.585449 0.075012
vt 0.451416 0.955566
vt 0.451172 0.953125
vt 0.453369 0.957519
vt 0.451660 0.950684
vt 0.453125 0.948242
vt 0.455078 0.947266
vt 0.455566 0.958496
vt 0.457764 0.946777
vt 0.460205 0.947266
vt 0.462402 0.948242
vt 0.467529 0.951660
vt 0.471924 0.952637
vt 0.527344 0.958496
vt 0.509766 0.953125
vt 0.533691 0.953125
vt 0.531738 0.956543
vt 0.511231 0.951172
vt 0.534668 0.950684
vt 0.511719 0.949707
vt 0.534668 0.947754
vt 0.534180 0.944336
vt 0.532227 0.940430
vt 0.511231 0.947754
vt 0.528320 0.937500
vt 0.509766 0.946289
vt 0.511231 0.943848
vt 0.482422 0.946289
vt 0.479980 0.943359
vt 0.511719 0.942383
vt 0.481201 0.948731
vt 0.511231 0.941406
vt 0.480225 0.949707
vt 0.522949 0.936035
vt 0.511719 0.936035
vt 0.495117 0.936035
vt 0.495117 0.940918
vt 0.477295 0.936035
vt 0.477295 0.940430
vt 0.479004 0.949707
vt 0.465332 0.936523
vt 0.465332 0.940430
vt 0.458984 0.940430
vt 0.457764 0.937012
vt 0.453613 0.941406
vt 0.451904 0.937988
vt 0.447754 0.942383
vt 0.446289 0.939453
vt 0.441162 0.945312
vt 0.439697 0.942383
vt 0.432617 0.950684
vt 0.430420 0.947754
vt 0.477295 0.949707
vt 0.432617 0.953125
vt 0.427002 0.946289
vt 0.423828 0.946289
vt 0.431641 0.956543
vt 0.421387 0.946777
vt 0.429688 0.958008
vt 0.426758 0.958984
vt 0.419922 0.949219
vt 0.424560 0.958496
vt 0.419190 0.951660
vt 0.419434 0.954102
vt 0.420166 0.956543
vt 0.422119 0.958008
vt 0.475342 0.948242
vt 0.474365 0.944824
vt 0.474609 0.946777
vt 0.474609 0.943359
vt 0.289307 0.257080
vt 0.273438 0.257080
vt 0.289307 0.255615
vt 0.273438 0.255615
vt 0.255859 0.257080
vt 0.255859 0.255615
vt 0.243652 0.255615
vt 0.243652 0.257080
vt 0.237305 0.257080
vt 0.237305 0.255615
vt 0.231689 0.257080
vt 0.231689 0.255615
vt 0.225952 0.257080
vt 0.225952 0.255615
vt 0.218750 0.257080
vt 0.218750 0.255615
vt 0.208618 0.257080
vt 0.208618 0.255615
vt 0.822754 0.858398
vt 0.822754 0.853516
vt 0.824219 0.858398
vt 0.824219 0.853516
vt 0.822754 0.847656
vt 0.824219 0.847656
vt 0.824219 0.836426
vt 0.822754 0.836426
vt 0.824219 0.820312
vt 0.822754 0.820312
vt 0.822754 0.802734
vt 0.824219 0.802734
vt 0.824219 0.790527
vt 0.822754 0.790527
vt 0.822754 0.782715
vt 0.824219 0.782715
vt 0.824219 0.776856
vt 0.822754 0.776856
vt 0.822754 0.770996
vt 0.824219 0.770996
vt 0.822754 0.763672
vt 0.824219 0.763672
vt 0.822754 0.752930
vt 0.824219 0.752930
vt 0.824219 0.749023
vt 0.822754 0.749023
vt 0.824219 0.746094
vt 0.822754 0.746094
vt 0.822754 0.743164
vt 0.824219 0.743164
vt 0.011703 0.980469
vt 0.010002 0.980469
vt 0.011703 0.979492
vt 0.010002 0.979492
vt 0.011703 0.978027
vt 0.010002 0.978027
vt 0.046387 0.988281
vt 0.046387 0.990234
vt 0.017593 0.988281
vt 0.015297 0.990234
vt 0.010002 0.988281
vt 0.010002 0.990234
vt 0.010002 0.929199
vt 0.011703 0.929199
vt 0.010002 0.933594
vt 0.011703 0.933594
vt 0.010002 0.925293
vt 0.011703 0.925293
vt 0.011703 0.922852
vt 0.010002 0.922852
vt 0.010002 0.919922
vt 0.011703 0.919922
vt 0.011703 0.916016
vt 0.010002 0.916016
vt 0.682617 0.808594
vt 0.680664 0.808594
vt 0.680664 0.810059
vt 0.678711 0.810059
vt 0.678711 0.808594
vt 0.377685 0.988281
vt 0.379639 0.988281
vt 0.377685 0.990234
vt 0.379639 0.990234
vt 0.407227 0.988281
vt 0.407227 0.990234
vt 0.750000 0.686523
vt 0.750000 0.684570
vt 0.788086 0.686523
vt 0.788086 0.684570
vt 0.792481 0.686523
vt 0.792481 0.684570
vt 0.798340 0.684570
vt 0.798340 0.686523
vt 0.801269 0.686523
vt 0.801269 0.684570
vt 0.803711 0.686523
vt 0.803711 0.684570
vt 0.806152 0.684570
vt 0.806152 0.686523
vt 0.808594 0.686523
vt 0.808594 0.684570
vt 0.134644 0.085815
vt 0.134644 0.087524
vt 0.063110 0.085815
vt 0.063110 0.087524
vt 0.137207 0.087524
vt 0.137207 0.085815
vt 0.139648 0.085815
vt 0.139648 0.087524
vt 0.085815 0.307373
vt 0.087524 0.307373
vt 0.085815 0.310059
vt 0.087524 0.310059
vt 0.087524 0.312744
vt 0.085815 0.315185
vt 0.085815 0.312744
vt 0.087524 0.315185
vt 0.057892 0.085815
vt 0.057892 0.087524
vt 0.071899 0.738769
vt 0.071899 0.736328
vt 0.073608 0.738769
vt 0.073608 0.736328
vt 0.073608 0.734375
vt 0.071899 0.734375
vt 0.071899 0.733398
vt 0.073608 0.733398
vt 0.073608 0.731445
vt 0.071899 0.731445
vt 0.071899 0.729492
vt 0.073608 0.729492
vt 0.071899 0.727539
vt 0.073608 0.727539
vt 0.071899 0.726074
vt 0.073608 0.726074
vt 0.071899 0.724609
vt 0.073608 0.724609
vt 0.722656 0.557129
vt 0.722656 0.558594
vt 0.720215 0.557129
vt 0.720215 0.558594
vt 0.716797 0.557129
vt 0.716797 0.558594
vt 0.031708 0.884277
vt 0.031708 0.887207
vt 0.029999 0.884277
vt 0.029999 0.887207
vt 0.754394 0.652832
vt 0.754394 0.655273
vt 0.752441 0.652832
vt 0.752441 0.655273
vt 0.752441 0.657715
vt 0.754394 0.657715
vt 0.754394 0.660644
vt 0.752441 0.660644
vt 0.754394 0.662598
vt 0.752441 0.662598
vt 0.031708 0.881348
vt 0.029999 0.881348
vt 0.029999 0.879394
vt 0.031708 0.879394
vt 0.031708 0.876465
vt 0.029999 0.876465
vt 0.029999 0.874023
vt 0.031708 0.874023
vt 0.258301 0.226929
vt 0.251709 0.215088
vt 0.311279 0.226929
vt 0.311279 0.199585
vt 0.238648 0.208740
vt 0.325684 0.234131
vt 0.199585 0.199585
vt 0.200195 0.208740
vt 0.351318 0.226562
vt 0.374023 0.225464
vt 0.338379 0.234131
vt 0.337158 0.239868
vt 0.330322 0.240112
vt 0.337891 0.246826
vt 0.333008 0.252930
vt 0.339600 0.252930
vt 0.413086 0.199585
vt 0.392578 0.226074
vt 0.398682 0.234375
vt 0.333984 0.269775
vt 0.343994 0.260742
vt 0.352783 0.263916
vt 0.412842 0.269775
vt 0.372315 0.269775
vt 0.372315 0.264404
vt 0.383301 0.264404
vt 0.398682 0.245972
vt 0.393799 0.262207
vt 0.397217 0.254395
vt 0.777832 0.389160
vt 0.777832 0.350830
vt 0.816406 0.389160
vt 0.816406 0.350830
vt 0.816406 0.336426
vt 0.777832 0.336426
vt 0.816406 0.322754
vt 0.777832 0.322754
vt 0.385254 0.248657
vt 0.346435 0.248657
vt 0.385254 0.239502
vt 0.346435 0.239502
vt 0.367188 0.710449
vt 0.367188 0.718262
vt 0.328613 0.710449
vt 0.328613 0.718262
vt 0.328613 0.731445
vt 0.367188 0.731445
vt 0.367188 0.748047
vt 0.328613 0.748047
vt 0.649414 0.782715
vt 0.657227 0.771484
vt 0.709961 0.775391
vt 0.707519 0.802734
vt 0.636231 0.788086
vt 0.724609 0.769531
vt 0.596191 0.793945
vt 0.597656 0.785156
vt 0.749512 0.778809
vt 0.772461 0.781738
vt 0.737305 0.770508
vt 0.729981 0.763672
vt 0.736816 0.764648
vt 0.809082 0.810547
vt 0.791016 0.782715
vt 0.797363 0.774902
vt 0.733398 0.750977
vt 0.737793 0.757812
vt 0.740234 0.751465
vt 0.814453 0.740723
vt 0.735840 0.734375
vt 0.745117 0.744141
vt 0.753906 0.741699
vt 0.798340 0.763184
vt 0.773926 0.737305
vt 0.773438 0.742676
vt 0.784668 0.743652
vt 0.797363 0.754883
vt 0.794922 0.746582
vt 0.769531 0.485840
vt 0.769531 0.447022
vt 0.822266 0.485840
vt 0.822266 0.447022
vt 0.838379 0.485840
vt 0.838379 0.447022
vt 0.698242 0.148560
vt 0.698242 0.109802
vt 0.712891 0.148560
vt 0.712891 0.109802
vt 0.735840 0.148560
vt 0.735840 0.109802
vt 0.754394 0.109802
vt 0.754394 0.148560
vt 0.112122 0.451172
vt 0.112122 0.489990
vt 0.106201 0.451172
vt 0.106201 0.489990
vt 0.099182 0.489990
vt 0.099182 0.451172
vt 0.092712 0.451172
vt 0.092712 0.489990
vt 0.083801 0.451172
vt 0.083801 0.489990
vt 0.618652 0.731445
vt 0.608398 0.731445
vt 0.618652 0.692383
vt 0.608398 0.692383
vt 0.596680 0.692383
vt 0.596680 0.731445
vt 0.588379 0.731445
vt 0.588379 0.692383
vt 0.580078 0.692383
vt 0.580078 0.731445
vt 0.534668 0.145752
vt 0.534668 0.184448
vt 0.464844 0.145752
vt 0.464844 0.184448
vt 0.895996 0.559082
vt 0.857422 0.559082
vt 0.895996 0.548340
vt 0.857422 0.548340
vt 0.857422 0.537109
vt 0.895996 0.537109
vt 0.857422 0.517578
vt 0.895996 0.517578
vt 0.895996 0.508301
vt 0.857422 0.508301
vt 0.821289 0.710449
vt 0.821289 0.669922
vt 0.860352 0.710449
vt 0.860352 0.669922
vt 0.821289 0.631836
vt 0.860352 0.631836
vt 0.010002 0.316895
vt 0.010200 0.310791
vt 0.012100 0.320557
vt 0.011902 0.308105
vt 0.014900 0.306885
vt 0.014000 0.322266
vt 0.018402 0.306397
vt 0.017197 0.323975
vt 0.020996 0.323975
vt 0.022293 0.307617
vt 0.025604 0.323242
vt 0.025604 0.309815
vt 0.029999 0.321045
vt 0.026596 0.309082
vt 0.033813 0.317383
vt 0.027695 0.308105
vt 0.036591 0.310303
vt 0.030106 0.304688
vt 0.036102 0.297852
vt 0.040894 0.303955
vt 0.042908 0.293457
vt 0.046112 0.300781
vt 0.053711 0.289307
vt 0.055511 0.299072
vt 0.062103 0.287598
vt 0.063721 0.298584
vt 0.077820 0.298096
vt 0.077820 0.286377
vt 0.080200 0.285645
vt 0.080078 0.298096
vt 0.092896 0.285400
vt 0.089783 0.298096
vt 0.100281 0.287842
vt 0.094421 0.299805
vt 0.105408 0.292480
vt 0.097473 0.302002
vt 0.110229 0.299072
vt 0.099426 0.304443
vt 0.113403 0.308350
vt 0.100586 0.308594
vt 0.114807 0.313721
vt 0.100525 0.313721
vt 0.099670 0.316406
vt 0.114807 0.316162
vt 0.097107 0.318848
vt 0.114807 0.318848
vt 0.114807 0.329346
vt 0.094177 0.329590
vt 0.380859 0.028793
vt 0.377685 0.028793
vt 0.380859 0.024002
vt 0.377685 0.024002
vt 0.374023 0.028793
vt 0.374023 0.024002
vt 0.370117 0.024002
vt 0.370117 0.028793
vt 0.365967 0.024002
vt 0.365967 0.028793
vt 0.364746 0.024002
vt 0.364746 0.028793
vt 0.390137 0.028793
vt 0.390137 0.024002
vt 0.394287 0.028793
vt 0.384033 0.028793
vt 0.384033 0.024002
vt 0.394287 0.024002
vt 0.396973 0.028793
vt 0.396973 0.024002
vt 0.400391 0.024002
vt 0.400391 0.028793
vt 0.404297 0.028793
vt 0.404297 0.024002
vt 0.408935 0.024002
vt 0.408935 0.028793
vt 0.413818 0.028793
vt 0.413818 0.024002
vt 0.419190 0.028793
vt 0.419190 0.024002
vt 0.239502 0.236450
vt 0.239502 0.234863
vt 0.244385 0.236450
vt 0.244385 0.234863
vt 0.244385 0.230591
vt 0.239502 0.230591
vt 0.239502 0.221558
vt 0.244385 0.221558
vt 0.836426 0.174439
vt 0.836426 0.181885
vt 0.831543 0.174439
vt 0.831543 0.181885
vt 0.831543 0.189575
vt 0.836426 0.189575
vt 0.973144 0.067871
vt 0.978027 0.067871
vt 0.973144 0.073975
vt 0.978027 0.073975
vt 0.978027 0.083618
vt 0.973144 0.083618
vt 0.973144 0.091797
vt 0.978027 0.091797
vt 0.973144 0.105896
vt 0.978027 0.105896
vt 0.975586 0.106689
vt 0.973144 0.106689
vt 0.975586 0.116394
vt 0.973144 0.116394
vt 0.975586 0.121216
vt 0.973144 0.121216
vt 0.975586 0.125122
vt 0.973144 0.125122
vt 0.907227 0.143677
vt 0.907227 0.135620
vt 0.912109 0.143677
vt 0.912109 0.135620
vt 0.907227 0.124023
vt 0.912109 0.124023
vt 0.912109 0.115479
vt 0.907227 0.115479
vt 0.912109 0.099670
vt 0.907227 0.099670
vt 0.909668 0.098694
vt 0.907227 0.098694
vt 0.907227 0.085999
vt 0.909668 0.085999
vt 0.909668 0.078308
vt 0.907227 0.078308
vt 0.909668 0.071228
vt 0.907227 0.071228
vt 0.287842 0.472656
vt 0.287842 0.469482
vt 0.290527 0.472656
vt 0.290527 0.469482
vt 0.290527 0.465088
vt 0.786621 0.765625
vt 0.778320 0.765625
vt 0.786621 0.762695
vt 0.778320 0.762695
vt 0.768555 0.762695
vt 0.768555 0.765625
vt 0.765625 0.765625
vt 0.765625 0.758301
vt 0.762695 0.758301
vt 0.762695 0.765625
vt 0.760254 0.758301
vt 0.760254 0.765625
vt 0.749512 0.758301
vt 0.749512 0.765625
vt 0.287842 0.465088
vt 0.283447 0.462402
vt 0.301514 0.462402
vt 0.301514 0.465088
vt 0.283447 0.459717
vt 0.301514 0.459717
vt 0.283447 0.456055
vt 0.301514 0.456055
vt 0.283447 0.445068
vt 0.301514 0.445068
vt 0.570801 0.714844
vt 0.563965 0.714844
vt 0.570801 0.693848
vt 0.563965 0.699707
vt 0.552734 0.699707
vt 0.552734 0.693848
vt 0.141724 0.018997
vt 0.139770 0.024002
vt 0.139160 0.018097
vt 0.137207 0.023102
vt 0.136352 0.018005
vt 0.134521 0.022995
vt 0.131226 0.024506
vt 0.133057 0.019501
vt 0.122376 0.018005
vt 0.120300 0.023407
vt 0.446289 0.067383
vt 0.452393 0.063110
vt 0.445801 0.073730
vt 0.454102 0.067993
vt 0.458008 0.065979
vt 0.456787 0.060913
vt 0.462158 0.065918
vt 0.462891 0.060394
vt 0.470215 0.060791
vt 0.469238 0.067993
vt 0.474365 0.072571
vt 0.475586 0.054413
vt 0.480225 0.050690
vt 0.480957 0.085876
vt 0.475830 0.049896
vt 0.875488 0.409180
vt 0.875488 0.399170
vt 0.890137 0.409180
vt 0.890137 0.399170
vt 0.875488 0.394775
vt 0.890137 0.394775
vt 0.875488 0.390625
vt 0.890137 0.390625
vt 0.875488 0.383301
vt 0.634766 0.685547
vt 0.627441 0.685547
vt 0.634766 0.670898
vt 0.627441 0.670898
vt 0.622070 0.685547
vt 0.622070 0.670898
vt 0.616211 0.670898
vt 0.616211 0.685547
vt 0.608887 0.685547
vt 0.608887 0.670898
vt 0.890137 0.383301
vt 0.875488 0.376221
vt 0.890137 0.376221
vt 0.875488 0.361328
vt 0.890137 0.361328
vt 0.196533 0.517090
vt 0.196533 0.531738
vt 0.188110 0.517090
vt 0.188110 0.531738
vt 0.183594 0.517090
vt 0.183594 0.531738
vt 0.806641 0.708496
vt 0.801758 0.708496
vt 0.806641 0.693848
vt 0.801758 0.693848
vt 0.282715 0.059387
vt 0.276611 0.059906
vt 0.287109 0.053192
vt 0.281982 0.051605
vt 0.283935 0.047485
vt 0.289062 0.048614
vt 0.283935 0.043396
vt 0.289307 0.042389
vt 0.281738 0.036407
vt 0.288818 0.035309
vt 0.277100 0.031311
vt 0.295166 0.029800
vt 0.298584 0.024994
vt 0.263428 0.024994
vt 0.299560 0.029404
vt 0.853516 0.409424
vt 0.853516 0.403320
vt 0.868164 0.409424
vt 0.868164 0.403320
vt 0.823242 0.265869
vt 0.825684 0.267578
vt 0.826660 0.263916
vt 0.830078 0.264893
vt 0.830078 0.261719
vt 0.828613 0.267578
vt 0.778809 0.267578
vt 0.781250 0.268310
vt 0.778320 0.271240
vt 0.781738 0.271240
vt 0.778809 0.275147
vt 0.781250 0.274170
vt 0.010002 0.201416
vt 0.010002 0.197632
vt 0.013199 0.201050
vt 0.012497 0.198242
vt 0.013199 0.204102
vt 0.010803 0.205200
vt 0.826172 0.964356
vt 0.826172 0.967773
vt 0.823242 0.964844
vt 0.823731 0.967285
vt 0.823242 0.961426
vt 0.825684 0.960449
vt 0.698731 0.171753
vt 0.701172 0.172241
vt 0.698731 0.175537
vt 0.701660 0.175049
vt 0.699219 0.179199
vt 0.701660 0.178101
vt 0.681152 0.758301
vt 0.688477 0.758301
vt 0.681152 0.761719
vt 0.688477 0.761719
vt 0.696289 0.761719
vt 0.696289 0.758301
vt 0.710449 0.761719
vt 0.710449 0.758301
vt 0.127075 0.468750
vt 0.124695 0.475586
vt 0.119812 0.475586
vt 0.124695 0.461670
vt 0.119812 0.447022
vt 0.124695 0.447022
vt 0.331787 0.383301
vt 0.331787 0.378418
vt 0.335205 0.383301
vt 0.335205 0.378418
vt 0.805664 0.978516
vt 0.820312 0.978516
vt 0.820312 0.983398
vt 0.791992 0.983398
vt 0.798828 0.976074
vt 0.791992 0.978516
vt 0.331787 0.337402
vt 0.335205 0.337402
vt 0.331787 0.342285
vt 0.335205 0.342285
vt 0.704590 0.604981
vt 0.701172 0.604981
vt 0.704590 0.576172
vt 0.701172 0.576172
vt 0.201660 0.423096
vt 0.201660 0.426514
vt 0.178101 0.423096
vt 0.178101 0.426514
vt 0.595215 0.560059
vt 0.595215 0.557129
vt 0.618652 0.560059
vt 0.618652 0.557129
vt 0.628906 0.738281
vt 0.628906 0.742676
vt 0.604981 0.738281
vt 0.604981 0.742676
vt 0.093811 0.692871
vt 0.090393 0.692871
vt 0.093811 0.688477
vt 0.090393 0.688477
vt 0.687988 0.564941
vt 0.664551 0.564941
vt 0.687988 0.560547
vt 0.664551 0.560547
vt 0.339111 0.698731
vt 0.343262 0.698731
vt 0.339111 0.702148
vt 0.343262 0.702148
vt 0.347412 0.484619
vt 0.347412 0.487549
vt 0.350830 0.486572
vt 0.351807 0.490234
vt 0.354492 0.488770
vt 0.348877 0.490234
vt 0.371582 0.760742
vt 0.374023 0.761231
vt 0.371338 0.764160
vt 0.374512 0.764160
vt 0.371582 0.768066
vt 0.374023 0.767090
vt 0.600586 0.680664
vt 0.600586 0.684570
vt 0.597656 0.681152
vt 0.598144 0.684082
vt 0.597656 0.678223
vt 0.600098 0.677246
vt 0.634766 0.237549
vt 0.630859 0.237549
vt 0.634277 0.234253
vt 0.631348 0.234985
vt 0.637207 0.234253
vt 0.638184 0.236694
vt 0.688477 0.237549
vt 0.686035 0.236939
vt 0.688477 0.233643
vt 0.685547 0.234131
vt 0.687988 0.229980
vt 0.685547 0.231079
vt 0.078979 0.772461
vt 0.078979 0.776367
vt 0.075378 0.773438
vt 0.076111 0.775879
vt 0.077209 0.779785
vt 0.073791 0.777832
vt 0.071899 0.773926
vt 0.077087 0.768555
vt 0.074829 0.770508
vt 0.071899 0.770019
vt 0.073914 0.766602
vt 0.413086 0.916016
vt 0.408203 0.916016
vt 0.412109 0.912598
vt 0.408203 0.911621
vt 0.403565 0.916016
vt 0.404785 0.912598
vt 0.042206 0.023697
vt 0.040314 0.021301
vt 0.073425 0.023697
vt 0.075378 0.021301
vt 0.075928 0.018906
vt 0.039795 0.018906
vt 0.075378 0.016403
vt 0.040314 0.016403
vt 0.073425 0.014000
vt 0.042206 0.014000
vt 0.858398 0.736328
vt 0.858398 0.738769
vt 0.854981 0.736328
vt 0.854981 0.738769
vt 0.852539 0.736328
vt 0.852539 0.738769
vt 0.850098 0.738769
vt 0.850098 0.736328
vt 0.847168 0.738769
vt 0.847168 0.736328
vt 0.892090 0.435059
vt 0.889648 0.435059
vt 0.892090 0.431885
vt 0.889648 0.431885
vt 0.889648 0.429443
vt 0.892090 0.429443
vt 0.889648 0.427002
vt 0.892090 0.427002
vt 0.889648 0.423828
vt 0.892090 0.423828
vt 0.160400 0.255615
vt 0.191650 0.255615
vt 0.160400 0.258057
vt 0.191650 0.258057
vt 0.621094 0.151733
vt 0.621094 0.182861
vt 0.618652 0.151733
vt 0.618652 0.182861
vt 0.835938 0.987305
vt 0.835938 0.931641
vt 0.840332 0.990234
vt 0.840332 0.931641
vt 0.835938 0.803711
vt 0.840332 0.803223
vt 0.222290 0.541504
vt 0.254150 0.530273
vt 0.260742 0.552734
vt 0.202148 0.552734
vt 0.202881 0.545898
vt 0.186890 0.543945
vt 0.073914 0.552734
vt 0.088501 0.533203
vt 0.180054 0.539062
vt 0.091980 0.524902
vt 0.175171 0.533691
vt 0.094604 0.512695
vt 0.093628 0.507324
vt 0.172119 0.518066
vt 0.101807 0.506348
vt 0.116272 0.500000
vt 0.176270 0.509277
vt 0.123108 0.486572
vt 0.186645 0.498291
vt 0.142090 0.475098
vt 0.198242 0.486572
vt 0.147339 0.454834
vt 0.207031 0.471924
vt 0.210083 0.458496
vt 0.159546 0.445557
vt 0.206543 0.450195
vt 0.191895 0.436523
vt 0.197876 0.441406
vt 0.180176 0.434815
vt 0.164062 0.432861
vt 0.457031 0.161743
vt 0.457031 0.171997
vt 0.401123 0.161743
vt 0.273193 0.161743
vt 0.265137 0.171997
vt 0.852051 0.271240
vt 0.838379 0.275391
vt 0.838867 0.270996
vt 0.854004 0.284912
vt 0.840820 0.284912
vt 0.816406 0.282959
vt 0.814453 0.274902
vt 0.805664 0.274658
vt 0.841797 0.294190
vt 0.854492 0.294190
vt 0.840820 0.303467
vt 0.854004 0.303467
vt 0.852051 0.317139
vt 0.838379 0.312988
vt 0.838867 0.317383
vt 0.814453 0.313477
vt 0.816406 0.305420
vt 0.816406 0.294190
vt 0.808106 0.294190
vt 0.807129 0.305176
vt 0.805664 0.313721
vt 0.793457 0.305420
vt 0.793945 0.314209
vt 0.788574 0.313721
vt 0.786621 0.304932
vt 0.792481 0.294190
vt 0.793457 0.282959
vt 0.783691 0.294190
vt 0.786621 0.283447
vt 0.788574 0.274658
vt 0.793945 0.274170
vt 0.807129 0.283203
vt 0.203247 0.511719
vt 0.208374 0.512207
vt 0.202881 0.521973
vt 0.217041 0.522461
vt 0.217651 0.509766
vt 0.227173 0.522949
vt 0.215942 0.484619
vt 0.207886 0.488525
vt 0.227051 0.508789
vt 0.227051 0.482910
vt 0.238037 0.484375
vt 0.236694 0.509277
vt 0.237305 0.522461
vt 0.251465 0.521973
vt 0.245850 0.511719
vt 0.246216 0.488281
vt 0.251221 0.511719
vt 0.425781 0.191650
vt 0.617676 0.191650
vt 0.421387 0.205078
vt 0.623047 0.204712
vt 0.421387 0.214600
vt 0.624512 0.214600
vt 0.623047 0.224487
vt 0.421387 0.224243
vt 0.425781 0.237549
vt 0.617676 0.237549
vt 0.588379 0.870117
vt 0.621582 0.869629
vt 0.585938 0.878418
vt 0.620606 0.877930
vt 0.640625 0.877930
vt 0.639648 0.869629
vt 0.653809 0.868652
vt 0.654297 0.877930
vt 0.639648 0.888672
vt 0.654297 0.888672
vt 0.619141 0.888672
vt 0.584473 0.888184
vt 0.620117 0.898926
vt 0.585449 0.897949
vt 0.640137 0.899414
vt 0.653809 0.899902
vt 0.621094 0.907227
vt 0.587891 0.906250
vt 0.639160 0.907715
vt 0.653320 0.909180
vt 0.660156 0.900391
vt 0.661133 0.888672
vt 0.752930 0.866699
vt 0.764160 0.867188
vt 0.756836 0.876953
vt 0.767578 0.877441
vt 0.770508 0.890137
vt 0.762695 0.890137
vt 0.783203 0.890137
vt 0.782715 0.877930
vt 0.779297 0.867188
vt 0.791016 0.878418
vt 0.791504 0.890137
vt 0.788086 0.868164
vt 0.806641 0.890625
vt 0.803711 0.878418
vt 0.801758 0.868164
vt 0.828125 0.890625
vt 0.818848 0.868164
vt 0.825195 0.877930
vt 0.736328 0.865723
vt 0.742188 0.876465
vt 0.748047 0.889648
vt 0.730957 0.889648
vt 0.716797 0.865723
vt 0.724121 0.876953
vt 0.707031 0.889160
vt 0.703613 0.876953
vt 0.700195 0.865723
vt 0.694824 0.889160
vt 0.689941 0.876465
vt 0.682617 0.889160
vt 0.687012 0.864746
vt 0.679688 0.875977
vt 0.679688 0.864258
vt 0.666504 0.866211
vt 0.260254 0.179688
vt 0.318848 0.179688
vt 0.262940 0.184204
vt 0.318848 0.184204
vt 0.447022 0.179688
vt 0.446777 0.184204
vt 0.634277 0.730957
vt 0.645996 0.699219
vt 0.656738 0.737793
vt 0.657227 0.679199
vt 0.649902 0.679688
vt 0.648438 0.664062
vt 0.656738 0.550781
vt 0.643066 0.657227
vt 0.637207 0.565430
vt 0.628906 0.569336
vt 0.637695 0.652344
vt 0.616699 0.571777
vt 0.611328 0.570801
vt 0.622070 0.649414
vt 0.610352 0.579102
vt 0.604004 0.593262
vt 0.613281 0.653320
vt 0.590332 0.600098
vt 0.602539 0.664062
vt 0.590820 0.675293
vt 0.579102 0.619629
vt 0.576172 0.684082
vt 0.559082 0.624512
vt 0.549805 0.636719
vt 0.562988 0.687500
vt 0.554199 0.684082
vt 0.545410 0.675293
vt 0.540527 0.668945
vt 0.538574 0.657227
vt 0.537109 0.641602
vt 0.890137 0.155640
vt 0.890137 0.166016
vt 0.834473 0.166016
vt 0.706543 0.165894
vt 0.698242 0.155640
vt 0.660156 0.909668
vt 0.666504 0.900879
vt 0.668457 0.889160
vt 0.666016 0.911621
vt 0.679688 0.902344
vt 0.679199 0.914062
vt 0.689453 0.901856
vt 0.703613 0.901856
vt 0.686523 0.913574
vt 0.699707 0.913086
vt 0.716309 0.913086
vt 0.724121 0.902344
vt 0.742188 0.902832
vt 0.735840 0.913574
vt 0.756836 0.902832
vt 0.752441 0.912598
vt 0.763672 0.913086
vt 0.767090 0.902832
vt 0.660644 0.877441
vt 0.666992 0.876953
vt 0.660156 0.868164
vt 0.782227 0.902344
vt 0.790527 0.901856
vt 0.778809 0.912598
vt 0.787598 0.912109
vt 0.801269 0.912598
vt 0.803223 0.902344
vt 0.824707 0.903320
vt 0.818359 0.912598
vt 0.073486 0.674805
vt 0.072815 0.666504
vt 0.081787 0.678711
vt 0.081421 0.669922
vt 0.092590 0.680176
vt 0.080994 0.653320
vt 0.072083 0.651367
vt 0.074219 0.636719
vt 0.092712 0.670898
vt 0.103882 0.669922
vt 0.103394 0.678711
vt 0.111816 0.674805
vt 0.112610 0.666992
vt 0.113525 0.651367
vt 0.092773 0.653809
vt 0.092896 0.635742
vt 0.104614 0.653809
vt 0.103088 0.637695
vt 0.111572 0.637207
vt 0.114319 0.615234
vt 0.105225 0.616211
vt 0.103088 0.595703
vt 0.111816 0.594727
vt 0.114075 0.580078
vt 0.082703 0.637695
vt 0.080872 0.615723
vt 0.071899 0.615234
vt 0.093079 0.615234
vt 0.083313 0.595703
vt 0.074707 0.594727
vt 0.072571 0.579590
vt 0.093201 0.595703
vt 0.081604 0.579102
vt 0.072693 0.566406
vt 0.082520 0.563477
vt 0.093506 0.561035
vt 0.093384 0.577637
vt 0.105103 0.579102
vt 0.104492 0.563477
vt 0.114197 0.566894
vt 0.554688 0.066772
vt 0.549805 0.071228
vt 0.557129 0.060913
vt 0.525391 0.060913
vt 0.557129 0.054596
vt 0.544434 0.073608
vt 0.538086 0.073608
vt 0.532227 0.071228
vt 0.527832 0.066772
vt 0.554688 0.048798
vt 0.525391 0.054596
vt 0.544434 0.041901
vt 0.549805 0.044312
vt 0.538086 0.041901
vt 0.527832 0.048798
vt 0.532227 0.044312
vt 0.073486 0.107788
vt 0.079773 0.107788
vt 0.073486 0.111511
vt 0.079773 0.111511
vt 0.086121 0.107788
vt 0.086121 0.111511
vt 0.092407 0.107788
vt 0.092407 0.111511
vt 0.098694 0.107788
vt 0.067078 0.107788
vt 0.067078 0.111511
vt 0.060791 0.111511
vt 0.060791 0.107788
vt 0.161743 0.111511
vt 0.155395 0.111511
vt 0.161743 0.107788
vt 0.155395 0.107788
vt 0.149048 0.111511
vt 0.149048 0.107788
vt 0.142822 0.107788
vt 0.142822 0.111511
vt 0.136475 0.111511
vt 0.136475 0.107788
vt 0.130249 0.107788
vt 0.130249 0.111511
vt 0.123901 0.111511
vt 0.123901 0.107788
vt 0.117615 0.107788
vt 0.117615 0.111511
vt 0.111328 0.111511
vt 0.111328 0.107788
vt 0.104980 0.107788
vt 0.104980 0.111511
vt 0.098694 0.111511
vt 0.959473 0.749512
vt 0.955078 0.753906
vt 0.961914 0.743652
vt 0.949219 0.756348
vt 0.959473 0.731445
vt 0.961914 0.737305
vt 0.942871 0.756348
vt 0.942871 0.724609
vt 0.949219 0.724609
vt 0.955078 0.727051
vt 0.937012 0.727051
vt 0.930176 0.743652
vt 0.937012 0.753906
vt 0.932617 0.749512
vt 0.932617 0.731445
vt 0.930176 0.737305
vt 0.947754 0.164551
vt 0.943359 0.168945
vt 0.950195 0.158691
vt 0.918457 0.158691
vt 0.950195 0.152344
vt 0.937500 0.171387
vt 0.931152 0.171387
vt 0.925293 0.168945
vt 0.920898 0.164551
vt 0.947754 0.146606
vt 0.918457 0.152344
vt 0.937500 0.139648
vt 0.943359 0.142090
vt 0.931152 0.139648
vt 0.920898 0.146606
vt 0.925293 0.142090
vt 0.988281 0.432129
vt 0.988281 0.425781
vt 0.992188 0.432129
vt 0.992188 0.425781
vt 0.988281 0.419190
vt 0.991699 0.419190
vt 0.987793 0.412842
vt 0.991699 0.412842
vt 0.987793 0.406494
vt 0.988281 0.438721
vt 0.992188 0.438477
vt 0.990234 0.335449
vt 0.990723 0.341797
vt 0.986816 0.335449
vt 0.986816 0.342041
vt 0.990723 0.348389
vt 0.986816 0.348389
vt 0.990723 0.354736
vt 0.986816 0.354736
vt 0.987305 0.361328
vt 0.990723 0.361084
vt 0.991211 0.367676
vt 0.987305 0.367676
vt 0.987305 0.374023
vt 0.991211 0.374023
vt 0.991211 0.380615
vt 0.987305 0.380615
vt 0.987305 0.386963
vt 0.991211 0.386963
vt 0.991699 0.393310
vt 0.987793 0.393555
vt 0.987793 0.399902
vt 0.991699 0.399902
vt 0.991699 0.406250
vt 0.949707 0.124573
vt 0.945312 0.129150
vt 0.952148 0.118774
vt 0.939453 0.131470
vt 0.949707 0.106689
vt 0.952148 0.112488
vt 0.933106 0.131470
vt 0.933106 0.099792
vt 0.939453 0.099792
vt 0.945312 0.102173
vt 0.927246 0.102173
vt 0.920410 0.118774
vt 0.927246 0.129150
vt 0.922852 0.124573
vt 0.922852 0.106689
vt 0.920410 0.112488
vt 0.977539 0.208740
vt 0.973144 0.213135
vt 0.979981 0.202759
vt 0.948242 0.202759
vt 0.979981 0.196411
vt 0.967285 0.215576
vt 0.960938 0.215576
vt 0.955078 0.213135
vt 0.950684 0.208740
vt 0.977539 0.190552
vt 0.948242 0.196411
vt 0.967285 0.183594
vt 0.973144 0.186035
vt 0.960938 0.183594
vt 0.950684 0.190552
vt 0.955078 0.186035
vt 0.292236 0.105774
vt 0.298584 0.105774
vt 0.292236 0.109497
vt 0.298584 0.109497
vt 0.304932 0.105774
vt 0.304932 0.109619
vt 0.311279 0.105774
vt 0.311279 0.109619
vt 0.317627 0.105774
vt 0.317627 0.109619
vt 0.285889 0.105774
vt 0.285889 0.109497
vt 0.279541 0.109497
vt 0.279541 0.105774
vt 0.381103 0.109497
vt 0.375000 0.109497
vt 0.381103 0.105774
vt 0.375000 0.105774
vt 0.368408 0.109497
vt 0.368408 0.105774
vt 0.362305 0.105774
vt 0.362305 0.109497
vt 0.355713 0.109497
vt 0.355713 0.105774
vt 0.349365 0.105774
vt 0.349365 0.109619
vt 0.343018 0.109619
vt 0.343018 0.105774
vt 0.336670 0.105774
vt 0.336670 0.109619
vt 0.330322 0.109619
vt 0.330322 0.105774
vt 0.323975 0.105774
vt 0.323975 0.109619
vt 0.754394 0.035187
vt 0.751953 0.040985
vt 0.754394 0.028793
vt 0.747559 0.045502
vt 0.747559 0.018402
vt 0.751953 0.022903
vt 0.741699 0.048004
vt 0.729492 0.018402
vt 0.735352 0.016006
vt 0.741699 0.016006
vt 0.725098 0.022903
vt 0.725098 0.040985
vt 0.735352 0.048004
vt 0.729492 0.045502
vt 0.722656 0.028793
vt 0.722656 0.035187
vt 0.947754 0.920410
vt 0.943359 0.924316
vt 0.950195 0.914551
vt 0.919434 0.914551
vt 0.950195 0.908691
vt 0.937988 0.926758
vt 0.931641 0.926758
vt 0.926269 0.924316
vt 0.921875 0.920410
vt 0.947754 0.902832
vt 0.919434 0.908691
vt 0.937988 0.895996
vt 0.943359 0.898438
vt 0.931641 0.895996
vt 0.921875 0.902832
vt 0.926269 0.898438
vt 0.904297 0.415527
vt 0.904297 0.421631
vt 0.900391 0.415527
vt 0.900391 0.421631
vt 0.904297 0.427734
vt 0.900391 0.427734
vt 0.904297 0.433838
vt 0.900391 0.433838
vt 0.904297 0.439941
vt 0.904297 0.409424
vt 0.900391 0.409424
vt 0.900391 0.403320
vt 0.904297 0.403320
vt 0.900391 0.500977
vt 0.900391 0.494873
vt 0.904297 0.500977
vt 0.904297 0.494873
vt 0.900391 0.488770
vt 0.904297 0.488770
vt 0.904297 0.482666
vt 0.900391 0.482666
vt 0.900391 0.476562
vt 0.904297 0.476562
vt 0.904297 0.470459
vt 0.900391 0.470459
vt 0.900391 0.464355
vt 0.904297 0.464355
vt 0.904297 0.458252
vt 0.900391 0.458252
vt 0.900391 0.452148
vt 0.904297 0.452148
vt 0.904297 0.446045
vt 0.900391 0.446045
vt 0.900391 0.439941
vt 0.950195 0.080322
vt 0.947754 0.085876
vt 0.950195 0.074219
vt 0.943359 0.090210
vt 0.943359 0.064209
vt 0.947754 0.068481
vt 0.937988 0.092590
vt 0.926269 0.064209
vt 0.931641 0.061890
vt 0.937988 0.061890
vt 0.921875 0.068481
vt 0.921875 0.085876
vt 0.931641 0.092590
vt 0.926269 0.090210
vt 0.919434 0.074219
vt 0.919434 0.080322
vt 0.940918 0.566894
vt 0.945801 0.568848
vt 0.935059 0.566894
vt 0.945801 0.592773
vt 0.930176 0.568848
vt 0.949707 0.572754
vt 0.952148 0.578125
vt 0.952148 0.583496
vt 0.949707 0.588867
vt 0.926269 0.572754
vt 0.940918 0.594727
vt 0.923828 0.583496
vt 0.923828 0.578125
vt 0.926269 0.588867
vt 0.935059 0.594727
vt 0.930176 0.592773
vt 0.900391 0.065491
vt 0.900391 0.071106
vt 0.896484 0.065491
vt 0.896484 0.071106
vt 0.900391 0.076599
vt 0.896484 0.076599
vt 0.900391 0.082214
vt 0.896484 0.082214
vt 0.900391 0.087830
vt 0.896484 0.087830
vt 0.900391 0.059906
vt 0.896484 0.059906
vt 0.896484 0.054291
vt 0.900391 0.054291
vt 0.896484 0.143677
vt 0.896484 0.138061
vt 0.900391 0.143677
vt 0.900391 0.138061
vt 0.896484 0.132446
vt 0.900391 0.132446
vt 0.900391 0.126953
vt 0.896484 0.126953
vt 0.896484 0.121399
vt 0.900391 0.121399
vt 0.900391 0.115784
vt 0.896484 0.115784
vt 0.896484 0.110229
vt 0.900391 0.110229
vt 0.900391 0.104614
vt 0.896484 0.104614
vt 0.896484 0.098999
vt 0.900391 0.098999
vt 0.900391 0.093384
vt 0.896484 0.093384
vt 0.940918 0.283447
vt 0.935059 0.283447
vt 0.945801 0.281250
vt 0.930176 0.281250
vt 0.952148 0.272217
vt 0.949707 0.277344
vt 0.926269 0.277344
vt 0.945801 0.257568
vt 0.949707 0.261475
vt 0.952148 0.266602
vt 0.940918 0.255371
vt 0.926269 0.261475
vt 0.923828 0.272217
vt 0.923828 0.266602
vt 0.935059 0.255371
vt 0.930176 0.257568
vt 0.930664 0.478760
vt 0.926269 0.474609
vt 0.936035 0.480957
vt 0.936035 0.451172
vt 0.941894 0.480957
vt 0.924316 0.468994
vt 0.924316 0.463135
vt 0.926269 0.457764
vt 0.930664 0.453613
vt 0.947754 0.478760
vt 0.941894 0.451172
vt 0.954102 0.468994
vt 0.951660 0.474609
vt 0.954102 0.463135
vt 0.947754 0.453613
vt 0.951660 0.457764
vt 0.176392 0.093811
vt 0.182251 0.093811
vt 0.176392 0.097412
vt 0.182251 0.097412
vt 0.188355 0.093811
vt 0.188355 0.097412
vt 0.194214 0.093811
vt 0.194214 0.097412
vt 0.200073 0.093811
vt 0.170532 0.093811
vt 0.170532 0.097412
vt 0.164551 0.097412
vt 0.164551 0.093811
vt 0.259522 0.097412
vt 0.253662 0.097412
vt 0.259522 0.093811
vt 0.253662 0.093811
vt 0.247559 0.097412
vt 0.247559 0.093811
vt 0.241699 0.093811
vt 0.241699 0.097412
vt 0.235840 0.097412
vt 0.235840 0.093811
vt 0.229858 0.093811
vt 0.229858 0.097412
vt 0.223877 0.097412
vt 0.223877 0.093811
vt 0.217895 0.093811
vt 0.217895 0.097412
vt 0.212036 0.097412
vt 0.212036 0.093811
vt 0.206055 0.093811
vt 0.206055 0.097412
vt 0.200073 0.097412
vt 0.936035 0.403320
vt 0.930664 0.400879
vt 0.941894 0.403320
vt 0.926269 0.396728
vt 0.951660 0.396728
vt 0.947754 0.400879
vt 0.924316 0.391113
vt 0.951660 0.379883
vt 0.954102 0.385254
vt 0.954102 0.391113
vt 0.947754 0.375488
vt 0.930664 0.375488
vt 0.924316 0.385254
vt 0.926269 0.379883
vt 0.941894 0.373291
vt 0.936035 0.373291
vt 0.483887 0.333008
vt 0.483887 0.329102
vt 0.770508 0.330078
vt 0.770019 0.325195
vt 0.770019 0.320557
vt 0.483887 0.324951
vt 0.770019 0.315674
vt 0.483887 0.320801
vt 0.770019 0.310791
vt 0.483643 0.316895
vt 0.483643 0.381348
vt 0.483887 0.377197
vt 0.770019 0.387207
vt 0.770019 0.382568
vt 0.483887 0.373291
vt 0.770019 0.377685
vt 0.770019 0.372803
vt 0.483887 0.369141
vt 0.770508 0.368164
vt 0.483887 0.365234
vt 0.483887 0.361084
vt 0.770508 0.363281
vt 0.484131 0.357178
vt 0.770508 0.358643
vt 0.770508 0.354004
vt 0.484131 0.353027
vt 0.484131 0.349121
vt 0.770508 0.349121
vt 0.770508 0.344238
vt 0.484131 0.345215
vt 0.484131 0.341065
vt 0.770508 0.339600
vt 0.483887 0.336914
vt 0.770508 0.334717
vt 0.084900 0.741211
vt 0.091125 0.746094
vt 0.082214 0.744141
vt 0.087585 0.750000
vt 0.083496 0.753418
vt 0.079102 0.746582
vt 0.078979 0.755859
vt 0.075623 0.749023
vt 0.074097 0.757812
vt 0.071899 0.750488
vt 0.093872 0.741211
vt 0.086975 0.737793
vt 0.088623 0.733887
vt 0.095886 0.736328
vt 0.097229 0.731445
vt 0.089478 0.729981
vt 0.089783 0.726074
vt 0.097595 0.726074
vt 0.089478 0.722168
vt 0.097229 0.720703
vt 0.088623 0.718262
vt 0.095886 0.715820
vt 0.086975 0.714356
vt 0.093872 0.710938
vt 0.091125 0.706543
vt 0.084900 0.710938
vt 0.087585 0.702637
vt 0.082214 0.708008
vt 0.083496 0.699219
vt 0.079102 0.705566
vt 0.075623 0.703613
vt 0.078979 0.696289
vt 0.074097 0.694824
vt 0.071899 0.702148
vt 0.908203 0.768066
vt 0.880859 0.768066
vt 0.908203 0.761231
vt 0.880859 0.761231
vt 0.880859 0.754394
vt 0.908203 0.754394
vt 0.880859 0.774414
vt 0.908203 0.774414
vt 0.887207 0.781250
vt 0.880859 0.781250
vt 0.908203 0.781250
vt 0.889160 0.798828
vt 0.900879 0.798828
vt 0.900879 0.806641
vt 0.895996 0.806641
vt 0.375244 0.751465
vt 0.375244 0.746582
vt 0.381103 0.751465
vt 0.381103 0.746582
vt 0.510254 0.103271
vt 0.503418 0.103271
vt 0.510254 0.075928
vt 0.517090 0.103271
vt 0.517090 0.075928
vt 0.523926 0.082520
vt 0.523926 0.075928
vt 0.523926 0.103271
vt 0.541504 0.096313
vt 0.541504 0.084473
vt 0.548828 0.091187
vt 0.548828 0.096313
vt 0.503418 0.075928
vt 0.496826 0.075928
vt 0.496826 0.103271
vt 0.218140 0.447022
vt 0.245483 0.447022
vt 0.218140 0.453857
vt 0.245483 0.453857
vt 0.245483 0.460693
vt 0.218140 0.460693
vt 0.218140 0.467285
vt 0.245483 0.467285
vt 0.218140 0.474121
vt 0.245483 0.474121
vt 0.950195 0.784668
vt 0.947266 0.791016
vt 0.950195 0.778320
vt 0.942871 0.767090
vt 0.947266 0.771973
vt 0.936523 0.764648
vt 0.942871 0.795898
vt 0.923340 0.795898
vt 0.936523 0.798340
vt 0.929688 0.798340
vt 0.918457 0.791016
vt 0.929688 0.764648
vt 0.916016 0.784668
vt 0.923340 0.767090
vt 0.916016 0.778320
vt 0.918457 0.771973
vt 0.111816 0.018005
vt 0.111816 0.024597
vt 0.105103 0.018005
vt 0.105103 0.024597
vt 0.098328 0.024597
vt 0.098328 0.018005
vt 0.091492 0.024597
vt 0.091492 0.018005
vt 0.084778 0.024597
vt 0.084778 0.018005
vt 0.379150 0.730957
vt 0.391357 0.729004
vt 0.375488 0.736328
vt 0.380371 0.724121
vt 0.379150 0.717773
vt 0.391357 0.719727
vt 0.375488 0.711914
vt 0.401123 0.727539
vt 0.401123 0.721191
vt 0.908691 0.508301
vt 0.913086 0.514160
vt 0.903320 0.510742
vt 0.904785 0.518066
vt 0.914062 0.527832
vt 0.920410 0.526367
vt 0.927246 0.527344
vt 0.908203 0.531738
vt 0.904297 0.537109
vt 0.915527 0.531250
vt 0.920410 0.530273
vt 0.911133 0.534180
vt 0.925781 0.530762
vt 0.908203 0.538574
vt 0.930176 0.533691
vt 0.932617 0.530762
vt 0.903320 0.543945
vt 0.907227 0.543945
vt 0.908203 0.548828
vt 0.904785 0.550293
vt 0.911133 0.553223
vt 0.908691 0.556152
vt 0.933106 0.538086
vt 0.936523 0.536621
vt 0.937988 0.542969
vt 0.934082 0.543457
vt 0.915527 0.556152
vt 0.914062 0.559570
vt 0.920898 0.561035
vt 0.920898 0.557129
vt 0.937012 0.549805
vt 0.933106 0.548340
vt 0.927734 0.559570
vt 0.925781 0.555664
vt 0.930176 0.552734
vt 0.933106 0.555664
vt 0.115418 0.070679
vt 0.110901 0.075195
vt 0.117798 0.064880
vt 0.086121 0.064880
vt 0.117798 0.058594
vt 0.105103 0.077576
vt 0.098816 0.077576
vt 0.093018 0.075195
vt 0.088501 0.070679
vt 0.115418 0.052795
vt 0.086121 0.058594
vt 0.105103 0.045898
vt 0.110901 0.048309
vt 0.098816 0.045898
vt 0.088501 0.052795
vt 0.093018 0.048309
vt 0.189209 0.117798
vt 0.195557 0.117798
vt 0.189209 0.121521
vt 0.195557 0.121521
vt 0.201782 0.117798
vt 0.201782 0.121521
vt 0.208130 0.117798
vt 0.208130 0.121521
vt 0.214355 0.117798
vt 0.182861 0.117798
vt 0.182861 0.121521
vt 0.176636 0.121521
vt 0.176636 0.117798
vt 0.277588 0.121521
vt 0.271240 0.121521
vt 0.277588 0.117798
vt 0.271240 0.117798
vt 0.264893 0.121521
vt 0.264893 0.117798
vt 0.258545 0.117798
vt 0.258545 0.121521
vt 0.252197 0.121521
vt 0.252197 0.117798
vt 0.245850 0.117798
vt 0.245850 0.121521
vt 0.239624 0.121521
vt 0.239624 0.117798
vt 0.233276 0.117798
vt 0.233276 0.121521
vt 0.227051 0.121521
vt 0.227051 0.117798
vt 0.220703 0.117798
vt 0.220703 0.121521
vt 0.214355 0.121521
vt 0.953613 0.436035
vt 0.949219 0.440430
vt 0.956055 0.430176
vt 0.943359 0.442871
vt 0.953613 0.417969
vt 0.956055 0.423828
vt 0.937012 0.442871
vt 0.937012 0.411133
vt 0.943359 0.411133
vt 0.949219 0.413574
vt 0.931152 0.413574
vt 0.924316 0.430176
vt 0.931152 0.440430
vt 0.926758 0.436035
vt 0.926758 0.417969
vt 0.924316 0.423828
vt 0.948731 0.888184
vt 0.942383 0.888184
vt 0.955078 0.885742
vt 0.931641 0.862305
vt 0.959473 0.880859
vt 0.936523 0.885742
vt 0.931641 0.880859
vt 0.929199 0.875000
vt 0.929199 0.868652
vt 0.961914 0.875000
vt 0.936523 0.857910
vt 0.959473 0.862305
vt 0.961914 0.868652
vt 0.955078 0.857910
vt 0.942383 0.855469
vt 0.948731 0.855469
vt 0.075989 0.119812
vt 0.082520 0.119812
vt 0.075989 0.123718
vt 0.082520 0.123718
vt 0.089111 0.119812
vt 0.089111 0.123718
vt 0.095581 0.119812
vt 0.095581 0.123718
vt 0.102173 0.119812
vt 0.069397 0.119812
vt 0.069397 0.123596
vt 0.062927 0.123596
vt 0.062927 0.119812
vt 0.167725 0.123596
vt 0.161133 0.123596
vt 0.167725 0.119812
vt 0.161133 0.119812
vt 0.154541 0.123596
vt 0.154541 0.119812
vt 0.147949 0.119812
vt 0.147949 0.123718
vt 0.141480 0.123718
vt 0.141480 0.119812
vt 0.134888 0.119812
vt 0.134888 0.123718
vt 0.128418 0.123718
vt 0.128418 0.119812
vt 0.121826 0.119812
vt 0.121826 0.123718
vt 0.115295 0.123718
vt 0.115295 0.119812
vt 0.108704 0.119812
vt 0.108704 0.123718
vt 0.102173 0.123718
vt 0.432129 0.037689
vt 0.432129 0.031204
vt 0.434815 0.043793
vt 0.434815 0.025101
vt 0.445312 0.050903
vt 0.439209 0.048401
vt 0.439209 0.020493
vt 0.462647 0.043793
vt 0.458008 0.048401
vt 0.451904 0.050903
vt 0.465088 0.037689
vt 0.458008 0.020493
vt 0.445312 0.018005
vt 0.451904 0.018005
vt 0.465088 0.031204
vt 0.462647 0.025101
vt 0.911621 0.186279
vt 0.916016 0.182007
vt 0.909180 0.191895
vt 0.939941 0.191895
vt 0.909180 0.197998
vt 0.921875 0.179688
vt 0.927734 0.179688
vt 0.933594 0.182007
vt 0.937988 0.186279
vt 0.911621 0.203735
vt 0.939941 0.197998
vt 0.921875 0.210327
vt 0.916016 0.208008
vt 0.927734 0.210327
vt 0.937988 0.203735
vt 0.933594 0.208008
vt 0.900391 0.826660
vt 0.900391 0.833008
vt 0.896484 0.826660
vt 0.896484 0.833008
vt 0.900391 0.838867
vt 0.896484 0.838867
vt 0.900391 0.845215
vt 0.896484 0.845215
vt 0.900391 0.851074
vt 0.900391 0.820801
vt 0.896484 0.820801
vt 0.896484 0.814453
vt 0.900391 0.814453
vt 0.896484 0.912109
vt 0.896484 0.906250
vt 0.900391 0.912109
vt 0.900391 0.906250
vt 0.896484 0.899902
vt 0.900391 0.899902
vt 0.900391 0.894043
vt 0.896484 0.894043
vt 0.896484 0.887695
vt 0.900391 0.887695
vt 0.900391 0.881836
vt 0.896484 0.881836
vt 0.896484 0.875488
vt 0.900391 0.875488
vt 0.900391 0.869629
vt 0.896484 0.869629
vt 0.896484 0.863281
vt 0.900391 0.863281
vt 0.900391 0.857422
vt 0.896484 0.857422
vt 0.896484 0.851074
vt 0.650879 0.072327
vt 0.648438 0.077881
vt 0.650879 0.066223
vt 0.644043 0.082214
vt 0.644043 0.056213
vt 0.648438 0.060608
vt 0.638184 0.084595
vt 0.626465 0.056213
vt 0.632324 0.053894
vt 0.638184 0.053894
vt 0.622559 0.060608
vt 0.622559 0.077881
vt 0.632324 0.084595
vt 0.626465 0.082214
vt 0.620117 0.066223
vt 0.620117 0.072327
vt 0.924316 0.230713
vt 0.926269 0.225586
vt 0.924316 0.236328
vt 0.950195 0.225586
vt 0.926269 0.241455
vt 0.930176 0.221680
vt 0.935547 0.219605
vt 0.940918 0.219605
vt 0.945801 0.221680
vt 0.930176 0.245239
vt 0.952148 0.230713
vt 0.940918 0.247436
vt 0.935547 0.247436
vt 0.945801 0.245239
vt 0.952148 0.236328
vt 0.950195 0.241455
vt 0.277588 0.093811
vt 0.283203 0.093811
vt 0.277588 0.097595
vt 0.283203 0.097595
vt 0.288818 0.093811
vt 0.288818 0.097595
vt 0.294190 0.093811
vt 0.294190 0.097595
vt 0.299805 0.093811
vt 0.272217 0.093811
vt 0.272217 0.097595
vt 0.266602 0.097595
vt 0.266602 0.093811
vt 0.355225 0.097595
vt 0.349609 0.097595
vt 0.355225 0.093811
vt 0.349609 0.093811
vt 0.344238 0.097595
vt 0.344238 0.093811
vt 0.338623 0.093811
vt 0.338623 0.097595
vt 0.333008 0.097595
vt 0.333008 0.093811
vt 0.327637 0.093811
vt 0.327637 0.097595
vt 0.322022 0.097595
vt 0.322022 0.093811
vt 0.316406 0.093811
vt 0.316406 0.097595
vt 0.311035 0.097595
vt 0.311035 0.093811
vt 0.305420 0.093811
vt 0.305420 0.097595
vt 0.299805 0.097595
vt 0.142456 0.073791
vt 0.136841 0.073791
vt 0.147583 0.071716
vt 0.131836 0.071716
vt 0.153564 0.062622
vt 0.151489 0.067810
vt 0.127930 0.067810
vt 0.147583 0.048004
vt 0.151489 0.052002
vt 0.153564 0.057098
vt 0.142456 0.045898
vt 0.127930 0.052002
vt 0.125855 0.062622
vt 0.125855 0.057098
vt 0.136841 0.045898
vt 0.131836 0.048004
vt 0.884766 0.870606
vt 0.884766 0.875488
vt 0.882812 0.865723
vt 0.865234 0.883301
vt 0.879394 0.862305
vt 0.882812 0.879883
vt 0.879394 0.883301
vt 0.875000 0.885254
vt 0.870117 0.885254
vt 0.875000 0.860352
vt 0.861816 0.879883
vt 0.865234 0.862305
vt 0.870117 0.860352
vt 0.861816 0.865723
vt 0.859863 0.875488
vt 0.859863 0.870606
vt 0.888184 0.830566
vt 0.888184 0.835938
vt 0.884766 0.830566
vt 0.884766 0.835938
vt 0.888184 0.840820
vt 0.884766 0.840820
vt 0.888184 0.845703
vt 0.884766 0.845703
vt 0.888184 0.850586
vt 0.888184 0.825684
vt 0.884766 0.825684
vt 0.884766 0.820801
vt 0.888184 0.820801
vt 0.884766 0.900391
vt 0.884766 0.895019
vt 0.888184 0.900391
vt 0.888184 0.895019
vt 0.884766 0.890137
vt 0.888184 0.890137
vt 0.888184 0.885254
vt 0.884766 0.885254
vt 0.884766 0.880371
vt 0.888184 0.880371
vt 0.888184 0.875488
vt 0.885254 0.875488
vt 0.885254 0.870606
vt 0.888184 0.870606
vt 0.888184 0.865723
vt 0.884766 0.865723
vt 0.884766 0.860352
vt 0.888184 0.860352
vt 0.888184 0.855469
vt 0.884766 0.855469
vt 0.884766 0.850586
vt 0.951172 0.931152
vt 0.956055 0.931152
vt 0.946289 0.933106
vt 0.960449 0.933106
vt 0.940918 0.940918
vt 0.942871 0.936523
vt 0.964356 0.936523
vt 0.946289 0.954102
vt 0.942871 0.950684
vt 0.940918 0.946289
vt 0.951172 0.956055
vt 0.964356 0.950684
vt 0.965820 0.940918
vt 0.965820 0.946289
vt 0.956055 0.956055
vt 0.960449 0.954102
vt 0.926758 0.675293
vt 0.926758 0.669922
vt 0.928711 0.680176
vt 0.948242 0.660644
vt 0.932617 0.684082
vt 0.928711 0.664551
vt 0.932617 0.660644
vt 0.937500 0.658691
vt 0.942871 0.658691
vt 0.937500 0.686035
vt 0.952148 0.664551
vt 0.948242 0.684082
vt 0.942871 0.686035
vt 0.952148 0.680176
vt 0.954102 0.669922
vt 0.954102 0.675293
vt 0.906250 0.632324
vt 0.906250 0.637695
vt 0.902344 0.632324
vt 0.902344 0.637695
vt 0.906250 0.643066
vt 0.902344 0.643066
vt 0.906250 0.648438
vt 0.902344 0.648438
vt 0.906250 0.653809
vt 0.906250 0.626465
vt 0.902344 0.626465
vt 0.902344 0.621094
vt 0.906250 0.621094
vt 0.902344 0.708496
vt 0.902344 0.703125
vt 0.906250 0.708496
vt 0.906250 0.703125
vt 0.902344 0.697754
vt 0.906250 0.697754
vt 0.906250 0.692383
vt 0.902344 0.692383
vt 0.902344 0.686523
vt 0.906250 0.686523
vt 0.906250 0.681152
vt 0.902344 0.681152
vt 0.902344 0.675781
vt 0.906250 0.675781
vt 0.906250 0.670410
vt 0.902344 0.670410
vt 0.902344 0.665039
vt 0.906250 0.665039
vt 0.906250 0.659180
vt 0.902344 0.659180
vt 0.902344 0.653809
vt 0.382812 0.045898
vt 0.388184 0.045898
vt 0.377685 0.048004
vt 0.393310 0.048004
vt 0.371582 0.056885
vt 0.373779 0.051910
vt 0.397217 0.051910
vt 0.377685 0.071289
vt 0.373779 0.067383
vt 0.371582 0.062408
vt 0.382812 0.073425
vt 0.397217 0.067383
vt 0.399170 0.056885
vt 0.399170 0.062408
vt 0.388184 0.073425
vt 0.393310 0.071289
vt 0.954590 0.804688
vt 0.957031 0.799316
vt 0.954590 0.811035
vt 0.983398 0.799316
vt 0.957031 0.816894
vt 0.961426 0.794922
vt 0.967285 0.792481
vt 0.973633 0.792481
vt 0.979004 0.794922
vt 0.961426 0.821289
vt 0.985840 0.804688
vt 0.973633 0.823731
vt 0.967285 0.823731
vt 0.979004 0.821289
vt 0.985840 0.811035
vt 0.983398 0.816894
vt 0.401855 0.105774
vt 0.408203 0.105774
vt 0.401855 0.109497
vt 0.408203 0.109497
vt 0.414307 0.105774
vt 0.414307 0.109497
vt 0.420654 0.105774
vt 0.420654 0.109497
vt 0.426758 0.105774
vt 0.395752 0.105774
vt 0.395752 0.109497
vt 0.389404 0.109497
vt 0.389404 0.105774
vt 0.489014 0.109497
vt 0.482910 0.109497
vt 0.489014 0.105774
vt 0.482910 0.105774
vt 0.476562 0.109497
vt 0.476562 0.105774
vt 0.470459 0.105774
vt 0.470459 0.109497
vt 0.464111 0.109497
vt 0.464111 0.105774
vt 0.458008 0.105774
vt 0.458008 0.109497
vt 0.451660 0.109497
vt 0.451660 0.105774
vt 0.445557 0.105774
vt 0.445557 0.109497
vt 0.439209 0.109497
vt 0.439209 0.105774
vt 0.433105 0.105774
vt 0.433105 0.109497
vt 0.426758 0.109497
vt 0.868164 0.074402
vt 0.868164 0.080627
vt 0.865723 0.068726
vt 0.865723 0.086426
vt 0.855469 0.061890
vt 0.861328 0.064270
vt 0.861328 0.090820
vt 0.839356 0.068726
vt 0.843750 0.064270
vt 0.849609 0.061890
vt 0.836914 0.074402
vt 0.843750 0.090820
vt 0.855469 0.093201
vt 0.849609 0.093201
vt 0.836914 0.080627
vt 0.839356 0.086426
vt 0.634766 0.020996
vt 0.639160 0.016495
vt 0.632324 0.026901
vt 0.664551 0.026901
vt 0.632324 0.033386
vt 0.645508 0.014000
vt 0.651856 0.014000
vt 0.657715 0.016495
vt 0.662109 0.020996
vt 0.634766 0.039307
vt 0.664551 0.033386
vt 0.645508 0.046295
vt 0.639160 0.043793
vt 0.651856 0.046295
vt 0.662109 0.039307
vt 0.657715 0.043793
vt 0.880371 0.199463
vt 0.880371 0.205933
vt 0.876465 0.199463
vt 0.876465 0.205933
vt 0.880371 0.212280
vt 0.876465 0.212280
vt 0.880371 0.218750
vt 0.876465 0.218750
vt 0.880371 0.225220
vt 0.876465 0.225220
vt 0.880371 0.193115
vt 0.876465 0.193115
vt 0.876465 0.186645
vt 0.880371 0.186645
vt 0.876465 0.289307
vt 0.876465 0.282959
vt 0.880371 0.289307
vt 0.880371 0.282959
vt 0.876465 0.276611
vt 0.880371 0.276611
vt 0.880371 0.270264
vt 0.876465 0.270264
vt 0.876465 0.263672
vt 0.880371 0.263672
vt 0.880371 0.257324
vt 0.876465 0.257324
vt 0.876465 0.250977
vt 0.880371 0.250977
vt 0.880371 0.244507
vt 0.876465 0.244507
vt 0.876465 0.238037
vt 0.880371 0.238037
vt 0.880371 0.231567
vt 0.876465 0.231567
vt 0.930664 0.323486
vt 0.924805 0.320801
vt 0.937012 0.323486
vt 0.920410 0.316406
vt 0.947754 0.316406
vt 0.942871 0.320801
vt 0.917969 0.310303
vt 0.947754 0.298096
vt 0.950195 0.303955
vt 0.950195 0.310303
vt 0.942871 0.293457
vt 0.924805 0.293457
vt 0.917969 0.303955
vt 0.920410 0.298096
vt 0.937012 0.291016
vt 0.930664 0.291016
vt 0.987793 0.618652
vt 0.987793 0.625977
vt 0.982422 0.618652
vt 0.982422 0.625977
vt 0.977051 0.618652
vt 0.977051 0.625977
vt 0.971680 0.625977
vt 0.971680 0.618652
vt 0.966309 0.618652
vt 0.966309 0.625977
vt 0.987793 0.478272
vt 0.982422 0.478272
vt 0.987793 0.471191
vt 0.982422 0.471191
vt 0.977051 0.471191
vt 0.977051 0.478272
vt 0.076416 0.397217
vt 0.070984 0.397217
vt 0.076416 0.389893
vt 0.070984 0.389893
vt 0.065613 0.389893
vt 0.065613 0.397217
vt 0.060089 0.389893
vt 0.060089 0.397217
vt 0.054688 0.397217
vt 0.054688 0.389893
vt 0.049194 0.389893
vt 0.049194 0.397217
vt 0.043793 0.389893
vt 0.043793 0.397217
vt 0.038300 0.389893
vt 0.038300 0.397217
vt 0.032898 0.389893
vt 0.032898 0.397217
vt 0.027405 0.389893
vt 0.027405 0.397217
vt 0.022003 0.397217
vt 0.022003 0.389893
vt 0.592773 0.054413
vt 0.590820 0.059387
vt 0.592773 0.048889
vt 0.571289 0.040009
vt 0.586914 0.063171
vt 0.582031 0.065308
vt 0.576172 0.065308
vt 0.571289 0.063171
vt 0.567383 0.059387
vt 0.565430 0.054413
vt 0.565430 0.048889
vt 0.567383 0.043915
vt 0.586914 0.040009
vt 0.590820 0.043915
vt 0.582031 0.037903
vt 0.576172 0.037903
vt 0.361084 0.069397
vt 0.356690 0.073608
vt 0.363281 0.063904
vt 0.333252 0.063904
vt 0.363281 0.057892
vt 0.351318 0.075928
vt 0.345215 0.075928
vt 0.339844 0.073608
vt 0.335693 0.069397
vt 0.361084 0.052399
vt 0.333252 0.057892
vt 0.351318 0.045898
vt 0.356690 0.048187
vt 0.345215 0.045898
vt 0.335693 0.052399
vt 0.339844 0.048187
vt 0.884277 0.135254
vt 0.884277 0.129273
vt 0.888184 0.135254
vt 0.888184 0.129273
vt 0.884277 0.123413
vt 0.888184 0.123413
vt 0.884277 0.117371
vt 0.888184 0.117371
vt 0.884277 0.111511
vt 0.884277 0.141235
vt 0.887695 0.141235
vt 0.887695 0.147217
vt 0.884277 0.147217
vt 0.887695 0.051910
vt 0.887695 0.057892
vt 0.884277 0.051910
vt 0.884277 0.057892
vt 0.887695 0.063782
vt 0.884277 0.063782
vt 0.884277 0.069824
vt 0.888184 0.069824
vt 0.888184 0.075684
vt 0.884277 0.075684
vt 0.884277 0.081726
vt 0.888184 0.081726
vt 0.888184 0.087585
vt 0.884277 0.087585
vt 0.884277 0.093628
vt 0.888184 0.093628
vt 0.888184 0.099609
vt 0.884277 0.099609
vt 0.884277 0.105530
vt 0.888184 0.105530
vt 0.888184 0.111511
vt 0.936035 0.519043
vt 0.930664 0.516602
vt 0.941894 0.519043
vt 0.926269 0.512695
vt 0.951660 0.512695
vt 0.947754 0.516602
vt 0.924316 0.506836
vt 0.951660 0.495605
vt 0.954102 0.500977
vt 0.954102 0.506836
vt 0.947754 0.491211
vt 0.930664 0.491211
vt 0.924316 0.500977
vt 0.926269 0.495605
vt 0.941894 0.489014
vt 0.936035 0.489014
vt 0.720703 0.066406
vt 0.716797 0.070129
vt 0.722656 0.061615
vt 0.696289 0.061615
vt 0.722656 0.056396
vt 0.711914 0.072083
vt 0.707031 0.072083
vt 0.702148 0.070129
vt 0.698242 0.066406
vt 0.720703 0.051605
vt 0.696289 0.056396
vt 0.711914 0.045898
vt 0.716797 0.047913
vt 0.707031 0.045898
vt 0.698242 0.051605
vt 0.702148 0.047913
vt 0.916016 0.336426
vt 0.916016 0.341553
vt 0.913086 0.336426
vt 0.913086 0.341553
vt 0.916016 0.346680
vt 0.913086 0.346680
vt 0.916016 0.352051
vt 0.913086 0.352051
vt 0.916016 0.357178
vt 0.913086 0.357178
vt 0.916016 0.331299
vt 0.913086 0.331299
vt 0.913086 0.325928
vt 0.916016 0.325928
vt 0.913086 0.409180
vt 0.913086 0.404053
vt 0.916016 0.409180
vt 0.916016 0.404053
vt 0.913086 0.398682
vt 0.916016 0.398682
vt 0.916016 0.393555
vt 0.913086 0.393555
vt 0.913086 0.388428
vt 0.916016 0.388428
vt 0.916016 0.383301
vt 0.913086 0.383301
vt 0.913086 0.377930
vt 0.916016 0.377930
vt 0.916016 0.372803
vt 0.913086 0.372803
vt 0.913086 0.367676
vt 0.916016 0.367676
vt 0.916016 0.362305
vt 0.913086 0.362305
vt 0.956055 0.837891
vt 0.954102 0.842773
vt 0.956055 0.833008
vt 0.950195 0.846680
vt 0.950195 0.824219
vt 0.954102 0.828125
vt 0.945801 0.848633
vt 0.935547 0.824219
vt 0.940430 0.822266
vt 0.945801 0.822266
vt 0.932129 0.828125
vt 0.932129 0.842773
vt 0.940430 0.848633
vt 0.935547 0.846680
vt 0.929688 0.833008
vt 0.929688 0.837891
vt 0.665527 0.080322
vt 0.661133 0.075928
vt 0.670898 0.082581
vt 0.670898 0.051910
vt 0.677246 0.082581
vt 0.658691 0.070312
vt 0.658691 0.064209
vt 0.661133 0.058594
vt 0.665527 0.054199
vt 0.682617 0.080322
vt 0.677246 0.051910
vt 0.689453 0.070312
vt 0.687012 0.075928
vt 0.689453 0.064209
vt 0.682617 0.054199
vt 0.687012 0.058594
vt 0.902344 0.164062
vt 0.902344 0.170166
vt 0.898438 0.164062
vt 0.898438 0.170166
vt 0.902344 0.176270
vt 0.898438 0.176270
vt 0.902344 0.182373
vt 0.898438 0.182373
vt 0.902344 0.188477
vt 0.902344 0.157959
vt 0.898438 0.157959
vt 0.898438 0.151855
vt 0.902344 0.151855
vt 0.898438 0.249512
vt 0.898438 0.243408
vt 0.902344 0.249512
vt 0.902344 0.243408
vt 0.898438 0.237305
vt 0.902344 0.237305
vt 0.902344 0.231201
vt 0.898438 0.231201
vt 0.898438 0.225098
vt 0.902344 0.225098
vt 0.902344 0.218994
vt 0.898438 0.218994
vt 0.898438 0.212891
vt 0.902344 0.212891
vt 0.902344 0.206787
vt 0.898438 0.206787
vt 0.898438 0.200684
vt 0.902344 0.200684
vt 0.902344 0.194580
vt 0.898438 0.194580
vt 0.898438 0.188477
vt 0.778320 0.070312
vt 0.775879 0.075928
vt 0.778320 0.064209
vt 0.771973 0.080322
vt 0.771973 0.054199
vt 0.775879 0.058594
vt 0.766113 0.082581
vt 0.754394 0.054199
vt 0.759766 0.051910
vt 0.766113 0.051910
vt 0.750000 0.058594
vt 0.750000 0.075928
vt 0.759766 0.082581
vt 0.754394 0.080322
vt 0.747559 0.064209
vt 0.747559 0.070312
vt 0.265137 0.060791
vt 0.260498 0.065186
vt 0.267578 0.054901
vt 0.235840 0.054901
vt 0.267578 0.048614
vt 0.254883 0.067627
vt 0.248535 0.067627
vt 0.242676 0.065186
vt 0.238159 0.060791
vt 0.265137 0.042786
vt 0.235840 0.048614
vt 0.254883 0.035889
vt 0.260498 0.038391
vt 0.248535 0.035889
vt 0.238159 0.042786
vt 0.242676 0.038391
vt 0.183227 0.105774
vt 0.189453 0.105774
vt 0.183227 0.109497
vt 0.189453 0.109497
vt 0.195801 0.105774
vt 0.195801 0.109497
vt 0.202148 0.105774
vt 0.202148 0.109497
vt 0.208374 0.105774
vt 0.176880 0.105774
vt 0.176880 0.109497
vt 0.170654 0.109497
vt 0.170654 0.105774
vt 0.271484 0.109497
vt 0.265137 0.109497
vt 0.271484 0.105774
vt 0.265137 0.105774
vt 0.258789 0.109497
vt 0.258789 0.105774
vt 0.252685 0.105774
vt 0.252685 0.109497
vt 0.246338 0.109497
vt 0.246338 0.105774
vt 0.239990 0.105774
vt 0.239990 0.109497
vt 0.233643 0.109497
vt 0.233643 0.105774
vt 0.227295 0.105774
vt 0.227295 0.109497
vt 0.220947 0.109497
vt 0.220947 0.105774
vt 0.214722 0.105774
vt 0.214722 0.109497
vt 0.208374 0.109497
vt 0.971680 0.050812
vt 0.967285 0.055206
vt 0.974121 0.045013
vt 0.961426 0.057709
vt 0.971680 0.032806
vt 0.974121 0.038696
vt 0.955078 0.057709
vt 0.955078 0.026001
vt 0.961426 0.026001
vt 0.967285 0.028397
vt 0.949219 0.028397
vt 0.942383 0.045013
vt 0.949219 0.055206
vt 0.944824 0.050812
vt 0.944824 0.032806
vt 0.942383 0.038696
vt 0.692383 0.580078
vt 0.692383 0.726562
vt 0.685547 0.574219
vt 0.685547 0.721680
vt 0.685547 0.726562
vt 0.678711 0.721680
vt 0.678711 0.571777
vt 0.671875 0.721680
vt 0.671875 0.574219
vt 0.665039 0.580078
vt 0.665039 0.726562
vt 0.671875 0.726562
vt 0.909668 0.978027
vt 0.909668 0.968750
vt 0.914062 0.978027
vt 0.914062 0.968750
vt 0.914062 0.961426
vt 0.909668 0.961426
vt 0.909668 0.954102
vt 0.172974 0.247803
vt 0.172974 0.243530
vt 0.319336 0.247803
vt 0.319336 0.243530
vt 0.185547 0.215454
vt 0.174561 0.215454
vt 0.185547 0.208496
vt 0.174561 0.208496
vt 0.185547 0.201660
vt 0.174561 0.201660
vt 0.637695 0.546875
vt 0.637695 0.551758
vt 0.626465 0.546875
vt 0.626465 0.551758
vt 0.914062 0.954102
vt 0.909668 0.945312
vt 0.914062 0.945312
vt 0.852539 0.990234
vt 0.848144 0.990234
vt 0.852539 0.843750
vt 0.848144 0.843750
vt 0.716797 0.603027
vt 0.711914 0.603027
vt 0.716797 0.591797
vt 0.711914 0.591797
vt 0.874023 0.900391
vt 0.859863 0.900391
vt 0.874023 0.895996
vt 0.859863 0.895996
vt 0.882324 0.742676
vt 0.867676 0.742676
vt 0.882324 0.738281
vt 0.867676 0.738281
vt 0.929688 0.814941
vt 0.929688 0.806641
vt 0.944336 0.814941
vt 0.944336 0.806641
vt 0.591309 0.016006
vt 0.591309 0.030502
vt 0.583008 0.016006
vt 0.583008 0.030502
vt 0.417236 0.047913
vt 0.422607 0.047913
vt 0.412353 0.049896
vt 0.431152 0.068726
vt 0.408691 0.053711
vt 0.427490 0.049896
vt 0.431152 0.053711
vt 0.433105 0.058594
vt 0.433105 0.063782
vt 0.406494 0.058594
vt 0.427490 0.072388
vt 0.408691 0.068726
vt 0.406494 0.063782
vt 0.412353 0.072388
vt 0.422607 0.074524
vt 0.417236 0.074524
vt 0.916016 0.427002
vt 0.916016 0.432373
vt 0.913086 0.427002
vt 0.913086 0.432373
vt 0.916016 0.437500
vt 0.913086 0.437500
vt 0.916016 0.442871
vt 0.913086 0.442871
vt 0.916016 0.448242
vt 0.916016 0.421875
vt 0.913086 0.421875
vt 0.913086 0.416504
vt 0.916016 0.416504
vt 0.913086 0.500977
vt 0.913086 0.495605
vt 0.916016 0.500977
vt 0.916016 0.495605
vt 0.913086 0.490478
vt 0.916016 0.490478
vt 0.916016 0.485107
vt 0.913086 0.485107
vt 0.913086 0.479980
vt 0.916016 0.479980
vt 0.916016 0.474609
vt 0.913086 0.474609
vt 0.913086 0.469238
vt 0.916016 0.469238
vt 0.916016 0.464111
vt 0.913086 0.464111
vt 0.913086 0.458740
vt 0.916016 0.458740
vt 0.916016 0.453613
vt 0.913086 0.453613
vt 0.913086 0.448242
vt 0.177734 0.045898
vt 0.182983 0.045898
vt 0.172852 0.047913
vt 0.187866 0.047913
vt 0.167114 0.056610
vt 0.169067 0.051697
vt 0.191650 0.051697
vt 0.172852 0.070496
vt 0.169067 0.066711
vt 0.167114 0.061798
vt 0.177734 0.072510
vt 0.191650 0.066711
vt 0.193604 0.056610
vt 0.193604 0.061798
vt 0.182983 0.072510
vt 0.187866 0.070496
vt 0.889160 0.309082
vt 0.889160 0.314209
vt 0.887207 0.304199
vt 0.868652 0.322754
vt 0.883301 0.300781
vt 0.887207 0.319092
vt 0.883301 0.322754
vt 0.878906 0.324707
vt 0.873535 0.324707
vt 0.878906 0.298584
vt 0.865234 0.319092
vt 0.868652 0.300781
vt 0.873535 0.298584
vt 0.865234 0.304199
vt 0.863281 0.314209
vt 0.863281 0.309082
vt 0.892090 0.267822
vt 0.892090 0.272949
vt 0.889160 0.267822
vt 0.889160 0.272949
vt 0.892090 0.278076
vt 0.889160 0.278076
vt 0.892090 0.283203
vt 0.889160 0.283203
vt 0.892090 0.288574
vt 0.892090 0.262695
vt 0.889160 0.262695
vt 0.889160 0.257568
vt 0.892090 0.257568
vt 0.889160 0.340088
vt 0.889160 0.334961
vt 0.892090 0.340088
vt 0.892090 0.334961
vt 0.889160 0.329590
vt 0.892090 0.329590
vt 0.892090 0.324707
vt 0.889160 0.324707
vt 0.889160 0.319336
vt 0.892090 0.319336
vt 0.892090 0.314209
vt 0.892090 0.309082
vt 0.892090 0.303955
vt 0.889160 0.303955
vt 0.889160 0.298828
vt 0.892090 0.298828
vt 0.892090 0.293701
vt 0.889160 0.293701
vt 0.889160 0.288574
vt 0.952637 0.987793
vt 0.947754 0.990234
vt 0.956055 0.984375
vt 0.942383 0.990234
vt 0.958008 0.974609
vt 0.958008 0.979492
vt 0.937500 0.987793
vt 0.947754 0.963867
vt 0.952637 0.965820
vt 0.956055 0.969727
vt 0.942383 0.963867
vt 0.932129 0.974609
vt 0.934082 0.984375
vt 0.932129 0.979492
vt 0.937500 0.965820
vt 0.934082 0.969727
vt 0.204346 0.047394
vt 0.207886 0.043793
vt 0.202393 0.052002
vt 0.227539 0.052002
vt 0.202393 0.057007
vt 0.212524 0.041901
vt 0.217529 0.041901
vt 0.222046 0.043793
vt 0.225586 0.047394
vt 0.204346 0.061615
vt 0.227539 0.057007
vt 0.212524 0.067078
vt 0.207886 0.065186
vt 0.217529 0.067078
vt 0.225586 0.061615
vt 0.222046 0.065186
vt 0.820312 0.092773
vt 0.815430 0.092773
vt 0.820312 0.089783
vt 0.815430 0.089783
vt 0.810059 0.092773
vt 0.810059 0.089783
vt 0.805176 0.092773
vt 0.805176 0.089783
vt 0.800293 0.092773
vt 0.800293 0.089783
vt 0.825195 0.092773
vt 0.825195 0.089783
vt 0.830078 0.089783
vt 0.830078 0.092773
vt 0.750488 0.089783
vt 0.755371 0.089783
vt 0.750488 0.092773
vt 0.755371 0.092773
vt 0.760254 0.089783
vt 0.760254 0.092773
vt 0.765137 0.092773
vt 0.765137 0.089783
vt 0.770508 0.089783
vt 0.770508 0.092773
vt 0.775391 0.092773
vt 0.775391 0.089783
vt 0.780273 0.089783
vt 0.780273 0.092773
vt 0.785156 0.092773
vt 0.785156 0.089783
vt 0.790527 0.089783
vt 0.790527 0.092773
vt 0.795410 0.092773
vt 0.795410 0.089783
vt 0.515137 0.057007
vt 0.513184 0.061615
vt 0.515137 0.052002
vt 0.509277 0.065186
vt 0.509277 0.043793
vt 0.513184 0.047394
vt 0.504883 0.067078
vt 0.495361 0.043793
vt 0.500000 0.041901
vt 0.504883 0.041901
vt 0.491699 0.047394
vt 0.491699 0.061615
vt 0.500000 0.067078
vt 0.495361 0.065186
vt 0.489746 0.052002
vt 0.489746 0.057007
vt 0.962891 0.714844
vt 0.958008 0.716797
vt 0.966309 0.711426
vt 0.943359 0.701660
vt 0.967773 0.707031
vt 0.953613 0.716797
vt 0.948731 0.714844
vt 0.945312 0.711426
vt 0.943359 0.707031
vt 0.967773 0.701660
vt 0.945312 0.697266
vt 0.962891 0.693848
vt 0.966309 0.697266
vt 0.958008 0.691894
vt 0.948731 0.693848
vt 0.953613 0.691894
vt 0.309326 0.519043
vt 0.309326 0.514160
vt 0.312256 0.519043
vt 0.312256 0.514160
vt 0.309326 0.509277
vt 0.312256 0.509277
vt 0.309326 0.504394
vt 0.312256 0.504394
vt 0.309326 0.499756
vt 0.312256 0.499756
vt 0.309326 0.523926
vt 0.312256 0.523926
vt 0.312256 0.528809
vt 0.309326 0.528809
vt 0.312256 0.451172
vt 0.312256 0.456055
vt 0.309326 0.451172
vt 0.309326 0.456055
vt 0.312256 0.460693
vt 0.309326 0.460693
vt 0.309326 0.465820
vt 0.312256 0.465820
vt 0.312256 0.470703
vt 0.309326 0.470703
vt 0.309326 0.475342
vt 0.312256 0.475342
vt 0.312256 0.480225
vt 0.309326 0.480225
vt 0.309326 0.485107
vt 0.312256 0.485107
vt 0.312256 0.489990
vt 0.309326 0.489990
vt 0.309326 0.494873
vt 0.312256 0.494873
vt 0.834473 0.032013
vt 0.838867 0.033813
vt 0.829590 0.032013
vt 0.842285 0.037292
vt 0.821777 0.037292
vt 0.825195 0.033813
vt 0.844238 0.041809
vt 0.821777 0.051086
vt 0.819824 0.046600
vt 0.819824 0.041809
vt 0.825195 0.054596
vt 0.838867 0.054596
vt 0.844238 0.046600
vt 0.842285 0.051086
vt 0.829590 0.056396
vt 0.834473 0.056396
vt 0.970215 0.551269
vt 0.968262 0.555664
vt 0.970215 0.546387
vt 0.947266 0.555664
vt 0.968262 0.541992
vt 0.964844 0.559082
vt 0.960449 0.561035
vt 0.955566 0.561035
vt 0.950684 0.559082
vt 0.964844 0.538574
vt 0.945801 0.551269
vt 0.955566 0.536621
vt 0.960449 0.536621
vt 0.951172 0.538574
vt 0.945801 0.546387
vt 0.947266 0.541992
vt 0.626953 0.990234
vt 0.622070 0.990234
vt 0.626953 0.987305
vt 0.622070 0.987305
vt 0.617188 0.990234
vt 0.617188 0.987305
vt 0.612305 0.990234
vt 0.612305 0.987305
vt 0.607422 0.990234
vt 0.631836 0.990234
vt 0.631836 0.987305
vt 0.636719 0.987305
vt 0.636719 0.990234
vt 0.559082 0.987305
vt 0.563477 0.987305
vt 0.559082 0.990234
vt 0.563477 0.990234
vt 0.568359 0.987305
vt 0.568359 0.990234
vt 0.573242 0.990234
vt 0.573242 0.987305
vt 0.578125 0.987305
vt 0.578125 0.990234
vt 0.583008 0.990234
vt 0.583008 0.987305
vt 0.587891 0.987305
vt 0.587891 0.990234
vt 0.592773 0.990234
vt 0.592773 0.987305
vt 0.597656 0.987305
vt 0.597656 0.990234
vt 0.602539 0.990234
vt 0.602539 0.987305
vt 0.607422 0.987305
vt 0.874512 0.049103
vt 0.871094 0.052490
vt 0.875977 0.044586
vt 0.866699 0.054291
vt 0.874512 0.035187
vt 0.875977 0.039703
vt 0.861816 0.054291
vt 0.861816 0.029999
vt 0.866699 0.029999
vt 0.871094 0.031799
vt 0.856934 0.031799
vt 0.852051 0.044586
vt 0.856934 0.052490
vt 0.853516 0.049011
vt 0.853516 0.035187
vt 0.852051 0.039703
vt 0.906738 0.041290
vt 0.908691 0.036987
vt 0.906738 0.045898
vt 0.928223 0.036987
vt 0.908691 0.050201
vt 0.912109 0.033691
vt 0.916016 0.032013
vt 0.920898 0.032013
vt 0.925293 0.033691
vt 0.912109 0.053406
vt 0.930176 0.041290
vt 0.920898 0.055206
vt 0.916016 0.055206
vt 0.925293 0.053406
vt 0.930176 0.045898
vt 0.928223 0.050201
vt 0.605957 0.808594
vt 0.610352 0.808594
vt 0.605957 0.811035
vt 0.610352 0.811035
vt 0.615234 0.808594
vt 0.615234 0.811035
vt 0.619629 0.808594
vt 0.619629 0.811035
vt 0.624512 0.808594
vt 0.624512 0.811035
vt 0.601074 0.808594
vt 0.601074 0.811035
vt 0.596680 0.811035
vt 0.596680 0.808594
vt 0.670898 0.811035
vt 0.666016 0.811035
vt 0.670898 0.808594
vt 0.666016 0.808594
vt 0.661621 0.811035
vt 0.661621 0.808594
vt 0.656738 0.808594
vt 0.656738 0.811035
vt 0.652344 0.811035
vt 0.652344 0.808594
vt 0.647461 0.808594
vt 0.647461 0.811035
vt 0.643066 0.811035
vt 0.643066 0.808594
vt 0.638184 0.808594
vt 0.638184 0.811035
vt 0.633789 0.811035
vt 0.633789 0.808594
vt 0.628906 0.808594
vt 0.628906 0.811035
vt 0.609863 0.029999
vt 0.614746 0.029999
vt 0.605957 0.031708
vt 0.619141 0.031708
vt 0.600586 0.039307
vt 0.602539 0.035004
vt 0.622070 0.035004
vt 0.605957 0.051392
vt 0.602539 0.048187
vt 0.600586 0.043915
vt 0.609863 0.053192
vt 0.622070 0.048187
vt 0.624023 0.039307
vt 0.624023 0.043915
vt 0.614746 0.053192
vt 0.619141 0.051392
vt 0.075500 0.071899
vt 0.071228 0.076294
vt 0.077881 0.066284
vt 0.047211 0.066284
vt 0.077881 0.060211
vt 0.065613 0.078613
vt 0.059509 0.078613
vt 0.053802 0.076294
vt 0.049500 0.071899
vt 0.075500 0.054596
vt 0.047211 0.060211
vt 0.065613 0.047913
vt 0.071228 0.050293
vt 0.059509 0.047913
vt 0.049500 0.054596
vt 0.053802 0.050293
vt 0.904297 0.309815
vt 0.904297 0.315918
vt 0.900391 0.309815
vt 0.900391 0.315918
vt 0.904297 0.322022
vt 0.900391 0.322022
vt 0.904297 0.328125
vt 0.900391 0.328125
vt 0.904297 0.334228
vt 0.904297 0.303711
vt 0.900391 0.303711
vt 0.900391 0.297607
vt 0.904297 0.297607
vt 0.900391 0.395264
vt 0.900391 0.389160
vt 0.904297 0.395264
vt 0.904297 0.389160
vt 0.900391 0.383057
vt 0.904297 0.383057
vt 0.904297 0.376953
vt 0.900391 0.376953
vt 0.900391 0.370850
vt 0.904297 0.370850
vt 0.904297 0.364746
vt 0.900391 0.364746
vt 0.900391 0.358643
vt 0.904297 0.358643
vt 0.904297 0.352539
vt 0.900391 0.352539
vt 0.900391 0.346435
vt 0.904297 0.346435
vt 0.904297 0.340332
vt 0.900391 0.340332
vt 0.900391 0.334228
vt 0.322998 0.069885
vt 0.318603 0.074280
vt 0.325440 0.064270
vt 0.312988 0.076599
vt 0.322998 0.052612
vt 0.325440 0.058197
vt 0.306885 0.076599
vt 0.306885 0.045898
vt 0.312988 0.045898
vt 0.318603 0.048309
vt 0.301270 0.048309
vt 0.294678 0.064270
vt 0.301270 0.074280
vt 0.297119 0.069885
vt 0.297119 0.052612
vt 0.294678 0.058197
vt 0.813965 0.075928
vt 0.809570 0.080322
vt 0.816406 0.070312
vt 0.785644 0.070312
vt 0.816406 0.064209
vt 0.804199 0.082581
vt 0.797852 0.082581
vt 0.792481 0.080322
vt 0.788086 0.075928
vt 0.813965 0.058594
vt 0.785644 0.064209
vt 0.804199 0.051910
vt 0.809570 0.054199
vt 0.797852 0.051910
vt 0.788086 0.058594
vt 0.792481 0.054199
vt 0.070312 0.095825
vt 0.076416 0.095825
vt 0.070312 0.099609
vt 0.076416 0.099609
vt 0.082520 0.095825
vt 0.082520 0.099609
vt 0.088623 0.095825
vt 0.088623 0.099609
vt 0.094727 0.095825
vt 0.064209 0.095825
vt 0.064209 0.099609
vt 0.058105 0.099487
vt 0.058105 0.095825
vt 0.155640 0.099609
vt 0.149658 0.099609
vt 0.155640 0.095825
vt 0.149658 0.095825
vt 0.143555 0.099609
vt 0.143555 0.095825
vt 0.137451 0.095825
vt 0.137451 0.099609
vt 0.131348 0.099609
vt 0.131348 0.095825
vt 0.125244 0.095825
vt 0.125244 0.099609
vt 0.119080 0.099609
vt 0.119080 0.095825
vt 0.112976 0.095825
vt 0.112976 0.099609
vt 0.106873 0.099609
vt 0.106873 0.095825
vt 0.100830 0.095825
vt 0.100830 0.099609
vt 0.094727 0.099609
vt 0.033997 0.052307
vt 0.038300 0.056610
vt 0.028397 0.049896
vt 0.040710 0.062195
vt 0.016602 0.052307
vt 0.022293 0.049896
vt 0.040710 0.068298
vt 0.010002 0.068298
vt 0.010002 0.062195
vt 0.012299 0.056610
vt 0.012299 0.073914
vt 0.028397 0.080627
vt 0.038300 0.073914
vt 0.033997 0.078308
vt 0.016602 0.078308
vt 0.022293 0.080627
vt 0.953613 0.358154
vt 0.949219 0.362549
vt 0.956055 0.352295
vt 0.924316 0.352295
vt 0.956055 0.345947
vt 0.943359 0.364990
vt 0.937012 0.364990
vt 0.931152 0.362549
vt 0.926758 0.358154
vt 0.953613 0.340088
vt 0.924316 0.345947
vt 0.943359 0.333252
vt 0.949219 0.335693
vt 0.937012 0.333252
vt 0.926758 0.340088
vt 0.931152 0.335693
vt 0.299072 0.117798
vt 0.305420 0.117798
vt 0.299072 0.121521
vt 0.305420 0.121521
vt 0.311523 0.117798
vt 0.311523 0.121521
vt 0.317871 0.117798
vt 0.317871 0.121521
vt 0.324219 0.117798
vt 0.292725 0.117798
vt 0.292725 0.121521
vt 0.286377 0.121521
vt 0.286377 0.117798
vt 0.387207 0.121521
vt 0.380859 0.121521
vt 0.387207 0.117798
vt 0.380859 0.117798
vt 0.374512 0.121521
vt 0.374512 0.117798
vt 0.368408 0.117798
vt 0.368408 0.121521
vt 0.362060 0.121521
vt 0.362060 0.117798
vt 0.355713 0.117798
vt 0.355713 0.121521
vt 0.349365 0.121521
vt 0.349365 0.117798
vt 0.343018 0.117798
vt 0.343018 0.121521
vt 0.336914 0.121521
vt 0.336914 0.117798
vt 0.330566 0.117798
vt 0.330566 0.121521
vt 0.324219 0.121521
vt 0.955566 0.643555
vt 0.951172 0.647949
vt 0.958008 0.637695
vt 0.945312 0.650391
vt 0.955566 0.625488
vt 0.958008 0.631348
vt 0.938965 0.650391
vt 0.938965 0.618652
vt 0.945312 0.618652
vt 0.951172 0.621094
vt 0.933106 0.621094
vt 0.926269 0.637695
vt 0.933106 0.647949
vt 0.928711 0.643555
vt 0.928711 0.625488
vt 0.926269 0.631348
vt 0.010002 0.448486
vt 0.010002 0.444336
vt 0.014297 0.448486
vt 0.014297 0.444336
vt 0.010002 0.440185
vt 0.014297 0.440185
vt 0.014297 0.435791
vt 0.010002 0.435791
vt 0.014297 0.431641
vt 0.010002 0.431641
vt 0.014297 0.452881
vt 0.010002 0.452881
vt 0.014297 0.457031
vt 0.010002 0.457031
vt 0.010002 0.427490
vt 0.014297 0.427490
vt 0.010002 0.423096
vt 0.014297 0.423096
vt 0.010002 0.418945
vt 0.014297 0.418945
vt 0.010002 0.414795
vt 0.014297 0.414795
vt 0.025803 0.132080
vt 0.031097 0.132080
vt 0.025803 0.141113
vt 0.031097 0.140259
vt 0.025803 0.147583
vt 0.036285 0.139282
vt 0.036285 0.134644
vt 0.036285 0.132080
vt 0.041595 0.132080
vt 0.041595 0.134644
vt 0.046814 0.132080
vt 0.046814 0.134644
vt 0.052094 0.134644
vt 0.052094 0.132080
vt 0.036285 0.141113
vt 0.041595 0.139282
vt 0.031097 0.146729
vt 0.031097 0.153076
vt 0.025803 0.154053
vt 0.020493 0.147583
vt 0.020493 0.154053
vt 0.036285 0.145752
vt 0.025803 0.159180
vt 0.020493 0.159180
vt 0.020493 0.187622
vt 0.025803 0.187622
vt 0.031097 0.159180
vt 0.031097 0.187622
vt 0.036285 0.187622
vt 0.036285 0.159180
vt 0.041595 0.187622
vt 0.036285 0.154053
vt 0.036285 0.152222
vt 0.036285 0.147583
vt 0.041595 0.147583
vt 0.041595 0.145752
vt 0.046814 0.145752
vt 0.046814 0.147583
vt 0.052094 0.145752
vt 0.041595 0.159180
vt 0.046814 0.187622
vt 0.046814 0.159180
vt 0.052094 0.159180
vt 0.052094 0.187622
vt 0.057404 0.187622
vt 0.057404 0.159180
vt 0.041595 0.154053
vt 0.041595 0.152222
vt 0.046814 0.154053
vt 0.046814 0.152222
vt 0.052094 0.154053
vt 0.052094 0.152222
vt 0.057404 0.154053
vt 0.057404 0.152222
vt 0.041595 0.141113
vt 0.046814 0.139282
vt 0.046814 0.141113
vt 0.052094 0.141113
vt 0.052094 0.139282
vt 0.057404 0.139282
vt 0.057404 0.141113
vt 0.052094 0.147583
vt 0.057404 0.147583
vt 0.057404 0.145752
vt 0.062622 0.145752
vt 0.062622 0.147583
vt 0.010002 0.187622
vt 0.010002 0.159180
vt 0.015297 0.187622
vt 0.015297 0.159180
vt 0.015297 0.154053
vt 0.010002 0.154053
vt 0.010002 0.147583
vt 0.015297 0.147583
vt 0.015297 0.141113
vt 0.010002 0.141113
vt 0.020493 0.141113
vt 0.020493 0.132080
vt 0.015297 0.132080
vt 0.010002 0.132080
vt 0.821289 0.557129
vt 0.824219 0.552734
vt 0.823731 0.558106
vt 0.826172 0.554688
vt 0.828613 0.549805
vt 0.829590 0.552246
vt 0.833984 0.548828
vt 0.833984 0.551269
vt 0.837891 0.552246
vt 0.838867 0.549805
vt 0.843262 0.552734
vt 0.841797 0.554688
vt 0.844238 0.558106
vt 0.846191 0.557129
vt 0.673828 0.033997
vt 0.676269 0.037506
vt 0.671875 0.034912
vt 0.674805 0.039307
vt 0.679199 0.042206
vt 0.679688 0.039886
vt 0.684082 0.043213
vt 0.684082 0.040710
vt 0.688477 0.039886
vt 0.689453 0.042206
vt 0.693848 0.039307
vt 0.691894 0.037506
vt 0.696777 0.034912
vt 0.694336 0.033997
vt 0.961914 0.569824
vt 0.966309 0.572754
vt 0.960938 0.572266
vt 0.964356 0.574707
vt 0.966797 0.578125
vt 0.969238 0.577148
vt 0.967285 0.582519
vt 0.970215 0.582519
vt 0.966797 0.586426
vt 0.969238 0.587402
vt 0.966309 0.591797
vt 0.964356 0.590332
vt 0.961914 0.594727
vt 0.960938 0.592285
vt 0.973144 0.833496
vt 0.974121 0.835938
vt 0.968750 0.836426
vt 0.970703 0.837891
vt 0.968262 0.841797
vt 0.965820 0.840820
vt 0.964844 0.845703
vt 0.967285 0.845703
vt 0.965820 0.851074
vt 0.968262 0.850098
vt 0.968750 0.855469
vt 0.970703 0.853516
vt 0.974121 0.855957
vt 0.973144 0.858398
vt 0.681641 0.028305
vt 0.684570 0.023895
vt 0.684082 0.029297
vt 0.686523 0.025696
vt 0.688965 0.020996
vt 0.689941 0.023407
vt 0.694336 0.020004
vt 0.694336 0.022507
vt 0.698242 0.023407
vt 0.699219 0.020996
vt 0.703613 0.023895
vt 0.701660 0.025696
vt 0.704102 0.029297
vt 0.706543 0.028305
vt 0.979981 0.282715
vt 0.976562 0.285156
vt 0.979004 0.280518
vt 0.974609 0.283447
vt 0.974121 0.288818
vt 0.971680 0.287842
vt 0.970703 0.292969
vt 0.973144 0.292969
vt 0.971680 0.298096
vt 0.974121 0.297119
vt 0.974609 0.302490
vt 0.976562 0.300781
vt 0.979981 0.302978
vt 0.979004 0.305420
vt 0.974609 0.396484
vt 0.975586 0.394287
vt 0.978516 0.398926
vt 0.979981 0.397217
vt 0.980469 0.402588
vt 0.982910 0.401611
vt 0.981445 0.406738
vt 0.983887 0.406738
vt 0.980469 0.410889
vt 0.982910 0.411865
vt 0.979981 0.416260
vt 0.978516 0.414307
vt 0.975586 0.419190
vt 0.974609 0.416748
vt 0.022903 0.036896
vt 0.022003 0.034607
vt 0.027298 0.033997
vt 0.025497 0.032196
vt 0.030197 0.029602
vt 0.027893 0.028595
vt 0.031311 0.024506
vt 0.028702 0.024506
vt 0.030197 0.019302
vt 0.027893 0.020294
vt 0.027298 0.014900
vt 0.025497 0.016693
vt 0.022903 0.012001
vt 0.022003 0.014297
vt 0.981934 0.273438
vt 0.977051 0.273438
vt 0.981934 0.270996
vt 0.977051 0.270996
vt 0.977051 0.266602
vt 0.981934 0.266602
vt 0.981934 0.262451
vt 0.977051 0.262451
vt 0.977051 0.258057
vt 0.981934 0.258057
vt 0.977051 0.253906
vt 0.981934 0.253906
vt 0.611328 0.184448
vt 0.606934 0.184448
vt 0.611328 0.181885
vt 0.606934 0.181885
vt 0.606934 0.177612
vt 0.611328 0.177612
vt 0.606934 0.173340
vt 0.611328 0.173340
vt 0.611328 0.169067
vt 0.606934 0.169067
vt 0.606934 0.164795
vt 0.611328 0.164795
vt 0.857422 0.497070
vt 0.859863 0.497070
vt 0.857422 0.501465
vt 0.859863 0.501465
vt 0.864258 0.497070
vt 0.864258 0.501465
vt 0.868652 0.497070
vt 0.868652 0.501465
vt 0.872559 0.501465
vt 0.872559 0.497070
vt 0.876953 0.501465
vt 0.876953 0.497070
vt 0.472412 0.020004
vt 0.474853 0.020004
vt 0.472412 0.024704
vt 0.474853 0.024704
vt 0.479004 0.020004
vt 0.479004 0.024704
vt 0.483398 0.024704
vt 0.483398 0.020004
vt 0.487549 0.024704
vt 0.487549 0.020004
vt 0.491943 0.020004
vt 0.491943 0.024704
vt 0.570801 0.602051
vt 0.569336 0.605957
vt 0.570801 0.598144
vt 0.558106 0.610840
vt 0.569336 0.594238
vt 0.566406 0.591309
vt 0.562500 0.589356
vt 0.562500 0.610840
vt 0.566406 0.609375
vt 0.554199 0.609375
vt 0.551269 0.594238
vt 0.554199 0.591309
vt 0.558106 0.589356
vt 0.549316 0.602051
vt 0.549316 0.598144
vt 0.551269 0.605957
vt 0.014297 0.402100
vt 0.014297 0.406250
vt 0.010002 0.402100
vt 0.010002 0.406250
vt 0.014297 0.410400
vt 0.010002 0.410400
vt 0.014297 0.397705
vt 0.010002 0.397705
vt 0.014297 0.393555
vt 0.010002 0.393555
vt 0.014297 0.389160
vt 0.010002 0.389160
vt 0.500488 0.020004
vt 0.500488 0.024704
vt 0.496094 0.020004
vt 0.496094 0.024704
vt 0.977051 0.245239
vt 0.981934 0.245239
vt 0.977051 0.249634
vt 0.981934 0.249634
vt 0.606934 0.156250
vt 0.611328 0.156250
vt 0.606934 0.160523
vt 0.611328 0.160523
vt 0.885742 0.501465
vt 0.881348 0.501465
vt 0.885742 0.497070
vt 0.881348 0.497070
vt 0.067871 0.147583
vt 0.067871 0.145752
vt 0.073181 0.146729
vt 0.073181 0.153076
vt 0.067871 0.152222
vt 0.067871 0.141113
vt 0.067871 0.154053
vt 0.062622 0.152222
vt 0.062622 0.154053
vt 0.067871 0.159180
vt 0.073181 0.140259
vt 0.067871 0.139404
vt 0.062622 0.141113
vt 0.062622 0.139404
vt 0.073181 0.132080
vt 0.067871 0.134644
vt 0.067871 0.132080
vt 0.062622 0.134644
vt 0.062622 0.132080
vt 0.057404 0.134644
vt 0.057404 0.132080
vt 0.078430 0.132080
vt 0.078430 0.141113
vt 0.083679 0.141113
vt 0.083679 0.132080
vt 0.083679 0.147583
vt 0.078430 0.147583
vt 0.083679 0.154053
vt 0.088989 0.154053
vt 0.078430 0.154053
vt 0.083679 0.159180
vt 0.088989 0.159180
vt 0.088989 0.187622
vt 0.083679 0.187622
vt 0.078430 0.159180
vt 0.078430 0.187622
vt 0.073181 0.187622
vt 0.073181 0.159180
vt 0.067871 0.187622
vt 0.062622 0.159180
vt 0.062622 0.187622
vt 0.094177 0.187622
vt 0.094177 0.159180
vt 0.094177 0.154053
vt 0.094177 0.147583
vt 0.088989 0.147583
vt 0.088989 0.141113
vt 0.094177 0.141113
vt 0.094177 0.132080
vt 0.088989 0.132080
vt 0.977051 0.242676
vt 0.981934 0.242676
vt 0.606934 0.153686
vt 0.611328 0.153686
vt 0.888184 0.497070
vt 0.888184 0.501465
vt 0.502930 0.024704
vt 0.502930 0.020004
vt 0.758789 0.977539
vt 0.768066 0.975586
vt 0.768555 0.983887
vt 0.760254 0.985840
vt 0.750488 0.979492
vt 0.752930 0.987793
vt 0.730957 0.989258
vt 0.729004 0.980957
vt 0.697266 0.990234
vt 0.695801 0.981934
vt 0.658203 0.982910
vt 0.659180 0.974121
vt 0.630371 0.974121
vt 0.629394 0.964844
vt 0.616211 0.969238
vt 0.628906 0.925293
vt 0.616211 0.917481
vt 0.776367 0.982910
vt 0.775391 0.974609
vt 0.784668 0.982422
vt 0.784180 0.974121
vt 0.431397 0.983887
vt 0.431885 0.975586
vt 0.440918 0.977539
vt 0.439697 0.985840
vt 0.449219 0.979492
vt 0.447022 0.987793
vt 0.468506 0.989258
vt 0.470703 0.980957
vt 0.502930 0.990234
vt 0.503906 0.981934
vt 0.541504 0.982910
vt 0.540527 0.974121
vt 0.569336 0.974121
vt 0.570312 0.964844
vt 0.583496 0.969238
vt 0.571289 0.925293
vt 0.584473 0.916992
vt 0.423584 0.982910
vt 0.424316 0.974609
vt 0.415283 0.982422
vt 0.415772 0.974121
vt 0.164673 0.238770
vt 0.166992 0.222656
vt 0.166748 0.231079
vt 0.163208 0.206909
vt 0.165771 0.214355
vt 0.158691 0.244629
vt 0.156738 0.201660
vt 0.149414 0.198608
vt 0.151855 0.248291
vt 0.127930 0.196289
vt 0.130737 0.252685
vt 0.093872 0.194946
vt 0.096924 0.257324
vt 0.057404 0.257568
vt 0.054596 0.198608
vt 0.028702 0.252685
vt 0.026398 0.206299
vt 0.010002 0.230347
vt 0.013603 0.214233
vt 0.015099 0.245850
vt 0.435791 0.328613
vt 0.427002 0.315430
vt 0.451416 0.317871
vt 0.450684 0.333496
vt 0.466797 0.328613
vt 0.475098 0.316406
vt 0.600098 0.966797
vt 0.600098 0.914062
vt 0.845703 0.482422
vt 0.845703 0.443115
vt 0.869629 0.443115
vt 0.869629 0.489014
vt 0.892090 0.482422
vt 0.892090 0.443115
vt 0.636719 0.931641
vt 0.636231 0.925293
vt 0.645019 0.931641
vt 0.644531 0.924805
vt 0.637207 0.940918
vt 0.659180 0.930664
vt 0.658203 0.922852
vt 0.670898 0.921875
vt 0.645508 0.940918
vt 0.670898 0.930176
vt 0.678711 0.923340
vt 0.645019 0.950195
vt 0.636719 0.950195
vt 0.636231 0.957031
vt 0.644531 0.957519
vt 0.658203 0.958984
vt 0.659668 0.940918
vt 0.659180 0.951172
vt 0.670898 0.951660
vt 0.670898 0.959961
vt 0.670410 0.940918
vt 0.680176 0.950684
vt 0.678711 0.958496
vt 0.681152 0.940918
vt 0.694336 0.950684
vt 0.691894 0.958008
vt 0.710449 0.958496
vt 0.680176 0.931152
vt 0.694336 0.931641
vt 0.691894 0.923828
vt 0.710449 0.923340
vt 0.695801 0.940918
vt 0.712891 0.931152
vt 0.713867 0.940918
vt 0.712891 0.950684
vt 0.721680 0.950684
vt 0.719727 0.958496
vt 0.721680 0.931152
vt 0.719727 0.923340
vt 0.729004 0.923340
vt 0.722656 0.940918
vt 0.729492 0.931152
vt 0.729492 0.950684
vt 0.729004 0.958496
vt 0.730469 0.940918
vt 0.741699 0.931152
vt 0.741699 0.950684
vt 0.742188 0.940918
vt 0.460449 0.134155
vt 0.531250 0.134155
vt 0.454834 0.138428
vt 0.460449 0.122009
vt 0.537109 0.138428
vt 0.454834 0.117798
vt 0.537109 0.117798
vt 0.531250 0.122009
vt 0.503418 0.698731
vt 0.507812 0.698731
vt 0.502930 0.701172
vt 0.499756 0.696777
vt 0.508301 0.701172
vt 0.498291 0.699219
vt 0.496582 0.693848
vt 0.494385 0.695312
vt 0.511719 0.696777
vt 0.513184 0.699219
vt 0.495117 0.689941
vt 0.492432 0.690430
vt 0.517090 0.695312
vt 0.514648 0.693848
vt 0.516602 0.689941
vt 0.519043 0.690430
vt 0.492432 0.685059
vt 0.495117 0.686035
vt 0.516602 0.686035
vt 0.519043 0.685059
vt 0.496582 0.681641
vt 0.494385 0.680176
vt 0.517090 0.680176
vt 0.514648 0.681641
vt 0.511719 0.678711
vt 0.513184 0.676758
vt 0.498291 0.676758
vt 0.499756 0.678711
vt 0.503418 0.677246
vt 0.502930 0.674805
vt 0.507812 0.677246
vt 0.508301 0.674805
vt 0.658691 0.122498
vt 0.658691 0.091797
vt 0.682617 0.091797
vt 0.636231 0.091797
vt 0.688965 0.122498
vt 0.658691 0.160034
vt 0.629883 0.122498
vt 0.690430 0.160034
vt 0.627930 0.160034
vt 0.687500 0.192993
vt 0.630859 0.192993
vt 0.658691 0.192993
vt 0.684082 0.214355
vt 0.634277 0.214355
vt 0.658691 0.214355
vt 0.680664 0.222290
vt 0.637695 0.222290
vt 0.658691 0.222290
vt 0.675293 0.229370
vt 0.643555 0.229370
vt 0.659180 0.229370
vt 0.667969 0.231811
vt 0.650879 0.231811
vt 0.659180 0.232422
vt 0.890137 0.703125
vt 0.890137 0.632324
vt 0.894043 0.708496
vt 0.877930 0.703125
vt 0.894043 0.626465
vt 0.873535 0.708496
vt 0.877930 0.632324
vt 0.873535 0.626465
vt 0.844727 0.263428
vt 0.844727 0.172852
vt 0.850098 0.252685
vt 0.852539 0.253906
vt 0.868164 0.258057
vt 0.850098 0.185791
vt 0.852539 0.184692
vt 0.868164 0.178345
vt 0.851562 0.187378
vt 0.851562 0.251221
vt 0.853516 0.252197
vt 0.853516 0.186279
vt 0.862793 0.185669
vt 0.861816 0.186890
vt 0.861328 0.251465
vt 0.862793 0.252685
vt 0.865234 0.250732
vt 0.863281 0.249756
vt 0.865234 0.187744
vt 0.863281 0.188843
vt 0.351318 0.129761
vt 0.340576 0.134888
vt 0.260742 0.129761
vt 0.341797 0.137451
vt 0.345947 0.153198
vt 0.273682 0.134888
vt 0.275147 0.136841
vt 0.272461 0.137451
vt 0.339111 0.136841
vt 0.340088 0.138672
vt 0.340576 0.147949
vt 0.274170 0.138672
vt 0.273438 0.147949
vt 0.266357 0.153198
vt 0.275635 0.150024
vt 0.339355 0.146484
vt 0.274902 0.146484
vt 0.338623 0.150024
vt 0.337402 0.148071
vt 0.276611 0.148071
s 1
usemtl Thompson_1921AC
f 1269/1115/509 1268/1116/510 1267/1117/511
f 1272/1118/512 1271/1119/513 1270/1120/514
f 1275/1121/515 1274/1122/516 1273/1123/517
f 1278/1124/518 1277/1123/519 1276/1122/520
f 1281/1125/521 1280/1121/522 1279/1126/523
f 1284/1123/519 1283/1124/518 1282/1127/524
f 1287/1128/525 1286/1127/524 1285/1124/518
f 1290/1129/526 1289/1130/527 1288/1131/528
f 1293/1132/529 1292/1133/530 1291/1134/531
f 1296/1135/532 1295/1136/533 1294/1137/532
f 1299/1138/534 1298/1139/535 1297/1140/536
f 1302/1141/537 1301/1142/538 1300/1143/539
f 1305/1144/540 1304/1145/541 1303/1146/542
f 1305/1144/540 1306/1147/543 1304/1145/541
f 1307/1148/544 1304/1145/541 1306/1147/543
f 1304/1145/541 1307/1148/544 1308/1149/545
f 1307/1148/544 1306/1147/543 1309/1150/546
f 1310/1151/547 1309/1150/546 1306/1147/543
f 1310/1151/547 1311/1152/548 1309/1150/546
f 1312/1153/549 1308/1149/545 1307/1148/544
f 1309/1150/546 1313/1154/550 1307/1148/544
f 1312/1153/549 1307/1148/544 1313/1154/550
f 1312/1153/549 1314/1155/551 1308/1149/545
f 1312/1153/549 1313/1154/550 1314/1155/551
f 1315/1156/552 1308/1149/545 1314/1155/551
f 1316/1157/553 1309/1150/546 1311/1152/548
f 1309/1150/546 1316/1157/553 1313/1154/550
f 1315/1156/552 1314/1155/551 1317/1158/554
f 1317/1158/554 1318/1159/555 1315/1156/552
f 1319/1160/556 1317/1158/554 1314/1155/551
f 1314/1155/551 1320/1161/557 1319/1160/556
f 1320/1161/557 1314/1155/551 1313/1154/550
f 1321/1162/558 1319/1160/556 1320/1161/557
f 1316/1157/553 1311/1152/548 1322/1163/559
f 1323/1164/560 1322/1163/559 1311/1152/548
f 1324/1165/561 1313/1154/550 1316/1157/553
f 1316/1157/553 1322/1163/559 1324/1165/561
f 1313/1154/550 1324/1165/561 1320/1161/557
f 1325/1166/562 1324/1165/561 1322/1163/559
f 1325/1166/562 1326/1167/563 1324/1165/561
f 1320/1161/557 1327/1168/564 1321/1162/558
f 1327/1168/564 1320/1161/557 1324/1165/561
f 1327/1168/564 1324/1165/561 1326/1167/563
f 1328/1169/565 1321/1162/558 1327/1168/564
f 1327/1168/564 1326/1167/563 1328/1169/565
f 1329/1170/566 1328/1169/565 1326/1167/563
f 1332/1171/567 1331/1172/568 1330/1173/569
f 1333/1174/570 1330/1173/569 1331/1172/568
f 1333/1174/570 1334/1175/571 1330/1173/569
f 1335/1176/572 1330/1173/569 1334/1175/571
f 1334/1175/571 1336/1177/573 1335/1176/572
f 1337/1178/573 1335/1176/572 1336/1177/573
f 1336/1177/573 1338/1179/573 1337/1178/573
f 1339/1180/573 1337/1178/573 1338/1179/573
f 1338/1179/573 1340/1181/573 1339/1180/573
f 1341/1182/573 1339/1180/573 1340/1181/573
f 1341/1182/573 1340/1181/573 1342/1183/573
f 1343/1184/573 1342/1183/573 1340/1181/573
f 1342/1183/573 1343/1184/573 1344/1185/573
f 1345/1186/573 1344/1185/573 1343/1184/573
f 1345/1186/573 1346/1187/573 1344/1185/573
f 1347/1188/573 1344/1185/573 1346/1187/573
f 1347/1188/573 1346/1187/573 1348/1189/573
f 1349/1190/573 1348/1189/573 1346/1187/573
f 1348/1189/573 1349/1190/573 1350/1191/573
f 1351/1192/573 1350/1191/573 1349/1190/573
f 1351/1192/573 1352/1193/573 1350/1191/573
f 1353/1194/573 1350/1191/573 1352/1193/573
f 1352/1193/573 1354/1195/573 1353/1194/573
f 1355/1196/573 1353/1194/573 1354/1195/573
f 1354/1195/573 1356/1197/573 1355/1196/573
f 1357/1198/573 1355/1196/573 1356/1197/573
f 1358/1199/573 1357/1198/573 1356/1197/573
f 1361/1200/574 1360/1201/575 1359/1202/576
f 1362/1203/577 1359/1202/576 1360/1201/575
f 1362/1203/577 1363/1204/578 1359/1202/576
f 1364/1205/579 1359/1202/576 1363/1204/578
f 1364/1205/579 1363/1204/578 1365/1206/580
f 1362/1203/577 1360/1201/575 1366/1207/581
f 1362/1203/577 1366/1207/581 1363/1204/578
f 1367/1208/582 1366/1207/581 1360/1201/575
f 1368/1209/583 1365/1206/580 1363/1204/578
f 1365/1206/580 1368/1209/583 1369/1210/584
f 1370/1211/585 1369/1210/584 1368/1209/583
f 1370/1211/585 1368/1209/583 1371/1212/586
f 1368/1209/583 1363/1204/578 1372/1213/587
f 1372/1213/587 1371/1212/586 1368/1209/583
f 1366/1207/581 1367/1208/582 1373/1214/588
f 1374/1215/589 1373/1214/588 1367/1208/582
f 1375/1216/590 1363/1204/578 1366/1207/581
f 1375/1216/590 1372/1213/587 1363/1204/578
f 1375/1216/590 1366/1207/581 1376/1217/591
f 1373/1214/588 1376/1217/591 1366/1207/581
f 1375/1216/590 1376/1217/591 1372/1213/587
f 1372/1213/587 1377/1218/592 1371/1212/586
f 1377/1218/592 1372/1213/587 1376/1217/591
f 1378/1219/593 1371/1212/586 1377/1218/592
f 1378/1219/593 1377/1218/592 1379/1220/594
f 1373/1214/588 1374/1215/589 1380/1221/595
f 1373/1214/588 1380/1221/595 1376/1217/591
f 1381/1222/596 1380/1221/595 1374/1215/589
f 1380/1221/595 1381/1222/596 1382/1223/597
f 1383/1224/598 1382/1223/597 1381/1222/596
f 1383/1224/598 1384/1225/599 1382/1223/597
f 1385/1226/600 1376/1217/591 1380/1221/595
f 1376/1217/591 1385/1226/600 1377/1218/592
f 1380/1221/595 1382/1223/597 1385/1226/600
f 1386/1227/601 1379/1220/594 1377/1218/592
f 1386/1227/601 1377/1218/592 1385/1226/600
f 1379/1220/594 1386/1227/601 1387/1228/602
f 1385/1226/600 1388/1229/603 1386/1227/601
f 1388/1229/603 1385/1226/600 1382/1223/597
f 1389/1230/604 1382/1223/597 1384/1225/599
f 1384/1225/599 1390/1231/605 1389/1230/604
f 1391/1232/606 1389/1230/604 1390/1231/605
f 1389/1230/604 1392/1233/607 1382/1223/597
f 1389/1230/604 1391/1232/606 1392/1233/607
f 1388/1229/603 1382/1223/597 1392/1233/607
f 1393/1234/608 1387/1228/602 1386/1227/601
f 1393/1234/608 1386/1227/601 1388/1229/603
f 1393/1234/608 1394/1235/609 1387/1228/602
f 1393/1234/608 1388/1229/603 1394/1235/609
f 1392/1233/607 1394/1235/609 1388/1229/603
f 1395/1236/610 1387/1228/602 1394/1235/609
f 1394/1235/609 1396/1237/611 1395/1236/610
f 1394/1235/609 1392/1233/607 1396/1237/611
f 1397/1238/612 1395/1236/610 1396/1237/611
f 1398/1239/613 1392/1233/607 1391/1232/606
f 1398/1239/613 1396/1237/611 1392/1233/607
f 1391/1232/606 1399/1240/614 1398/1239/613
f 1396/1237/611 1400/1241/615 1397/1238/612
f 1401/1242/616 1397/1238/612 1400/1241/615
f 1400/1241/615 1402/1243/617 1401/1242/616
f 1403/1244/618 1401/1242/616 1402/1243/617
f 1403/1244/618 1402/1243/617 1404/1245/619
f 1405/1246/620 1404/1245/619 1402/1243/617
f 1405/1246/620 1402/1243/617 1406/1247/621
f 1398/1239/613 1407/1248/622 1396/1237/611
f 1400/1241/615 1396/1237/611 1407/1248/622
f 1400/1241/615 1407/1248/622 1402/1243/617
f 1407/1248/622 1398/1239/613 1399/1240/614
f 1408/1249/623 1406/1247/621 1402/1243/617
f 1408/1249/623 1402/1243/617 1407/1248/622
f 1407/1248/622 1399/1240/614 1408/1249/623
f 1406/1247/621 1408/1249/623 1409/1250/624
f 1410/1251/625 1409/1250/624 1408/1249/623
f 1410/1251/625 1408/1249/623 1399/1240/614
f 1410/1251/625 1399/1240/614 1411/1252/626
f 1414/1231/627 1413/1253/628 1412/1232/629
f 1415/1240/630 1412/1232/629 1413/1253/628
f 1413/1253/628 1416/1252/631 1415/1240/630
f 1416/1252/626 1418/1254/632 1417/1251/625
f 1419/1250/633 1417/1251/625 1418/1254/632
f 1422/1255/634 1421/1256/635 1420/1257/636
f 1423/1258/637 1420/1257/636 1421/1256/635
f 1423/1258/637 1421/1256/635 1424/1259/638
f 1425/1260/639 1424/1259/638 1421/1256/635
f 1424/1259/638 1425/1260/639 1426/1261/640
f 1427/1262/640 1426/1261/640 1425/1260/639
f 1427/1262/640 1428/1263/640 1426/1261/640
f 1429/1264/640 1426/1261/640 1428/1263/640
f 1428/1263/640 1430/1265/640 1429/1264/640
f 1431/1266/640 1429/1264/640 1430/1265/640
f 1431/1266/640 1430/1265/640 1432/1267/640
f 1433/1268/640 1432/1267/640 1430/1265/640
f 1432/1267/640 1433/1268/640 1434/1269/640
f 1435/1270/640 1434/1269/640 1433/1268/640
f 1434/1269/640 1435/1270/640 1436/1271/640
f 1437/1272/640 1436/1271/640 1435/1270/640
f 1436/1271/640 1437/1272/640 1438/1273/640
f 1439/1274/640 1438/1273/640 1437/1272/640
f 1439/1274/640 1440/1275/640 1438/1273/640
f 1441/1276/640 1438/1273/640 1440/1275/640
f 1441/1276/640 1440/1275/640 1442/1277/640
f 1443/1278/640 1442/1277/640 1440/1275/640
f 1442/1277/640 1443/1278/640 1444/1279/640
f 1445/1280/640 1444/1279/640 1443/1278/640
f 1445/1280/640 1446/1281/640 1444/1279/640
f 1447/1282/640 1444/1279/640 1446/1281/640
f 1446/1281/640 1448/1283/640 1447/1282/640
f 1451/1284/573 1450/1285/573 1449/1286/573
f 1452/1287/641 1449/1286/573 1450/1285/573
f 1449/1286/573 1452/1287/641 1453/1288/642
f 1449/1286/573 1453/1288/642 1454/1289/573
f 1455/1290/643 1454/1289/573 1453/1288/642
f 1454/1289/573 1455/1290/643 1456/1291/573
f 1457/1292/644 1456/1291/573 1455/1290/643
f 1457/1292/644 1458/1293/573 1456/1291/573
f 1459/1294/573 1456/1291/573 1458/1293/573
f 1457/1292/644 1455/1290/643 1460/1295/645
f 1461/1296/646 1460/1295/645 1455/1290/643
f 1453/1288/642 1461/1296/646 1455/1290/643
f 1461/1296/646 1462/1297/647 1460/1295/645
f 1462/1297/647 1461/1296/646 1463/1298/648
f 1461/1296/646 1453/1288/642 1464/1299/649
f 1464/1299/649 1463/1298/648 1461/1296/646
f 1465/1300/650 1453/1288/642 1452/1287/641
f 1465/1300/650 1464/1299/649 1453/1288/642
f 1464/1299/649 1466/1301/651 1463/1298/648
f 1467/1302/647 1463/1298/648 1466/1301/651
f 1467/1302/647 1466/1301/651 1468/1303/647
f 1469/1304/652 1468/1303/647 1466/1301/651
f 1469/1304/652 1466/1301/651 1470/1305/653
f 1466/1301/651 1464/1299/649 1471/1306/654
f 1471/1306/654 1470/1305/653 1466/1301/651
f 1465/1300/650 1471/1306/654 1464/1299/649
f 1470/1305/653 1471/1306/654 1472/1307/655
f 1471/1306/654 1465/1300/650 1473/1308/656
f 1452/1287/641 1473/1308/656 1465/1300/650
f 1473/1308/656 1472/1307/655 1471/1306/654
f 1452/1287/641 1474/1309/657 1473/1308/656
f 1452/1287/641 1450/1285/573 1474/1309/657
f 1473/1308/656 1475/1310/658 1472/1307/655
f 1475/1310/658 1473/1308/656 1474/1309/657
f 1476/1311/659 1472/1307/655 1475/1310/658
f 1476/1311/659 1475/1310/658 1477/1312/660
f 1474/1309/657 1450/1285/573 1478/1313/661
f 1479/1314/573 1478/1313/661 1450/1285/573
f 1479/1314/573 1480/1315/573 1478/1313/661
f 1475/1310/658 1474/1309/657 1481/1316/660
f 1481/1316/660 1477/1312/660 1475/1310/658
f 1478/1313/661 1481/1316/660 1474/1309/657
f 1481/1316/660 1482/1116/662 1477/1312/660
f 1483/1115/663 1477/1312/660 1482/1116/662
f 1478/1313/661 1484/1317/664 1481/1316/660
f 1482/1116/662 1481/1316/660 1484/1317/664
f 1484/1317/664 1478/1313/661 1480/1315/573
f 1482/1116/662 1484/1317/664 1485/1318/665
f 1485/1318/665 1486/1117/511 1482/1116/662
f 1486/1117/511 1485/1318/665 1487/1319/573
f 1488/1320/573 1485/1318/665 1484/1317/664
f 1485/1318/665 1488/1320/573 1487/1319/573
f 1480/1315/573 1489/1321/573 1484/1317/664
f 1488/1320/573 1484/1317/664 1489/1321/573
f 1490/1322/573 1487/1319/573 1488/1320/573
f 1490/1322/573 1488/1320/573 1489/1321/573
f 1487/1319/573 1490/1322/573 1491/1323/573
f 1489/1321/573 1480/1315/573 1492/1324/573
f 1490/1322/573 1489/1321/573 1492/1324/573
f 1493/1325/573 1492/1324/573 1480/1315/573
f 1494/1326/573 1491/1323/573 1490/1322/573
f 1491/1323/573 1494/1326/573 1495/1327/573
f 1495/1327/573 1494/1326/573 1496/1328/573
f 1494/1326/573 1497/1329/573 1496/1328/573
f 1498/1330/573 1496/1328/573 1497/1329/573
f 1501/1331/666 1500/1332/667 1499/1333/666
f 1502/1334/667 1499/1333/666 1500/1332/667
f 1505/1332/667 1504/1335/668 1503/1334/667
f 1506/1336/669 1503/1334/667 1504/1335/668
f 1504/1335/668 1507/1337/670 1506/1336/669
f 1508/1338/670 1506/1336/669 1507/1337/670
f 1507/1337/670 1509/1339/671 1508/1338/670
f 1510/1340/671 1508/1338/670 1509/1339/671
f 1510/1340/671 1509/1339/671 1511/1341/672
f 1512/1342/672 1511/1341/672 1509/1339/671
f 1515/1343/673 1514/1344/673 1513/1345/673
f 1516/1346/673 1513/1345/673 1514/1344/673
f 1514/1344/673 1517/1347/673 1516/1346/673
f 1513/1345/673 1516/1346/673 1518/1348/673
f 1519/1349/673 1518/1348/673 1516/1346/673
f 1519/1349/673 1520/1350/673 1518/1348/673
f 1521/1351/673 1518/1348/673 1520/1350/673
f 1518/1348/673 1521/1351/673 1522/1352/673
f 1519/1349/673 1523/1353/673 1520/1350/673
f 1519/1349/673 1524/1354/673 1523/1353/673
f 1525/1355/673 1522/1352/673 1521/1351/673
f 1521/1351/673 1526/1356/673 1525/1355/673
f 1526/1356/673 1527/1357/673 1525/1355/673
f 1528/1358/673 1523/1353/673 1524/1354/673
f 1523/1353/673 1528/1358/673 1529/1359/673
f 1529/1359/673 1528/1358/673 1530/1360/673
f 1525/1355/673 1527/1357/673 1531/1361/673
f 1532/1362/673 1531/1361/673 1527/1357/673
f 1532/1362/673 1533/1363/673 1531/1361/673
f 1528/1358/673 1534/1364/673 1530/1360/673
f 1535/1365/673 1530/1360/673 1534/1364/673
f 1535/1365/673 1534/1364/673 1536/1366/673
f 1537/1367/673 1531/1361/673 1533/1363/673
f 1538/1368/673 1536/1366/673 1534/1364/673
f 1533/1363/673 1539/1369/673 1537/1367/673
f 1539/1369/673 1540/1370/673 1537/1367/673
f 1540/1370/673 1541/1371/673 1537/1367/673
f 1542/1372/673 1537/1367/673 1541/1371/673
f 1536/1366/673 1538/1368/673 1543/1373/673
f 1543/1373/673 1538/1368/673 1544/1374/673
f 1541/1371/673 1545/1375/673 1542/1372/673
f 1546/1376/673 1542/1372/673 1545/1375/673
f 1546/1376/673 1545/1375/673 1547/1377/673
f 1548/1378/673 1547/1377/673 1545/1375/673
f 1547/1377/673 1548/1378/673 1549/1379/673
f 1550/1380/673 1549/1379/673 1548/1378/673
f 1544/1374/673 1538/1368/673 1551/1381/673
f 1549/1379/673 1550/1380/673 1552/1382/673
f 1553/1383/673 1551/1381/673 1538/1368/673
f 1550/1380/673 1554/1384/673 1552/1382/673
f 1551/1381/673 1553/1383/673 1555/1385/673
f 1555/1385/673 1553/1383/673 1556/1386/673
f 1557/1387/673 1551/1381/673 1555/1385/673
f 1558/1388/673 1551/1381/673 1557/1387/673
f 1557/1387/673 1559/1389/673 1558/1388/673
f 1560/1390/673 1558/1388/673 1559/1389/673
f 1559/1389/673 1561/1391/673 1560/1390/673
f 1562/1392/673 1560/1390/673 1561/1391/673
f 1562/1392/673 1561/1391/673 1563/1393/673
f 1562/1392/673 1563/1393/673 1554/1384/673
f 1552/1382/673 1554/1384/673 1563/1393/673
f 1563/1393/673 1564/1394/673 1552/1382/673
f 1565/1395/673 1552/1382/673 1564/1394/673
f 1564/1394/673 1566/1396/674 1565/1395/673
f 1567/1397/675 1565/1395/673 1566/1396/674
f 1567/1397/675 1566/1396/674 1568/1398/676
f 1569/1399/677 1568/1398/676 1566/1396/674
f 1568/1398/676 1569/1399/677 1570/1400/678
f 1570/1400/678 1569/1399/677 1571/1401/679
f 1572/1402/673 1571/1401/679 1569/1399/677
f 1575/1403/680 1574/1404/680 1573/1405/680
f 1576/1406/680 1574/1404/680 1575/1403/680
f 1574/1404/680 1576/1406/680 1577/1407/680
f 1575/1403/680 1578/1408/680 1576/1406/680
f 1576/1406/680 1578/1408/680 1579/1409/680
f 1578/1408/680 1575/1403/680 1580/1410/680
f 1581/1411/680 1580/1410/680 1575/1403/680
f 1582/1412/680 1577/1407/680 1576/1406/680
f 1582/1412/680 1583/1413/680 1577/1407/680
f 1584/1414/680 1577/1407/680 1583/1413/680
f 1583/1413/680 1582/1412/680 1585/1415/680
f 1588/1416/573 1587/1417/573 1586/1418/573
f 1589/1419/573 1586/1418/573 1587/1417/573
f 1586/1418/573 1589/1419/573 1590/1420/573
f 1591/1421/573 1590/1420/573 1589/1419/573
f 1586/1418/573 1590/1420/573 1592/1422/573
f 1590/1420/573 1593/1423/573 1592/1422/573
f 1596/1424/640 1595/1425/640 1594/1426/640
f 1597/1427/640 1594/1426/640 1595/1425/640
f 1597/1427/640 1598/1428/640 1594/1426/640
f 1594/1426/640 1598/1428/640 1599/1429/640
f 1600/1430/640 1599/1429/640 1598/1428/640
f 1597/1427/640 1595/1425/640 1601/1431/640
f 1601/1431/640 1598/1428/640 1597/1427/640
f 1602/1432/640 1601/1431/640 1595/1425/640
f 1602/1432/640 1595/1425/640 1603/1433/640
f 1604/1434/640 1603/1433/640 1595/1425/640
f 1604/1434/640 1605/1435/640 1603/1433/640
f 1606/1436/640 1598/1428/640 1601/1431/640
f 1607/1437/640 1603/1433/640 1605/1435/640
f 1598/1428/640 1606/1436/640 1608/1438/640
f 1609/1439/640 1608/1438/640 1606/1436/640
f 1608/1438/640 1610/1440/640 1598/1428/640
f 1605/1435/640 1611/1441/640 1607/1437/640
f 1611/1441/640 1612/1442/640 1607/1437/640
f 1613/1443/640 1598/1428/640 1610/1440/640
f 1614/1444/640 1613/1443/640 1610/1440/640
f 1615/1445/640 1613/1443/640 1614/1444/640
f 1613/1443/640 1615/1445/640 1616/1446/640
f 1617/1447/640 1616/1446/640 1615/1445/640
f 1611/1441/640 1605/1435/640 1618/1448/640
f 1619/1449/640 1618/1448/640 1605/1435/640
f 1620/1450/681 1612/1442/640 1611/1441/640
f 1620/1450/681 1621/1119/513 1612/1442/640
f 1620/1450/681 1622/1120/682 1621/1119/513
f 1618/1448/640 1623/1451/683 1611/1441/640
f 1618/1448/640 1624/1452/640 1623/1451/683
f 1625/1453/684 1620/1450/681 1611/1441/640
f 1625/1453/684 1611/1441/640 1623/1451/683
f 1622/1120/682 1620/1450/681 1626/1454/685
f 1625/1453/684 1626/1454/685 1620/1450/681
f 1627/1455/686 1622/1120/682 1626/1454/685
f 1622/1120/682 1627/1455/686 1628/1118/512
f 1626/1454/685 1625/1453/684 1629/1456/687
f 1626/1454/685 1629/1456/687 1627/1455/686
f 1623/1451/683 1629/1456/687 1625/1453/684
f 1630/1457/688 1628/1118/512 1627/1455/686
f 1631/1458/689 1628/1118/512 1630/1457/688
f 1632/1459/690 1631/1458/689 1630/1457/688
f 1633/1460/691 1632/1459/690 1630/1457/688
f 1634/1461/692 1627/1455/686 1629/1456/687
f 1634/1461/692 1629/1456/687 1635/1462/687
f 1629/1456/687 1623/1451/683 1635/1462/687
f 1634/1461/692 1635/1462/687 1636/1463/693
f 1637/1464/683 1635/1462/687 1623/1451/683
f 1635/1462/687 1637/1464/683 1636/1463/693
f 1637/1464/683 1623/1451/683 1624/1452/640
f 1638/1465/694 1636/1463/693 1637/1464/683
f 1624/1452/640 1639/1466/640 1637/1464/683
f 1638/1465/694 1637/1464/683 1639/1466/640
f 1638/1465/694 1639/1466/640 1640/1467/640
f 1641/1468/640 1640/1467/640 1639/1466/640
f 1644/1469/695 1643/1470/695 1642/1471/696
f 1645/1472/696 1642/1471/696 1643/1470/695
f 1642/1471/696 1645/1472/696 1646/1473/697
f 1647/1474/698 1646/1473/697 1645/1472/696
f 1646/1473/697 1647/1474/698 1648/1342/699
f 1649/1341/700 1648/1342/699 1647/1474/698
f 1652/1475/680 1651/1476/680 1650/1477/680
f 1653/1478/680 1650/1477/680 1651/1476/680
f 1653/1478/680 1651/1476/680 1654/1479/680
f 1655/1480/680 1654/1479/680 1651/1476/680
f 1658/1481/671 1657/1482/671 1656/1483/671
f 1659/1484/671 1656/1483/671 1657/1482/671
f 1662/1485/680 1661/1486/701 1660/1487/680
f 1663/1488/702 1660/1487/680 1661/1486/701
f 1663/1488/702 1661/1486/701 1664/1489/703
f 1665/1490/704 1664/1489/703 1661/1486/701
f 1665/1490/704 1666/1491/705 1664/1489/703
f 1667/1492/706 1664/1489/703 1666/1491/705
f 1670/1493/707 1669/1494/707 1668/1495/707
f 1671/1496/707 1668/1495/707 1669/1494/707
f 1674/1497/671 1673/1498/671 1672/1499/671
f 1675/1500/671 1672/1499/671 1673/1498/671
f 1678/1501/680 1677/1502/680 1676/1503/680
f 1679/1504/680 1676/1503/680 1677/1502/680
f 1677/1502/680 1680/1505/680 1679/1504/680
f 1681/1506/680 1679/1504/680 1680/1505/680
f 1684/1507/707 1683/1508/707 1682/1509/707
f 1685/1510/707 1682/1509/707 1683/1508/707
f 1687/1511/640 1600/1430/640 1686/1512/640
f 1688/1513/640 1686/1512/640 1600/1430/640
f 1600/1430/640 1598/1428/640 1688/1513/640
f 1689/1514/640 1688/1513/640 1598/1428/640
f 1692/1515/671 1691/1516/671 1690/1517/671
f 1693/1518/671 1690/1517/671 1691/1516/671
f 1696/1519/680 1695/1520/680 1694/1521/680
f 1697/1522/680 1694/1521/680 1695/1520/680
f 1700/1523/708 1699/1524/708 1698/1525/708
f 1701/1526/708 1698/1525/708 1699/1524/708
f 1704/1527/709 1703/1528/710 1702/1529/709
f 1705/1530/710 1702/1529/709 1703/1528/710
f 1703/1528/710 1706/1531/711 1705/1530/710
f 1707/1532/711 1705/1530/710 1706/1531/711
f 1710/1533/673 1709/1534/673 1708/1535/673
f 1711/1536/673 1708/1535/673 1709/1534/673
f 1714/1537/680 1713/1538/680 1712/1539/680
f 1715/1540/680 1712/1539/680 1713/1538/680
f 1718/1541/712 1717/1542/713 1716/1543/712
f 1719/1544/713 1716/1543/712 1717/1542/713
f 1717/1542/713 1720/1545/714 1719/1544/713
f 1721/1546/714 1719/1544/713 1720/1545/714
f 1724/1547/715 1723/1548/716 1722/1549/717
f 1725/1550/718 1722/1549/717 1723/1548/716
f 1722/1549/717 1725/1550/718 1726/1551/719
f 1727/1552/673 1726/1551/719 1725/1550/718
f 1726/1551/719 1727/1552/673 1728/1553/720
f 1729/1554/673 1728/1553/720 1727/1552/673
f 1726/1551/719 1728/1553/720 1730/1555/721
f 1730/1555/721 1731/1556/722 1726/1551/719
f 1732/1557/723 1730/1555/721 1728/1553/720
f 1728/1553/720 1729/1554/673 1733/1558/724
f 1728/1553/720 1733/1558/724 1732/1557/723
f 1734/1559/725 1732/1557/723 1733/1558/724
f 1735/1560/673 1733/1558/724 1729/1554/673
f 1734/1559/725 1733/1558/724 1736/1561/726
f 1733/1558/724 1735/1560/673 1737/1562/727
f 1737/1562/727 1736/1561/726 1733/1558/724
f 1738/1563/673 1737/1562/727 1735/1560/673
f 1736/1561/726 1737/1562/727 1739/1128/525
f 1737/1562/727 1738/1563/673 1740/1564/728
f 1740/1564/728 1739/1128/525 1737/1562/727
f 1741/1565/729 1740/1564/728 1738/1563/673
f 1739/1128/525 1740/1564/728 1742/1127/730
f 1741/1565/729 1743/1566/731 1740/1564/728
f 1742/1127/730 1740/1564/728 1743/1566/731
f 1746/1567/732 1745/1568/733 1744/1569/734
f 1747/1570/735 1744/1569/734 1745/1568/733
f 1744/1569/734 1747/1570/735 1748/1571/736
f 1749/1572/737 1748/1571/736 1747/1570/735
f 1749/1572/737 1750/1573/738 1748/1571/736
f 1751/1574/739 1748/1571/736 1750/1573/738
f 1754/1549/717 1753/1551/740 1752/1556/741
f 1754/1549/717 1752/1556/741 1755/1547/742
f 1752/1556/741 1756/1575/743 1755/1547/742
f 1752/1556/741 1757/1555/744 1756/1575/743
f 1758/1576/745 1755/1547/742 1756/1575/743
f 1755/1547/742 1758/1576/745 1759/1577/746
f 1759/1577/746 1760/1548/747 1755/1547/742
f 1759/1577/746 1758/1576/745 1761/1578/748
f 1761/1578/748 1758/1576/745 1762/1579/749
f 1756/1575/743 1762/1579/749 1758/1576/745
f 1762/1579/749 1756/1575/743 1763/1580/750
f 1764/1581/751 1763/1580/750 1756/1575/743
f 1764/1581/751 1756/1575/743 1757/1555/744
f 1763/1580/750 1764/1581/751 1765/1582/752
f 1764/1581/751 1757/1555/744 1766/1583/753
f 1766/1583/753 1765/1582/752 1764/1581/751
f 1767/1557/723 1766/1583/753 1757/1555/744
f 1767/1557/723 1768/1559/725 1766/1583/753
f 1766/1583/753 1769/1584/754 1765/1582/752
f 1769/1584/754 1766/1583/753 1768/1559/725
f 1770/1585/755 1765/1582/752 1769/1584/754
f 1768/1559/725 1771/1561/756 1769/1584/754
f 1769/1584/754 1772/1586/757 1770/1585/755
f 1772/1586/757 1769/1584/754 1771/1561/756
f 1771/1561/756 1773/1128/525 1772/1586/757
f 1774/1587/758 1770/1585/755 1772/1586/757
f 1775/1124/518 1772/1586/757 1773/1128/525
f 1772/1586/757 1775/1124/518 1774/1587/758
f 1776/1122/516 1774/1587/758 1775/1124/518
f 1779/1588/759 1778/1589/759 1777/1590/760
f 1780/1591/760 1777/1590/760 1778/1589/759
f 1777/1590/760 1780/1591/760 1781/1592/761
f 1782/1593/761 1781/1592/761 1780/1591/760
f 1781/1592/761 1782/1593/761 1783/1594/762
f 1784/1595/762 1783/1594/762 1782/1593/761
f 1783/1594/762 1784/1595/762 1785/1596/640
f 1786/1597/640 1785/1596/640 1784/1595/762
f 1789/1598/763 1788/1599/763 1787/1600/764
f 1790/1601/764 1787/1600/764 1788/1599/763
f 1787/1600/764 1790/1601/764 1791/1602/765
f 1792/1603/765 1791/1602/765 1790/1601/764
f 1791/1602/765 1792/1603/765 1793/1604/640
f 1794/1605/640 1793/1604/640 1792/1603/765
f 1793/1604/640 1794/1605/640 1795/1606/766
f 1796/1607/766 1795/1606/766 1794/1605/640
f 1799/1606/766 1798/1607/766 1797/1608/767
f 1800/1609/767 1797/1608/767 1798/1607/766
f 1797/1608/767 1800/1609/767 1801/1610/768
f 1802/1611/768 1801/1610/768 1800/1609/767
f 1801/1610/768 1802/1611/768 1803/1612/769
f 1804/1613/769 1803/1612/769 1802/1611/768
f 1803/1612/769 1804/1613/769 1805/1614/770
f 1808/1615/770 1807/1614/770 1806/1613/769
f 1807/1614/770 1808/1615/770 1809/1616/771
f 1810/1617/771 1809/1616/771 1808/1615/770
f 1809/1616/771 1810/1617/771 1811/1618/772
f 1812/1619/772 1811/1618/772 1810/1617/771
f 1811/1618/772 1812/1619/772 1813/1620/573
f 1814/1621/573 1813/1620/573 1812/1619/772
f 1813/1620/573 1814/1621/573 1815/1622/773
f 1816/1623/773 1815/1622/773 1814/1621/573
f 1815/1622/773 1816/1623/773 1817/1624/774
f 1818/1625/774 1817/1624/774 1816/1623/773
f 1817/1624/774 1818/1625/774 1819/1626/775
f 1820/1627/775 1819/1626/775 1818/1625/774
f 1823/1628/573 1822/1629/573 1821/1630/776
f 1824/1631/776 1821/1630/776 1822/1629/573
f 1821/1630/776 1824/1631/776 1825/1632/777
f 1826/1633/777 1825/1632/777 1824/1631/776
f 1825/1632/777 1826/1633/777 1827/1634/778
f 1828/1635/778 1827/1634/778 1826/1633/777
f 1827/1634/778 1828/1635/778 1829/1636/779
f 1830/1637/779 1829/1636/779 1828/1635/778
f 1833/1636/779 1832/1637/779 1831/1638/780
f 1834/1639/780 1831/1638/780 1832/1637/779
f 1831/1638/780 1834/1639/780 1835/1588/759
f 1836/1589/759 1835/1588/759 1834/1639/780
f 1839/1123/519 1838/1126/523 1837/1121/781
f 1838/1126/523 1839/1123/519 1840/1566/782
f 1841/1127/783 1840/1566/782 1839/1123/519
f 1844/1640/784 1843/1641/785 1842/1642/786
f 1845/1643/787 1842/1642/786 1843/1641/785
f 1842/1642/786 1845/1643/787 1846/1644/788
f 1845/1643/787 1843/1641/785 1847/1645/789
f 1848/1646/790 1847/1645/789 1843/1641/785
f 1848/1646/790 1849/1647/791 1847/1645/789
f 1850/1648/792 1846/1644/788 1845/1643/787
f 1845/1643/787 1847/1645/789 1850/1648/792
f 1851/1649/793 1847/1645/789 1849/1647/791
f 1849/1647/791 1852/1650/794 1851/1649/793
f 1853/1651/795 1851/1649/793 1852/1650/794
f 1853/1651/795 1854/1652/796 1851/1649/793
f 1850/1648/792 1855/1653/797 1846/1644/788
f 1856/1654/798 1846/1644/788 1855/1653/797
f 1857/1655/799 1850/1648/792 1847/1645/789
f 1847/1645/789 1851/1649/793 1857/1655/799
f 1850/1648/792 1857/1655/799 1855/1653/797
f 1858/1656/800 1851/1649/793 1854/1652/796
f 1858/1656/800 1857/1655/799 1851/1649/793
f 1854/1652/796 1859/1657/801 1858/1656/800
f 1857/1655/799 1858/1656/800 1860/1658/802
f 1860/1658/802 1855/1653/797 1857/1655/799
f 1861/1659/803 1858/1656/800 1859/1657/801
f 1861/1659/803 1860/1658/802 1858/1656/800
f 1859/1657/801 1862/1660/804 1861/1659/803
f 1863/1661/805 1861/1659/803 1862/1660/804
f 1861/1659/803 1863/1661/805 1860/1658/802
f 1862/1660/804 1864/1662/806 1863/1661/805
f 1855/1653/797 1865/1663/807 1856/1654/798
f 1866/1664/808 1856/1654/798 1865/1663/807
f 1866/1664/808 1865/1663/807 1867/1665/809
f 1860/1658/802 1868/1666/810 1855/1653/797
f 1865/1663/807 1855/1653/797 1868/1666/810
f 1868/1666/810 1860/1658/802 1863/1661/805
f 1869/1667/811 1867/1665/809 1865/1663/807
f 1865/1663/807 1868/1666/810 1869/1667/811
f 1869/1667/811 1870/1668/812 1867/1665/809
f 1871/1669/813 1867/1665/809 1870/1668/812
f 1872/1670/814 1869/1667/811 1868/1666/810
f 1868/1666/810 1863/1661/805 1872/1670/814
f 1869/1667/811 1872/1670/814 1870/1668/812
f 1873/1671/815 1863/1661/805 1864/1662/806
f 1873/1671/815 1872/1670/814 1863/1661/805
f 1873/1671/815 1864/1662/806 1874/1672/816
f 1873/1671/815 1874/1672/816 1872/1670/814
f 1875/1673/817 1874/1672/816 1864/1662/806
f 1871/1669/813 1870/1668/812 1876/1674/818
f 1876/1674/818 1877/1675/819 1871/1669/813
f 1878/1676/820 1876/1674/818 1870/1668/812
f 1878/1676/820 1870/1668/812 1879/1677/821
f 1880/1678/822 1870/1668/812 1872/1670/814
f 1880/1678/822 1879/1677/821 1870/1668/812
f 1880/1678/822 1872/1670/814 1874/1672/816
f 1879/1677/821 1880/1678/822 1881/1679/823
f 1874/1672/816 1881/1679/823 1880/1678/822
f 1874/1672/816 1875/1673/817 1881/1679/823
f 1882/1680/824 1881/1679/823 1875/1673/817
f 1885/1681/825 1884/1640/826 1883/1682/827
f 1886/1642/786 1883/1682/827 1884/1640/826
f 1883/1682/827 1886/1642/786 1887/1683/828
f 1888/1644/829 1887/1683/828 1886/1642/786
f 1888/1644/829 1889/1654/830 1887/1683/828
f 1883/1682/827 1887/1683/828 1890/1684/831
f 1891/1685/832 1887/1683/828 1889/1654/830
f 1891/1685/832 1892/1686/833 1887/1683/828
f 1889/1654/830 1893/1664/834 1891/1685/832
f 1894/1687/835 1891/1685/832 1893/1664/834
f 1891/1685/832 1894/1687/835 1892/1686/833
f 1893/1664/834 1895/1665/836 1894/1687/835
f 1896/1688/837 1890/1684/831 1887/1683/828
f 1896/1688/837 1887/1683/828 1892/1686/833
f 1896/1688/837 1897/1689/838 1890/1684/831
f 1896/1688/837 1892/1686/833 1897/1689/838
f 1898/1690/839 1890/1684/831 1897/1689/838
f 1897/1689/838 1899/1691/840 1898/1690/839
f 1900/1692/841 1898/1690/839 1899/1691/840
f 1898/1690/839 1900/1692/841 1901/1693/842
f 1902/1694/843 1901/1693/842 1900/1692/841
f 1897/1689/838 1903/1695/844 1899/1691/840
f 1903/1695/844 1897/1689/838 1892/1686/833
f 1904/1696/845 1899/1691/840 1903/1695/844
f 1903/1695/844 1892/1686/833 1905/1697/846
f 1906/1698/847 1905/1697/846 1892/1686/833
f 1906/1698/847 1892/1686/833 1894/1687/835
f 1906/1698/847 1894/1687/835 1907/1699/848
f 1908/1700/849 1907/1699/848 1894/1687/835
f 1908/1700/849 1894/1687/835 1895/1665/836
f 1908/1700/849 1909/1701/850 1907/1699/848
f 1908/1700/849 1895/1665/836 1909/1701/850
f 1910/1669/851 1909/1701/850 1895/1665/836
f 1909/1701/850 1910/1669/851 1911/1675/852
f 1912/1702/853 1907/1699/848 1909/1701/850
f 1911/1675/852 1913/1703/854 1909/1701/850
f 1912/1702/853 1909/1701/850 1913/1703/854
f 1912/1702/853 1913/1703/854 1914/1704/855
f 1915/1705/856 1914/1704/855 1913/1703/854
f 1918/1706/857 1917/1707/858 1916/1708/859
f 1919/1709/860 1916/1708/859 1917/1707/858
f 1916/1708/859 1919/1709/860 1920/1710/861
f 1919/1709/860 1917/1707/858 1921/1711/862
f 1922/1712/863 1921/1711/862 1917/1707/858
f 1921/1711/862 1922/1712/863 1923/1713/864
f 1924/1714/865 1923/1713/864 1922/1712/863
f 1921/1711/862 1925/1715/866 1919/1709/860
f 1921/1711/862 1923/1713/864 1925/1715/866
f 1926/1716/867 1920/1710/861 1919/1709/860
f 1926/1716/867 1919/1709/860 1925/1715/866
f 1926/1716/867 1927/1717/868 1920/1710/861
f 1926/1716/867 1925/1715/866 1927/1717/868
f 1928/1718/869 1920/1710/861 1927/1717/868
f 1923/1713/864 1924/1714/865 1929/1719/870
f 1930/1720/871 1929/1719/870 1924/1714/865
f 1929/1719/870 1931/1721/872 1923/1713/864
f 1932/1722/873 1923/1713/864 1931/1721/872
f 1932/1722/873 1925/1715/866 1923/1713/864
f 1931/1721/872 1933/1723/874 1932/1722/873
f 1927/1717/868 1934/1724/875 1928/1718/869
f 1935/1725/876 1928/1718/869 1934/1724/875
f 1936/1726/877 1927/1717/868 1925/1715/866
f 1927/1717/868 1936/1726/877 1934/1724/875
f 1925/1715/866 1932/1722/873 1936/1726/877
f 1937/1727/878 1934/1724/875 1936/1726/877
f 1938/1728/879 1932/1722/873 1933/1723/874
f 1938/1728/879 1936/1726/877 1932/1722/873
f 1936/1726/877 1938/1728/879 1937/1727/878
f 1933/1723/874 1939/1729/880 1938/1728/879
f 1940/1730/881 1937/1727/878 1938/1728/879
f 1940/1730/881 1938/1728/879 1939/1729/880
f 1943/1731/882 1942/1732/883 1941/1733/884
f 1944/1734/885 1941/1733/884 1942/1732/883
f 1942/1732/883 1945/1680/886 1944/1734/885
f 1946/1673/887 1944/1734/885 1945/1680/886
f 1946/1673/887 1947/1662/888 1944/1734/885
f 1944/1734/885 1948/1735/889 1941/1733/884
f 1948/1735/889 1944/1734/885 1947/1662/888
f 1949/1736/890 1941/1733/884 1948/1735/889
f 1949/1736/890 1948/1735/889 1950/1737/891
f 1948/1735/889 1947/1662/888 1951/1738/892
f 1951/1738/892 1950/1737/891 1948/1735/889
f 1952/1660/893 1951/1738/892 1947/1662/888
f 1950/1737/891 1951/1738/892 1953/1739/894
f 1952/1660/893 1954/1657/895 1951/1738/892
f 1955/1740/896 1953/1739/894 1951/1738/892
f 1955/1740/896 1951/1738/892 1954/1657/895
f 1953/1739/894 1955/1740/896 1956/1741/897
f 1954/1657/895 1957/1652/898 1955/1740/896
f 1958/1742/899 1956/1741/897 1955/1740/896
f 1958/1742/899 1955/1740/896 1957/1652/898
f 1958/1742/899 1959/1743/900 1956/1741/897
f 1958/1742/899 1957/1652/898 1959/1743/900
f 1960/1744/901 1956/1741/897 1959/1743/900
f 1961/1651/795 1959/1743/900 1957/1652/898
f 1959/1743/900 1962/1745/902 1960/1744/901
f 1959/1743/900 1961/1651/795 1962/1745/902
f 1963/1746/903 1960/1744/901 1962/1745/902
f 1964/1650/904 1962/1745/902 1961/1651/795
f 1962/1745/902 1965/1747/905 1963/1746/903
f 1962/1745/902 1964/1650/904 1965/1747/905
f 1966/1647/906 1965/1747/905 1964/1650/904
f 1967/1748/907 1963/1746/903 1965/1747/905
f 1966/1647/906 1968/1646/908 1965/1747/905
f 1965/1747/905 1969/1749/909 1967/1748/907
f 1969/1749/909 1965/1747/905 1968/1646/908
f 1970/1750/910 1967/1748/907 1969/1749/909
f 1968/1646/908 1971/1641/911 1969/1749/909
f 1970/1750/910 1969/1749/909 1972/1751/912
f 1973/1752/913 1969/1749/909 1971/1641/911
f 1973/1752/913 1972/1751/912 1969/1749/909
f 1971/1641/911 1974/1640/914 1973/1752/913
f 1972/1751/912 1973/1752/913 1975/1753/915
f 1976/1754/916 1973/1752/913 1974/1640/914
f 1976/1754/916 1975/1753/915 1973/1752/913
f 1979/1755/917 1978/1756/918 1977/1757/919
f 1980/1758/920 1977/1757/919 1978/1756/918
f 1980/1758/920 1978/1756/918 1981/1759/884
f 1982/1760/882 1981/1759/884 1978/1756/918
f 1981/1759/884 1983/1761/890 1980/1758/920
f 1980/1758/920 1984/1762/921 1977/1757/919
f 1984/1762/921 1980/1758/920 1983/1761/890
f 1985/1763/922 1977/1757/919 1984/1762/921
f 1985/1763/922 1984/1762/921 1986/1764/923
f 1984/1762/921 1983/1761/890 1987/1765/924
f 1987/1765/924 1986/1764/923 1984/1762/921
f 1988/1766/925 1987/1765/924 1983/1761/890
f 1986/1764/923 1987/1765/924 1989/1767/926
f 1987/1765/924 1988/1766/925 1990/1768/927
f 1990/1768/927 1989/1767/926 1987/1765/924
f 1991/1769/928 1990/1768/927 1988/1766/925
f 1991/1769/928 1992/1770/929 1990/1768/927
f 1990/1768/927 1993/1771/930 1989/1767/926
f 1993/1771/930 1990/1768/927 1992/1770/929
f 1994/1772/931 1989/1767/926 1993/1771/930
f 1992/1770/929 1995/1773/932 1993/1771/930
f 1993/1771/930 1996/1774/933 1994/1772/931
f 1996/1774/933 1993/1771/930 1995/1773/932
f 1996/1774/933 1995/1773/932 1997/1775/934
f 1998/1776/935 1994/1772/931 1996/1774/933
f 1996/1774/933 1997/1775/934 1998/1776/935
f 1999/1777/903 1997/1775/934 1995/1773/932
f 2000/1778/936 1998/1776/935 1997/1775/934
f 1999/1777/903 2001/1779/907 1997/1775/934
f 2000/1778/936 1997/1775/934 2002/1780/937
f 2003/1781/938 1997/1775/934 2001/1779/907
f 2003/1781/938 2002/1780/937 1997/1775/934
f 2001/1779/907 2004/1782/939 2003/1781/938
f 2002/1780/937 2003/1781/938 2005/1783/940
f 2006/1784/941 2003/1781/938 2004/1782/939
f 2006/1784/941 2005/1783/940 2003/1781/938
f 2004/1782/939 2007/1785/912 2006/1784/941
f 2006/1784/941 2008/1786/942 2005/1783/940
f 2008/1786/942 2006/1784/941 2007/1785/912
f 2007/1785/912 2009/1787/915 2008/1786/942
f 2010/1788/943 2005/1783/940 2008/1786/942
f 2011/1789/944 2008/1786/942 2009/1787/915
f 2008/1786/942 2011/1789/944 2010/1788/943
f 2012/1694/945 2010/1788/943 2011/1789/944
f 2015/1698/847 2014/1699/946 2013/1697/947
f 2016/1790/948 2013/1697/947 2014/1699/946
f 2016/1790/948 2014/1699/946 2017/1704/949
f 2018/1702/950 2017/1704/949 2014/1699/946
f 2013/1697/947 2016/1790/948 2019/1791/951
f 2013/1697/947 2019/1791/951 2020/1695/844
f 2021/1696/952 2020/1695/844 2019/1791/951
f 2016/1790/948 2017/1704/949 2022/1792/953
f 2022/1792/953 2019/1791/951 2016/1790/948
f 2019/1791/951 2023/1793/954 2021/1696/952
f 2019/1791/951 2022/1792/953 2023/1793/954
f 2024/1794/955 2022/1792/953 2017/1704/949
f 2017/1704/949 2025/1705/956 2024/1794/955
f 2026/1795/957 2024/1794/955 2025/1705/956
f 2026/1795/957 2027/1796/958 2024/1794/955
f 2022/1792/953 2024/1794/955 2028/1797/959
f 2028/1797/959 2023/1793/954 2022/1792/953
f 2029/1798/960 2024/1794/955 2027/1796/958
f 2029/1798/960 2028/1797/959 2024/1794/955
f 2029/1798/960 2027/1796/958 2030/1799/961
f 2031/1800/962 2030/1799/961 2027/1796/958
f 2031/1800/962 2032/1801/963 2030/1799/961
f 2028/1797/959 2029/1798/960 2033/1802/964
f 2030/1799/961 2033/1802/964 2029/1798/960
f 2028/1797/959 2033/1802/964 2023/1793/954
f 2034/1803/965 2030/1799/961 2032/1801/963
f 2030/1799/961 2034/1803/965 2033/1802/964
f 2032/1801/963 2035/1755/966 2034/1803/965
f 2036/1757/967 2034/1803/965 2035/1755/966
f 2036/1757/967 2037/1763/968 2034/1803/965
f 2038/1804/969 2033/1802/964 2034/1803/965
f 2038/1804/969 2034/1803/965 2037/1763/968
f 2039/1805/970 2023/1793/954 2033/1802/964
f 2033/1802/964 2038/1804/969 2039/1805/970
f 2038/1804/969 2037/1763/968 2040/1806/971
f 2040/1806/971 2039/1805/970 2038/1804/969
f 2041/1764/972 2040/1806/971 2037/1763/968
f 2041/1764/972 2042/1767/926 2040/1806/971
f 2023/1793/954 2039/1805/970 2043/1807/973
f 2043/1807/973 2021/1696/952 2023/1793/954
f 2021/1696/952 2043/1807/973 2044/1691/974
f 2039/1805/970 2040/1806/971 2045/1808/975
f 2045/1808/975 2043/1807/973 2039/1805/970
f 2046/1809/976 2040/1806/971 2042/1767/926
f 2046/1809/976 2045/1808/975 2040/1806/971
f 2046/1809/976 2042/1767/926 2047/1810/977
f 2046/1809/976 2047/1810/977 2045/1808/975
f 2048/1772/931 2047/1810/977 2042/1767/926
f 2048/1772/931 2049/1776/978 2047/1810/977
f 2045/1808/975 2050/1811/979 2043/1807/973
f 2050/1811/979 2045/1808/975 2047/1810/977
f 2051/1812/980 2044/1691/974 2043/1807/973
f 2051/1812/980 2043/1807/973 2050/1811/979
f 2052/1813/981 2047/1810/977 2049/1776/978
f 2049/1776/978 2053/1778/982 2052/1813/981
f 2054/1780/983 2052/1813/981 2053/1778/982
f 2054/1780/983 2055/1783/940 2052/1813/981
f 2050/1811/979 2047/1810/977 2056/1814/984
f 2052/1813/981 2056/1814/984 2047/1810/977
f 2050/1811/979 2056/1814/984 2051/1812/980
f 2056/1814/984 2052/1813/981 2055/1783/940
f 2051/1812/980 2057/1815/985 2044/1691/974
f 2057/1815/985 2051/1812/980 2056/1814/984
f 2056/1814/984 2055/1783/940 2057/1815/985
f 2058/1692/986 2044/1691/974 2057/1815/985
f 2059/1788/987 2057/1815/985 2055/1783/940
f 2058/1692/986 2057/1815/985 2060/1694/945
f 2059/1788/987 2060/1694/945 2057/1815/985
f 2063/1816/988 2062/1817/988 2061/1818/989
f 2064/1819/989 2061/1818/989 2062/1817/988
f 2061/1818/989 2064/1819/989 2065/1820/990
f 2066/1821/990 2065/1820/990 2064/1819/989
f 2066/1821/990 2067/1822/991 2065/1820/990
f 2068/1823/991 2065/1820/990 2067/1822/991
f 2067/1822/991 2069/1824/671 2068/1823/991
f 2070/1825/671 2068/1823/991 2069/1824/671
f 2073/1826/573 2072/1827/573 2071/1828/573
f 2074/1829/573 2071/1828/573 2072/1827/573
f 2074/1829/573 2075/1830/573 2071/1828/573
f 2076/1831/573 2075/1830/573 2074/1829/573
f 2079/1832/680 2078/1833/680 2077/1834/680
f 2079/1832/680 2080/1835/680 2078/1833/680
f 2081/1836/680 2078/1833/680 2080/1835/680
f 2081/1836/680 2080/1835/680 2082/1837/680
f 2083/1838/680 2082/1837/680 2080/1835/680
f 2082/1837/680 2083/1838/680 2084/1839/680
f 2082/1837/680 2085/1840/680 2081/1836/680
f 2081/1836/680 2086/1841/680 2078/1833/680
f 2086/1841/680 2081/1836/680 2085/1840/680
f 2087/1842/680 2078/1833/680 2086/1841/680
f 2085/1840/680 2088/1843/680 2086/1841/680
f 2087/1842/680 2086/1841/680 2089/1844/680
f 2090/1845/680 2086/1841/680 2088/1843/680
f 2090/1845/680 2089/1844/680 2086/1841/680
f 2093/1846/707 2092/1847/707 2091/1848/707
f 2094/1849/707 2091/1848/707 2092/1847/707
f 2091/1848/707 2094/1849/707 2095/1850/707
f 2096/1851/707 2095/1850/707 2094/1849/707
f 2099/1852/992 2098/1853/992 2097/1854/993
f 2100/1855/993 2097/1854/993 2098/1853/992
f 2100/1855/993 2101/1856/994 2097/1854/993
f 2102/1857/994 2097/1854/993 2101/1856/994
f 2102/1857/994 2101/1856/994 2103/1858/995
f 2104/1859/995 2103/1858/995 2101/1856/994
f 2104/1859/995 2105/1825/671 2103/1858/995
f 2106/1824/671 2103/1858/995 2105/1825/671
f 2109/1860/640 2108/1861/640 2107/1862/640
f 2110/1863/640 2107/1862/640 2108/1861/640
f 2111/1864/640 2107/1862/640 2110/1863/640
f 2111/1864/640 2112/1865/640 2107/1862/640
f 2115/1866/996 2114/1867/671 2113/1868/671
f 2114/1867/671 2116/1869/671 2113/1868/671
f 2116/1869/671 2117/1870/671 2113/1868/671
f 2118/1871/671 2116/1869/671 2114/1867/671
f 2119/1872/671 2116/1869/671 2118/1871/671
f 2120/1873/671 2116/1869/671 2119/1872/671
f 2121/1874/671 2116/1869/671 2120/1873/671
f 2122/1875/671 2117/1870/671 2116/1869/671
f 2123/1876/671 2122/1875/671 2116/1869/671
f 2124/1877/671 2122/1875/671 2123/1876/671
f 2125/1878/997 2122/1875/671 2124/1877/671
f 2126/1879/671 2124/1877/671 2123/1876/671
f 2127/1880/671 2126/1879/671 2123/1876/671
f 2128/1881/671 2126/1879/671 2127/1880/671
f 2131/1882/680 2130/1883/998 2129/1884/999
f 2132/1885/1000 2129/1884/999 2130/1883/998
f 2130/1883/998 2133/1886/1001 2132/1885/1000
f 2129/1884/999 2132/1885/1000 2134/1887/1002
f 2135/1888/1003 2132/1885/1000 2133/1886/1001
f 2136/1889/1004 2134/1887/1002 2132/1885/1000
f 2132/1885/1000 2135/1888/1003 2136/1889/1004
f 2137/1890/1005 2136/1889/1004 2135/1888/1003
f 2136/1889/1004 2137/1890/1005 2138/1891/1006
f 2138/1891/1006 2139/1892/1007 2136/1889/1004
f 2140/1893/1008 2138/1891/1006 2137/1890/1005
f 2143/1882/680 2142/1884/1009 2141/1894/1010
f 2144/1895/1011 2141/1894/1010 2142/1884/1009
f 2144/1895/1011 2145/1896/1012 2141/1894/1010
f 2146/1897/1013 2141/1894/1010 2145/1896/1012
f 2145/1896/1012 2144/1895/1011 2147/1898/1014
f 2144/1895/1011 2142/1884/1009 2148/1899/1015
f 2148/1899/1015 2147/1898/1014 2144/1895/1011
f 2149/1887/1016 2148/1899/1015 2142/1884/1009
f 2148/1899/1015 2150/1900/1017 2147/1898/1014
f 2151/1901/1018 2147/1898/1014 2150/1900/1017
f 2150/1900/1017 2148/1899/1015 2152/1892/1007
f 2149/1887/1016 2152/1892/1007 2148/1899/1015
f 2149/1887/1016 2153/1889/1019 2152/1892/1007
f 2156/1902/573 2155/1903/1020 2154/1904/1021
f 2157/1905/1022 2154/1904/1021 2155/1903/1020
f 2157/1905/1022 2158/1906/1023 2154/1904/1021
f 2155/1903/1020 2159/1907/1024 2157/1905/1022
f 2160/1908/1025 2157/1905/1022 2159/1907/1024
f 2157/1905/1022 2160/1908/1025 2158/1906/1023
f 2161/1909/1026 2158/1906/1023 2160/1908/1025
f 2161/1909/1026 2162/1910/1027 2158/1906/1023
f 2163/1911/1028 2158/1906/1023 2162/1910/1027
f 2164/1912/1029 2154/1904/1021 2158/1906/1023
f 2163/1911/1028 2165/1913/1030 2158/1906/1023
f 2164/1912/1029 2158/1906/1023 2165/1913/1030
f 2165/1913/1030 2166/1914/1031 2164/1912/1029
f 2169/1915/1032 2168/1916/1033 2167/1917/1034
f 2170/1918/1035 2167/1917/1034 2168/1916/1033
f 2168/1916/1033 2171/1902/573 2170/1918/1035
f 2167/1917/1034 2170/1918/1035 2172/1919/1036
f 2173/1904/1037 2170/1918/1035 2171/1902/573
f 2174/1920/1038 2172/1919/1036 2170/1918/1035
f 2170/1918/1035 2173/1904/1037 2174/1920/1038
f 2172/1919/1036 2174/1920/1038 2175/1921/1039
f 2176/1912/1040 2174/1920/1038 2173/1904/1037
f 2177/1914/1031 2175/1921/1039 2174/1920/1038
f 2174/1920/1038 2176/1912/1040 2177/1914/1031
f 2180/1922/673 2179/1923/1041 2178/1924/1042
f 2181/1925/1043 2178/1924/1042 2179/1923/1041
f 2181/1925/1043 2182/1926/1044 2178/1924/1042
f 2183/1927/1045 2178/1924/1042 2182/1926/1044
f 2182/1926/1044 2181/1925/1043 2184/1928/1046
f 2181/1925/1043 2179/1923/1041 2185/1929/1047
f 2185/1929/1047 2184/1928/1046 2181/1925/1043
f 2186/1930/1048 2185/1929/1047 2179/1923/1041
f 2186/1930/1048 2187/1931/1049 2185/1929/1047
f 2188/1932/1050 2185/1929/1047 2187/1931/1049
f 2185/1929/1047 2188/1932/1050 2184/1928/1046
f 2189/1933/1051 2184/1928/1046 2188/1932/1050
f 2192/1934/1052 2191/1935/1053 2190/1936/1054
f 2193/1937/1055 2190/1936/1054 2191/1935/1053
f 2191/1935/1053 2194/1938/1056 2193/1937/1055
f 2195/1939/1057 2193/1937/1055 2194/1938/1056
f 2195/1939/1057 2194/1938/1056 2196/1940/1058
f 2197/1941/1059 2196/1940/1058 2194/1938/1056
f 2196/1940/1058 2198/1942/1060 2195/1939/1057
f 2199/1943/1061 2195/1939/1057 2198/1942/1060
f 2202/1939/1057 2201/1943/1062 2200/1937/1063
f 2203/1944/1064 2200/1937/1063 2201/1943/1062
f 2200/1937/1063 2203/1944/1064 2204/1936/1065
f 2205/1945/640 2204/1936/1065 2203/1944/1064
f 2203/1944/1064 2206/1946/1066 2205/1945/640
f 2207/1947/1067 2205/1945/640 2206/1946/1066
f 2207/1947/1067 2206/1946/1066 2208/1948/1068
f 2209/1949/1069 2208/1948/1068 2206/1946/1066
f 2209/1949/1069 2206/1946/1066 2210/1950/1070
f 2206/1946/1066 2203/1944/1064 2211/1951/1071
f 2201/1943/1062 2211/1951/1071 2203/1944/1064
f 2211/1951/1071 2210/1950/1070 2206/1946/1066
f 2211/1951/1071 2201/1943/1062 2212/1952/1072
f 2211/1951/1071 2212/1952/1072 2210/1950/1070
f 2213/1942/1073 2212/1952/1072 2201/1943/1062
f 2214/1953/1074 2210/1950/1070 2212/1952/1072
f 2217/1954/1075 2216/1955/1076 2215/1956/1077
f 2218/1957/1078 2215/1956/1077 2216/1955/1076
f 2216/1955/1076 2219/1931/1049 2218/1957/1078
f 2220/1930/1079 2218/1957/1078 2219/1931/1049
f 2215/1956/1077 2218/1957/1078 2221/1958/1080
f 2220/1930/1079 2222/1923/1081 2218/1957/1078
f 2223/1959/1082 2221/1958/1080 2218/1957/1078
f 2223/1959/1082 2218/1957/1078 2222/1923/1081
f 2221/1958/1080 2223/1959/1082 2224/1960/1083
f 2222/1923/1081 2225/1922/673 2223/1959/1082
f 2226/1961/1084 2224/1960/1083 2223/1959/1082
f 2226/1961/1084 2223/1959/1082 2225/1922/673
f 2229/1962/673 2228/1963/673 2227/1964/673
f 2230/1965/673 2227/1964/673 2228/1963/673
f 2233/1966/1085 2232/1967/1085 2231/1968/1085
f 2234/1969/1085 2231/1968/1085 2232/1967/1085
f 2237/1970/640 2236/1971/640 2235/1972/640
f 2238/1973/640 2235/1972/640 2236/1971/640
f 2241/1974/1086 2240/1975/1086 2239/1976/1086
f 2242/1977/1086 2239/1976/1086 2240/1975/1086
f 2245/1978/673 2244/1979/673 2243/1980/673
f 2246/1981/673 2243/1980/673 2244/1979/673
f 2249/1982/1085 2248/1983/1085 2247/1984/1085
f 2250/1985/1085 2247/1984/1085 2248/1983/1085
f 2253/1986/573 2252/1987/573 2251/1988/573
f 2254/1989/573 2251/1988/573 2252/1987/573
f 2257/1990/1086 2256/1991/1086 2255/1992/1086
f 2258/1993/1086 2255/1992/1086 2256/1991/1086
f 2261/1994/573 2260/1995/573 2259/1996/573
f 2262/1997/573 2259/1996/573 2260/1995/573
f 2265/1998/640 2264/1999/640 2263/2000/640
f 2266/2001/640 2263/2000/640 2264/1999/640
f 2269/2002/671 2268/2003/671 2267/2004/671
f 2270/2005/671 2267/2004/671 2268/2003/671
f 2273/2006/707 2272/2007/707 2271/2008/707
f 2274/2009/707 2271/2008/707 2272/2007/707
f 2277/2010/671 2276/2011/671 2275/2012/671
f 2278/2013/671 2275/2012/671 2276/2011/671
f 2281/2014/573 2280/2015/573 2279/2016/573
f 2282/2017/573 2279/2016/573 2280/2015/573
f 2285/2018/707 2284/2019/707 2283/2020/707
f 2286/2021/707 2283/2020/707 2284/2019/707
f 2289/2022/640 2288/2023/640 2287/2024/640
f 2290/2025/640 2287/2024/640 2288/2023/640
f 2293/2026/671 2292/2027/671 2291/2028/671
f 2294/2029/671 2291/2028/671 2292/2027/671
f 2297/2030/707 2296/2031/707 2295/2032/707
f 2298/2033/707 2295/2032/707 2296/2031/707
f 2301/2034/573 2300/2035/573 2299/2036/573
f 2302/2037/573 2299/2036/573 2300/2035/573
f 2305/2038/673 2304/2039/673 2303/2040/673
f 2306/2041/673 2303/2040/673 2304/2039/673
f 2306/2041/673 2304/2039/673 2307/2042/673
f 2307/2042/673 2308/2043/673 2306/2041/673
f 2309/2044/673 2307/2042/673 2304/2039/673
f 2304/2039/673 2310/2045/673 2309/2044/673
f 2313/2046/640 2312/2047/640 2311/2048/640
f 2314/2049/640 2311/2048/640 2312/2047/640
f 2317/2050/680 2316/2051/680 2315/2052/680
f 2318/2053/680 2315/2052/680 2316/2051/680
f 2321/2054/673 2320/2055/673 2319/2056/673
f 2322/2057/673 2319/2056/673 2320/2055/673
f 2325/2058/671 2324/2059/671 2323/2060/671
f 2326/2061/671 2323/2060/671 2324/2059/671
f 2329/2062/707 2328/2063/707 2327/2064/707
f 2330/2065/707 2327/2064/707 2328/2063/707
f 2333/2066/1087 2332/2067/1088 2331/2068/1089
f 2334/2069/1090 2332/2067/1088 2333/2066/1087
f 2335/2070/1091 2332/2067/1088 2334/2069/1090
f 2338/2071/1092 2337/2072/1093 2336/2073/1094
f 2339/2074/1095 2336/2073/1094 2337/2072/1093
f 2342/2075/1096 2341/2076/1089 2340/2077/1097
f 2343/2078/1088 2340/2077/1097 2341/2076/1089
f 2343/2078/1088 2344/2079/1098 2340/2077/1097
f 2345/2080/1099 2340/2077/1097 2344/2079/1098
f 2348/2081/1087 2347/2082/1100 2346/2083/1101
f 2349/2084/1102 2346/2083/1101 2347/2082/1100
f 2352/2085/1103 2351/2086/1102 2350/2087/1097
f 2353/2088/1093 2350/2087/1097 2351/2086/1102
f 2354/2089/1092 2350/2087/1097 2353/2088/1093
f 2357/2090/1090 2356/2091/1104 2355/2092/1105
f 2358/2093/1106 2355/2092/1105 2356/2091/1104
f 2361/2094/1107 2360/2095/1108 2359/2096/1109
f 2361/2094/1107 2362/2097/1110 2360/2095/1108
f 2361/2094/1107 2363/2098/1111 2362/2097/1110
f 2366/2099/1108 2365/2100/1112 2364/2101/1109
f 2367/2102/1113 2364/2101/1109 2365/2100/1112
f 2370/2103/1109 2369/2104/1114 2368/2105/1107
f 2371/2106/1115 2368/2105/1107 2369/2104/1114
f 2371/2106/1115 2372/2107/1116 2368/2105/1107
f 2373/2108/1117 2368/2105/1107 2372/2107/1116
f 2376/2109/1110 2375/2110/1118 2374/2111/1119
f 2377/2112/1120 2374/2111/1119 2375/2110/1118
f 2380/2113/1121 2379/2114/1122 2378/2115/1123
f 2378/2115/1123 2381/2116/1120 2380/2113/1121
f 2378/2115/1123 2382/2117/1124 2381/2116/1120
f 2385/2118/1125 2384/2119/1121 2383/2120/1126
f 2386/2121/1127 2383/2120/1126 2384/2119/1121
f 2389/2122/1128 2388/2123/1128 2387/2124/1129
f 2390/2125/1129 2387/2124/1129 2388/2123/1128
f 2387/2124/1129 2390/2125/1129 2391/2126/774
f 2392/2127/774 2391/2126/774 2390/2125/1129
f 2391/2126/774 2392/2127/774 2393/2128/1130
f 2394/2129/1130 2393/2128/1130 2392/2127/774
f 2394/2129/1130 2395/2130/671 2393/2128/1130
f 2396/2131/671 2393/2128/1130 2395/2130/671
f 2396/2131/671 2395/2130/671 2397/2132/1131
f 2398/2133/1131 2397/2132/1131 2395/2130/671
f 2397/2132/1131 2398/2133/1131 2399/2134/764
f 2400/2135/764 2399/2134/764 2398/2133/1131
f 2399/2134/764 2400/2135/764 2401/2136/1132
f 2402/2137/1132 2401/2136/1132 2400/2135/764
f 2402/2137/1132 2403/2138/1133 2401/2136/1132
f 2404/2139/1133 2401/2136/1132 2403/2138/1133
f 2407/2140/764 2406/2141/764 2405/2142/1134
f 2408/2143/1134 2405/2142/1134 2406/2141/764
f 2408/2143/1134 2409/2144/996 2405/2142/1134
f 2410/2145/996 2405/2142/1134 2409/2144/996
f 2409/2144/996 2411/2146/1130 2410/2145/996
f 2412/2147/1130 2410/2145/996 2411/2146/1130
f 2412/2147/1130 2411/2146/1130 2413/2148/774
f 2414/2149/774 2413/2148/774 2411/2146/1130
f 2417/2140/764 2416/2150/1135 2415/2141/764
f 2418/2151/1135 2415/2141/764 2416/2150/1135
f 2418/2151/1135 2416/2150/1135 2419/2152/1136
f 2420/2153/1136 2419/2152/1136 2416/2150/1135
f 2419/2152/1136 2420/2153/1136 2421/2154/1137
f 2422/2155/1137 2421/2154/1137 2420/2153/1136
f 2421/2154/1137 2422/2155/1137 2423/2154/1138
f 2424/2155/1138 2423/2154/1138 2422/2155/1137
f 2424/2155/1138 2425/2156/1139 2423/2154/1138
f 2426/2157/1140 2423/2154/1138 2425/2156/1139
f 2429/2158/1141 2428/2159/1142 2427/2160/1141
f 2430/2161/1142 2427/2160/1141 2428/2159/1142
f 2428/2159/1142 2431/2162/1143 2430/2161/1142
f 2432/2163/1143 2430/2161/1142 2431/2162/1143
f 2432/2163/1143 2431/2162/1143 2433/2164/1144
f 2434/2165/1144 2433/2164/1144 2431/2162/1143
f 2434/2165/1144 2435/2166/1145 2433/2164/1144
f 2436/2167/1146 2433/2164/1144 2435/2166/1145
f 2439/2168/1147 2438/2169/1147 2437/2170/1148
f 2440/2171/1148 2437/2170/1148 2438/2169/1147
f 2437/2170/1148 2440/2171/1148 2441/2172/771
f 2442/2173/771 2441/2172/771 2440/2171/1148
f 2441/2172/771 2442/2173/771 2443/2174/1144
f 2444/2175/1144 2443/2174/1144 2442/2173/771
f 2443/2174/1144 2444/2175/1144 2445/2176/707
f 2446/2177/707 2445/2176/707 2444/2175/1144
f 2445/2176/707 2446/2177/707 2447/2178/1149
f 2448/2179/1149 2447/2178/1149 2446/2177/707
f 2447/2178/1149 2448/2179/1149 2449/2180/767
f 2450/2181/767 2449/2180/767 2448/2179/1149
f 2450/2181/767 2451/2182/1150 2449/2180/767
f 2452/2183/1150 2449/2180/767 2451/2182/1150
f 2452/2183/1150 2451/2182/1150 2453/2184/1151
f 2454/2185/1151 2453/2184/1151 2451/2182/1150
f 2457/2186/1152 2456/2187/1152 2455/2188/1152
f 2458/2189/1152 2455/2188/1152 2456/2187/1152
f 2461/2190/1153 2460/2191/1154 2459/2192/1155
f 2462/2193/1156 2459/2192/1155 2460/2191/1154
f 2459/2192/1155 2462/2193/1156 2463/2194/707
f 2464/2195/707 2463/2194/707 2462/2193/1156
f 2464/2195/707 2465/2196/707 2463/2194/707
f 2466/2197/707 2463/2194/707 2465/2196/707
f 2469/2198/671 2468/2199/671 2467/2200/671
f 2470/2201/671 2467/2200/671 2468/2199/671
f 2473/2202/673 2472/2203/673 2471/2204/673
f 2472/2203/673 2474/2205/673 2471/2204/673
f 2475/2206/673 2471/2204/673 2474/2205/673
f 2474/2205/673 2472/2203/673 2476/2207/673
f 2477/2208/673 2476/2207/673 2472/2203/673
f 2475/2206/673 2474/2205/673 2478/2209/673
f 2475/2206/673 2478/2209/673 2479/2210/673
f 2480/2211/673 2479/2210/673 2478/2209/673
f 2479/2210/673 2481/2212/673 2475/2206/673
f 2482/2213/673 2475/2206/673 2481/2212/673
f 2478/2209/673 2483/2214/673 2480/2211/673
f 2484/2215/673 2480/2211/673 2483/2214/673
f 2484/2215/673 2483/2214/673 2485/2216/673
f 2486/2217/673 2485/2216/673 2483/2214/673
f 2485/2216/673 2486/2217/673 2487/2218/673
f 2488/2219/673 2487/2218/673 2486/2217/673
f 2487/2218/673 2488/2219/673 2489/2220/673
f 2490/2221/673 2489/2220/673 2488/2219/673
f 2482/2213/673 2481/2212/673 2491/2222/673
f 2492/2223/673 2491/2222/673 2481/2212/673
f 2492/2223/673 2493/2224/673 2491/2222/673
f 2494/2225/673 2491/2222/673 2493/2224/673
f 2493/2224/673 2495/2226/673 2494/2225/673
f 2496/2227/673 2494/2225/673 2495/2226/673
f 2495/2226/673 2497/2228/673 2496/2227/673
f 2498/2229/673 2496/2227/673 2497/2228/673
f 2497/2228/673 2499/2230/673 2498/2229/673
f 2500/2231/673 2498/2229/673 2499/2230/673
f 2489/2220/673 2490/2221/673 2501/2232/673
f 2502/2233/673 2501/2232/673 2490/2221/673
f 2499/2230/673 2503/2234/673 2500/2231/673
f 2504/2235/673 2500/2231/673 2503/2234/673
f 2502/2233/673 2505/2236/673 2501/2232/673
f 2506/2237/673 2501/2232/673 2505/2236/673
f 2504/2235/673 2503/2234/673 2507/2238/673
f 2506/2237/673 2505/2236/673 2508/2239/673
f 2509/2240/673 2508/2239/673 2505/2236/673
f 2510/2241/673 2507/2238/673 2503/2234/673
f 2509/2240/673 2511/2242/673 2508/2239/673
f 2512/2243/673 2508/2239/673 2511/2242/673
f 2510/2241/673 2512/2243/673 2507/2238/673
f 2511/2242/673 2507/2238/673 2512/2243/673
f 2513/2244/673 2507/2238/673 2511/2242/673
f 2513/2244/673 2514/2245/673 2507/2238/673
f 2515/2246/673 2507/2238/673 2514/2245/673
f 2514/2245/673 2516/2247/673 2515/2246/673
f 2514/2245/673 2513/2244/673 2517/2248/673
f 2518/2249/673 2517/2248/673 2513/2244/673
f 2521/2250/640 2520/2251/640 2519/2252/640
f 2522/2253/640 2519/2252/640 2520/2251/640
f 2525/2254/1157 2524/2255/1157 2523/2256/1157
f 2526/2257/1157 2523/2256/1157 2524/2255/1157
f 2529/2258/680 2528/2259/680 2527/2260/680
f 2530/2261/680 2527/2260/680 2528/2259/680
f 2528/2259/680 2531/2262/680 2530/2261/680
f 2532/2263/680 2530/2261/680 2531/2262/680
f 2533/2264/680 2530/2261/680 2532/2263/680
f 2533/2264/680 2532/2263/680 2534/2265/680
f 2534/2265/680 2535/2266/680 2533/2264/680
f 2536/2267/680 2534/2265/680 2532/2263/680
f 2537/2268/680 2533/2264/680 2535/2266/680
f 2536/2267/680 2532/2263/680 2538/2267/680
f 2535/2266/680 2539/2269/680 2537/2268/680
f 2540/2270/680 2538/2267/680 2532/2263/680
f 2541/2271/680 2537/2268/680 2539/2269/680
f 2538/2267/680 2540/2270/680 2542/2272/680
f 2539/2269/680 2543/2273/680 2541/2271/680
f 2544/2274/680 2542/2272/680 2540/2270/680
f 2545/2275/680 2541/2271/680 2543/2273/680
f 2543/2273/680 2546/2276/680 2545/2275/680
f 2547/2277/680 2545/2275/680 2546/2276/680
f 2542/2272/680 2544/2274/680 2548/2278/680
f 2549/2279/680 2548/2278/680 2544/2274/680
f 2549/2279/680 2550/2280/680 2548/2278/680
f 2551/2281/680 2548/2278/680 2550/2280/680
f 2550/2280/680 2552/2282/680 2551/2281/680
f 2553/2283/680 2551/2281/680 2552/2282/680
f 2552/2282/680 2554/2284/680 2553/2283/680
f 2555/2285/680 2553/2283/680 2554/2284/680
f 2546/2276/680 2556/2286/680 2547/2277/680
f 2557/2287/680 2547/2277/680 2556/2286/680
f 2557/2287/680 2556/2286/680 2558/2288/680
f 2559/2289/680 2558/2288/680 2556/2286/680
f 2554/2284/680 2560/2290/680 2555/2285/680
f 2561/2291/680 2555/2285/680 2560/2290/680
f 2561/2291/680 2560/2290/680 2562/2292/680
f 2558/2288/680 2559/2289/680 2563/2293/680
f 2564/2294/680 2563/2293/680 2559/2289/680
f 2565/2295/680 2562/2292/680 2560/2290/680
f 2564/2294/680 2566/2296/680 2563/2293/680
f 2562/2292/680 2565/2295/680 2566/2296/680
f 2567/2297/680 2563/2293/680 2566/2296/680
f 2567/2297/680 2566/2296/680 2565/2295/680
f 2568/2298/680 2567/2297/680 2565/2295/680
f 2568/2298/680 2565/2295/680 2569/2299/680
f 2570/2300/680 2569/2299/680 2565/2295/680
f 2569/2299/680 2571/2301/680 2568/2298/680
f 2572/2302/680 2568/2298/680 2571/2301/680
f 2575/2303/640 2574/2304/640 2573/2305/640
f 2576/2306/640 2573/2305/640 2574/2304/640
f 2579/2307/573 2578/2308/573 2577/2309/573
f 2580/2310/573 2577/2309/573 2578/2308/573
f 2583/2311/640 2582/2312/640 2581/2313/640
f 2584/2314/640 2581/2313/640 2582/2312/640
f 2587/2315/673 2586/2316/673 2585/2317/673
f 2588/2318/673 2585/2317/673 2586/2316/673
f 2591/2319/671 2590/2320/671 2589/2321/671
f 2592/2322/671 2589/2321/671 2590/2320/671
f 2592/2322/671 2593/2323/671 2589/2321/671
f 2594/2324/671 2589/2321/671 2593/2323/671
f 2593/2323/671 2595/2325/671 2594/2324/671
f 2598/2326/680 2597/2327/680 2596/2328/680
f 2599/2329/680 2596/2328/680 2597/2327/680
f 2602/2149/774 2601/2330/1158 2600/2148/774
f 2603/2331/1158 2600/2148/774 2601/2330/1158
f 2601/2330/1158 2604/2332/1159 2603/2331/1158
f 2605/2333/1159 2603/2331/1158 2604/2332/1159
f 2605/2333/1159 2604/2332/1159 2606/2334/1160
f 2607/2335/1160 2606/2334/1160 2604/2332/1159
f 2607/2335/1160 2608/2335/1161 2606/2334/1160
f 2609/2334/1161 2606/2334/1160 2608/2335/1161
f 2609/2334/1161 2608/2335/1161 2610/2336/1162
f 2611/2337/1162 2610/2336/1162 2608/2335/1161
f 2614/2338/1163 2613/2339/1163 2612/2340/1163
f 2615/2341/1163 2612/2340/1163 2613/2339/1163
f 2618/2342/1164 2617/2343/1165 2616/2344/1166
f 2619/2345/1167 2616/2344/1166 2617/2343/1165
f 2619/2345/1167 2617/2343/1165 2620/2346/707
f 2621/2347/707 2620/2346/707 2617/2343/1165
f 2621/2347/707 2622/2348/707 2620/2346/707
f 2623/2349/707 2620/2346/707 2622/2348/707
f 2626/2350/671 2625/2351/671 2624/2352/671
f 2627/2353/671 2624/2352/671 2625/2351/671
f 2630/2354/573 2629/2355/573 2628/2356/573
f 2631/2357/573 2628/2356/573 2629/2355/573
f 2634/2358/1168 2633/2359/1168 2632/2360/1168
f 2635/2361/1168 2632/2360/1168 2633/2359/1168
f 2638/2362/573 2637/2363/573 2636/2364/573
f 2639/2365/573 2636/2364/573 2637/2363/573
f 2642/2366/640 2641/2367/640 2640/2368/640
f 2643/2369/640 2640/2368/640 2641/2367/640
f 2646/2370/573 2645/2371/573 2644/2372/573
f 2647/2373/573 2644/2372/573 2645/2371/573
f 2650/2374/673 2649/2375/673 2648/2376/673
f 2651/2377/673 2648/2376/673 2649/2375/673
f 2654/2378/671 2653/2379/671 2652/2380/671
f 2655/2381/671 2652/2380/671 2653/2379/671
f 2652/2380/671 2655/2381/671 2656/2382/671
f 2657/2383/671 2656/2382/671 2655/2381/671
f 2658/2384/671 2656/2382/671 2657/2383/671
f 2661/2385/680 2660/2386/680 2659/2387/680
f 2662/2388/680 2659/2387/680 2660/2386/680
f 2665/2389/671 2664/2390/671 2663/2391/671
f 2666/2392/671 2663/2391/671 2664/2390/671
f 2669/2393/707 2668/2394/707 2667/2395/707
f 2670/2396/707 2667/2395/707 2668/2394/707
f 2673/2397/573 2672/2398/1169 2671/2399/573
f 2674/2400/1169 2671/2399/573 2672/2398/1169
f 2672/2398/1169 2675/2401/1170 2674/2400/1169
f 2676/2402/1170 2674/2400/1169 2675/2401/1170
f 2679/2403/671 2678/2404/671 2677/2405/671
f 2680/2406/671 2677/2405/671 2678/2404/671
f 2683/2407/707 2682/2408/707 2681/2409/707
f 2684/2410/707 2681/2409/707 2682/2408/707
f 2687/2411/640 2686/2412/640 2685/2413/1171
f 2688/2414/1171 2685/2413/1171 2686/2412/640
f 2685/2413/1171 2688/2414/1171 2689/2415/1172
f 2690/2416/1172 2689/2415/1172 2688/2414/1171
f 2693/2417/673 2692/2418/673 2691/2419/673
f 2692/2418/673 2694/2420/673 2691/2419/673
f 2694/2420/673 2695/2421/673 2691/2419/673
f 2696/2422/673 2694/2420/673 2692/2418/673
f 2697/2423/673 2694/2420/673 2696/2422/673
f 2698/2424/673 2694/2420/673 2697/2423/673
f 2699/2425/673 2694/2420/673 2698/2424/673
f 2700/2426/673 2695/2421/673 2694/2420/673
f 2701/2427/673 2700/2426/673 2694/2420/673
f 2702/2428/673 2700/2426/673 2701/2427/673
f 2703/2429/673 2700/2426/673 2702/2428/673
f 2704/2430/673 2702/2428/673 2701/2427/673
f 2705/2431/673 2704/2430/673 2701/2427/673
f 2706/2432/673 2704/2430/673 2705/2431/673
f 2709/2433/1173 2708/2434/1174 2707/2435/1173
f 2710/2436/1174 2707/2435/1173 2708/2434/1174
f 2708/2434/1174 2711/2437/671 2710/2436/1174
f 2712/2438/671 2710/2436/1174 2711/2437/671
f 2711/2437/671 2713/2439/1134 2712/2438/671
f 2714/2440/1134 2712/2438/671 2713/2439/1134
f 2713/2439/1134 2715/2441/1175 2714/2440/1134
f 2716/2442/1175 2714/2440/1134 2715/2441/1175
f 2719/2433/774 2718/2435/774 2717/2443/1176
f 2720/2444/1177 2717/2443/1176 2718/2435/774
f 2720/2444/1177 2721/2445/573 2717/2443/1176
f 2722/2446/573 2717/2443/1176 2721/2445/573
f 2721/2445/573 2723/2447/772 2722/2446/573
f 2724/2448/772 2722/2446/573 2723/2447/772
f 2723/2447/772 2725/2449/771 2724/2448/772
f 2726/2450/1178 2724/2448/772 2725/2449/771
f 2729/2450/1179 2728/2449/771 2727/2451/1144
f 2730/2452/1144 2727/2451/1144 2728/2449/771
f 2730/2452/1144 2731/2453/707 2727/2451/1144
f 2732/2454/1180 2727/2451/1144 2731/2453/707
f 2735/2455/707 2734/2456/707 2733/2457/1149
f 2736/2458/1149 2733/2457/1149 2734/2456/707
f 2736/2458/1149 2737/2459/767 2733/2457/1149
f 2738/2460/767 2733/2457/1149 2737/2459/767
f 2738/2460/767 2737/2459/767 2739/2461/1181
f 2742/2462/1181 2741/2461/766 2740/2459/1182
f 2742/2462/1181 2743/2463/640 2741/2461/766
f 2744/2464/640 2741/2461/766 2743/2463/640
f 2744/2464/640 2743/2463/640 2745/2465/765
f 2746/2466/765 2745/2465/765 2743/2463/640
f 2746/2466/765 2747/2442/764 2745/2465/765
f 2748/2441/764 2745/2465/765 2747/2442/764
f 2751/2467/680 2750/2468/680 2749/2469/680
f 2750/2468/680 2752/2470/680 2749/2469/680
f 2752/2470/680 2753/2471/680 2749/2469/680
f 2753/2471/680 2754/2472/680 2749/2469/680
f 2755/2473/680 2753/2471/680 2752/2470/680
f 2756/2474/680 2753/2471/680 2755/2473/680
f 2757/2475/680 2753/2471/680 2756/2474/680
f 2758/2476/680 2753/2471/680 2757/2475/680
f 2759/2477/680 2756/2474/680 2755/2473/680
f 2760/2478/680 2759/2477/680 2755/2473/680
f 2761/2479/680 2760/2478/680 2755/2473/680
f 2762/2480/680 2760/2478/680 2761/2479/680
f 2763/2481/680 2759/2477/680 2760/2478/680
f 2764/2482/680 2763/2481/680 2760/2478/680
f 2767/2483/673 2766/2484/673 2765/2485/673
f 2768/2486/673 2765/2485/673 2766/2484/673
f 2768/2486/673 2769/2487/673 2765/2485/673
f 2766/2484/673 2770/2488/673 2768/2486/673
f 2771/2489/673 2768/2486/673 2770/2488/673
f 2770/2488/673 2772/2490/673 2771/2489/673
f 2773/2491/673 2771/2489/673 2772/2490/673
f 2772/2490/673 2774/2492/673 2773/2491/673
f 2775/2493/673 2773/2491/673 2774/2492/673
f 2774/2492/673 2776/2494/673 2775/2493/673
f 2777/2495/673 2775/2493/673 2776/2494/673
f 2777/2495/673 2776/2494/673 2778/2496/673
f 2779/2497/673 2778/2496/673 2776/2494/673
f 2778/2496/673 2779/2497/673 2780/2498/673
f 2781/2499/673 2780/2498/673 2779/2497/673
f 2781/2499/673 2782/2500/673 2780/2498/673
f 2783/2501/673 2780/2498/673 2782/2500/673
f 2782/2500/673 2784/2502/673 2783/2501/673
f 2785/2503/673 2783/2501/673 2784/2502/673
f 2785/2503/673 2784/2502/673 2786/2504/673
f 2787/2505/673 2786/2504/673 2784/2502/673
f 2786/2504/673 2787/2505/673 2788/2506/673
f 2789/2507/673 2788/2506/673 2787/2505/673
f 2788/2506/673 2789/2507/673 2790/2508/673
f 2791/2509/673 2790/2508/673 2789/2507/673
f 2790/2508/673 2791/2509/673 2792/2510/673
f 2793/2511/673 2792/2510/673 2791/2509/673
f 2793/2511/673 2794/2512/673 2792/2510/673
f 2795/2513/673 2792/2510/673 2794/2512/673
f 2795/2513/673 2796/2514/673 2792/2510/673
f 2799/2515/1183 2798/2516/1184 2797/2517/1185
f 2797/2517/1185 2800/2518/1186 2799/2515/1183
f 2801/2519/1187 2799/2515/1183 2800/2518/1186
f 2800/2518/1186 2802/2520/1188 2801/2519/1187
f 2803/2521/1189 2801/2519/1187 2802/2520/1188
f 2802/2520/1188 2800/2518/1186 2804/2522/1190
f 2800/2518/1186 2797/2517/1185 2805/2523/1191
f 2805/2523/1191 2804/2522/1190 2800/2518/1186
f 2806/2524/1192 2805/2523/1191 2797/2517/1185
f 2804/2522/1190 2805/2523/1191 2807/2525/1193
f 2805/2523/1191 2806/2524/1192 2808/2526/1194
f 2808/2526/1194 2807/2525/1193 2805/2523/1191
f 2807/2525/1193 2808/2526/1194 2809/2527/1195
f 2807/2525/1193 2809/2527/1195 2810/2528/1196
f 2811/2529/1197 2810/2528/1196 2809/2527/1195
f 2812/2530/1198 2809/2527/1195 2808/2526/1194
f 2809/2527/1195 2813/2531/1199 2811/2529/1197
f 2814/2532/1200 2811/2529/1197 2813/2531/1199
f 2814/2532/1200 2813/2531/1199 2815/2533/1201
f 2816/2534/1202 2815/2533/1201 2813/2531/1199
f 2813/2531/1199 2809/2527/1195 2817/2535/1203
f 2813/2531/1199 2817/2535/1203 2816/2534/1202
f 2812/2530/1198 2817/2535/1203 2809/2527/1195
f 2818/2536/1204 2816/2534/1202 2817/2535/1203
f 2818/2536/1204 2817/2535/1203 2819/2537/1205
f 2817/2535/1203 2812/2530/1198 2820/2538/1206
f 2820/2538/1206 2819/2537/1205 2817/2535/1203
f 2821/2539/1207 2820/2538/1206 2812/2530/1198
f 2821/2539/1207 2822/2540/1208 2820/2538/1206
f 2823/2541/1209 2820/2538/1206 2822/2540/1208
f 2819/2537/1205 2820/2538/1206 2824/2542/1210
f 2823/2541/1209 2824/2542/1210 2820/2538/1206
f 2823/2541/1209 2825/2543/1211 2824/2542/1210
f 2826/2544/1212 2824/2542/1210 2825/2543/1211
f 2829/2541/1213 2828/2540/1214 2827/2543/1215
f 2830/2545/1216 2827/2543/1215 2828/2540/1214
f 2830/2545/1216 2828/2540/1214 2831/2546/1217
f 2830/2545/1216 2832/2547/1218 2827/2543/1215
f 2830/2545/1216 2831/2546/1217 2832/2547/1218
f 2833/2548/1219 2827/2543/1215 2832/2547/1218
f 2833/2548/1219 2834/2549/1220 2827/2543/1215
f 2835/2544/1212 2827/2543/1215 2834/2549/1220
f 2836/2550/1221 2831/2546/1217 2828/2540/1214
f 2828/2540/1214 2837/2539/1207 2836/2550/1221
f 2838/2551/1222 2836/2550/1221 2837/2539/1207
f 2837/2539/1207 2839/2530/1223 2838/2551/1222
f 2840/2526/1224 2838/2551/1222 2839/2530/1223
f 2838/2551/1222 2840/2526/1224 2841/2524/1225
f 2838/2551/1222 2841/2524/1225 2836/2550/1221
f 2842/2552/1226 2836/2550/1221 2841/2524/1225
f 2836/2550/1221 2842/2552/1226 2831/2546/1217
f 2842/2552/1226 2841/2524/1225 2843/2553/1227
f 2844/2517/1228 2843/2553/1227 2841/2524/1225
f 2843/2553/1227 2844/2517/1228 2845/2516/1229
f 2843/2553/1227 2845/2516/1229 2846/2554/1230
f 2843/2553/1227 2846/2554/1230 2842/2552/1226
f 2847/2555/1231 2846/2554/1230 2845/2516/1229
f 2846/2554/1230 2847/2555/1231 2848/2556/1232
f 2849/2557/1233 2848/2556/1232 2847/2555/1231
f 2849/2557/1233 2850/2558/1234 2848/2556/1232
f 2851/2559/1235 2848/2556/1232 2850/2558/1234
f 2851/2559/1235 2852/2560/1236 2848/2556/1232
f 2853/2561/1237 2842/2552/1226 2846/2554/1230
f 2853/2561/1237 2831/2546/1217 2842/2552/1226
f 2846/2554/1230 2848/2556/1232 2853/2561/1237
f 2854/2562/1238 2848/2556/1232 2852/2560/1236
f 2854/2562/1238 2853/2561/1237 2848/2556/1232
f 2831/2546/1217 2853/2561/1237 2855/2563/1239
f 2854/2562/1238 2855/2563/1239 2853/2561/1237
f 2854/2562/1238 2852/2560/1236 2855/2563/1239
f 2855/2563/1239 2832/2547/1218 2831/2546/1217
f 2856/2564/1240 2855/2563/1239 2852/2560/1236
f 2855/2563/1239 2856/2564/1240 2832/2547/1218
f 2857/2565/1241 2832/2547/1218 2856/2564/1240
f 2860/2547/1242 2859/2565/1243 2858/2548/1219
f 2861/2566/1244 2858/2548/1219 2859/2565/1243
f 2858/2548/1219 2861/2566/1244 2862/2549/1220
f 2863/2567/1245 2862/2549/1220 2861/2566/1244
f 2866/2568/673 2865/2569/673 2864/2570/673
f 2867/2571/673 2864/2570/673 2865/2569/673
f 2864/2570/673 2867/2571/673 2868/2572/673
f 2869/2573/673 2868/2572/673 2867/2571/673
f 2865/2569/673 2870/2574/673 2867/2571/673
f 2867/2571/673 2871/2575/673 2869/2573/673
f 2871/2575/673 2867/2571/673 2870/2574/673
f 2872/2576/673 2869/2573/673 2871/2575/673
f 2872/2576/673 2871/2575/673 2873/2577/673
f 2871/2575/673 2870/2574/673 2874/2578/673
f 2874/2578/673 2873/2577/673 2871/2575/673
f 2875/2579/673 2874/2578/673 2870/2574/673
f 2875/2579/673 2876/2580/1246 2874/2578/673
f 2874/2578/673 2877/2581/1247 2873/2577/673
f 2877/2581/1247 2874/2578/673 2876/2580/1246
f 2878/2582/1248 2873/2577/673 2877/2581/1247
f 2878/2582/1248 2877/2581/1247 2879/2583/1249
f 2878/2582/1248 2879/2583/1249 2880/2584/1250
f 2881/2585/1251 2879/2583/1249 2877/2581/1247
f 2877/2581/1247 2876/2580/1246 2881/2585/1251
f 2882/2586/1252 2881/2585/1251 2876/2580/1246
f 2882/2586/1252 2876/2580/1246 2883/2587/1253
f 2886/2588/1254 2885/1131/1255 2884/1130/527
f 2884/1130/527 2887/2589/1256 2886/2588/1254
f 2888/2590/1257 2886/2588/1254 2887/2589/1256
f 2887/2589/1256 2889/2591/1258 2888/2590/1257
f 2890/2592/1259 2888/2590/1257 2889/2591/1258
f 2889/2591/1258 2891/2593/1260 2890/2592/1259
f 2892/2594/1261 2890/2592/1259 2891/2593/1260
f 2892/2594/1261 2891/2593/1260 2893/2595/1262
f 2894/2596/1263 2893/2595/1262 2891/2593/1260
f 2894/2596/1263 2895/2597/1264 2893/2595/1262
f 2896/2598/1265 2893/2595/1262 2895/2597/1264
f 2896/2598/1265 2895/2597/1264 2897/2599/1266
f 2898/2600/1267 2897/2599/1266 2895/2597/1264
f 2897/2599/1266 2898/2600/1267 2899/2601/1268
f 2900/2602/1269 2899/2601/1268 2898/2600/1267
f 2900/2602/1269 2901/2603/1270 2899/2601/1268
f 2902/2604/1271 2899/2601/1268 2901/2603/1270
f 2902/2604/1271 2901/2603/1270 2903/2605/1272
f 2904/2606/1273 2903/2605/1272 2901/2603/1270
f 2904/2606/1273 2905/1134/1274 2903/2605/1272
f 2906/2607/1275 2903/2605/1272 2905/1134/1274
f 2906/2607/1275 2905/1134/1274 2907/1133/1276
f 2910/2529/1197 2909/2608/1277 2908/2528/1278
f 2911/2609/1279 2908/2528/1278 2909/2608/1277
f 2911/2609/1279 2909/2608/1277 2912/2610/1280
f 2913/2611/1281 2912/2610/1280 2909/2608/1277
f 2913/2611/1281 2914/2612/1282 2912/2610/1280
f 2915/2613/1283 2912/2610/1280 2914/2612/1282
f 2914/2612/1282 2916/2614/1284 2915/2613/1283
f 2917/2615/1285 2915/2613/1283 2916/2614/1284
f 2915/2613/1283 2917/2615/1285 2918/2616/1286
f 2919/2617/1287 2918/2616/1286 2917/2615/1285
f 2918/2616/1286 2919/2617/1287 2920/2618/1288
f 2921/2619/1289 2920/2618/1288 2919/2617/1287
f 2920/2618/1288 2921/2619/1289 2922/2620/1290
f 2923/2621/1291 2922/2620/1290 2921/2619/1289
f 2921/2619/1289 2924/2622/1292 2923/2621/1291
f 2921/2619/1289 2919/2617/1287 2924/2622/1292
f 2925/2623/1293 2923/2621/1291 2924/2622/1292
f 2924/2622/1292 2926/2624/1294 2925/2623/1293
f 2927/2625/1295 2924/2622/1292 2919/2617/1287
f 2919/2617/1287 2917/2615/1285 2927/2625/1295
f 2928/2626/1296 2927/2625/1295 2917/2615/1285
f 2928/2626/1296 2917/2615/1285 2929/2627/1297
f 2916/2614/1284 2929/2627/1297 2917/2615/1285
f 2929/2627/1297 2930/2628/1298 2928/2626/1296
f 2930/2628/1298 2929/2627/1297 2931/2629/1299
f 2929/2627/1297 2916/2614/1284 2932/2630/1300
f 2932/2630/1300 2931/2629/1299 2929/2627/1297
f 2933/2631/1301 2932/2630/1300 2916/2614/1284
f 2916/2614/1284 2914/2612/1282 2933/2631/1301
f 2934/2632/1302 2933/2631/1301 2914/2612/1282
f 2934/2632/1302 2914/2612/1282 2935/2633/1303
f 2934/2632/1302 2935/2633/1303 2936/2634/1304
f 2937/2635/1305 2936/2634/1304 2935/2633/1303
f 2936/2634/1304 2938/2636/1306 2934/2632/1302
f 2933/2631/1301 2934/2632/1302 2938/2636/1306
f 2933/2631/1301 2938/2636/1306 2932/2630/1300
f 2939/2637/1307 2932/2630/1300 2938/2636/1306
f 2939/2637/1307 2940/2638/1308 2932/2630/1300
f 2931/2629/1299 2932/2630/1300 2940/2638/1308
f 2931/2629/1299 2940/2638/1308 2941/2639/1309
f 2942/2640/1310 2941/2639/1309 2940/2638/1308
f 2945/2641/1311 2944/2642/1312 2943/2643/1313
f 2946/2644/1314 2943/2643/1313 2944/2642/1312
f 2944/2642/1312 2947/2645/1315 2946/2644/1314
f 2943/2643/1313 2946/2644/1314 2948/2646/1316
f 2949/2647/1317 2946/2644/1314 2947/2645/1315
f 2947/2645/1315 2950/2648/1318 2949/2647/1317
f 2951/2649/1319 2948/2646/1316 2946/2644/1314
f 2948/2646/1316 2951/2649/1319 2952/2650/1320
f 2953/2651/1321 2952/2650/1320 2951/2649/1319
f 2951/2649/1319 2946/2644/1314 2954/2652/1322
f 2951/2649/1319 2954/2652/1322 2953/2651/1321
f 2949/2647/1317 2954/2652/1322 2946/2644/1314
f 2955/2653/1323 2953/2651/1321 2954/2652/1322
f 2955/2653/1323 2954/2652/1322 2956/2654/1324
f 2954/2652/1322 2949/2647/1317 2957/2655/1325
f 2957/2655/1325 2956/2654/1324 2954/2652/1322
f 2957/2655/1325 2958/2656/1326 2956/2654/1324
f 2959/2657/1327 2956/2654/1324 2958/2656/1326
f 2959/2657/1327 2958/2656/1326 2960/2658/1328
f 2961/2659/1329 2960/2658/1328 2958/2656/1326
f 2961/2659/1329 2958/2656/1326 2962/2660/1330
f 2963/2661/1331 2957/2655/1325 2949/2647/1317
f 2957/2655/1325 2963/2661/1331 2958/2656/1326
f 2963/2661/1331 2949/2647/1317 2950/2648/1318
f 2964/2662/1332 2962/2660/1330 2958/2656/1326
f 2964/2662/1332 2958/2656/1326 2963/2661/1331
f 2963/2661/1331 2950/2648/1318 2964/2662/1332
f 2962/2660/1330 2964/2662/1332 2965/2663/1333
f 2966/2664/1334 2964/2662/1332 2950/2648/1318
f 2966/2664/1334 2965/2663/1333 2964/2662/1332
f 2969/2658/1328 2968/2659/1335 2967/2665/1336
f 2970/2666/1337 2967/2665/1336 2968/2659/1335
f 2970/2666/1337 2968/2659/1335 2971/2667/1338
f 2972/2660/1339 2971/2667/1338 2968/2659/1335
f 2971/2667/1338 2972/2660/1339 2973/2663/1340
f 2973/2663/1340 2974/2668/1341 2971/2667/1338
f 2970/2666/1337 2975/2669/1342 2967/2665/1336
f 2970/2666/1337 2971/2667/1338 2975/2669/1342
f 2976/2670/1343 2967/2665/1336 2975/2669/1342
f 2976/2670/1343 2975/2669/1342 2977/2671/1344
f 2978/2672/1345 2971/2667/1338 2974/2668/1341
f 2978/2672/1345 2975/2669/1342 2971/2667/1338
f 2974/2668/1341 2979/2673/1346 2978/2672/1345
f 2980/2674/1347 2977/2671/1344 2975/2669/1342
f 2975/2669/1342 2978/2672/1345 2980/2674/1347
f 2977/2671/1344 2980/2674/1347 2981/2675/1348
f 2982/2676/1349 2981/2675/1348 2980/2674/1347
f 2983/2677/1350 2978/2672/1345 2979/2673/1346
f 2983/2677/1350 2980/2674/1347 2978/2672/1345
f 2980/2674/1347 2983/2677/1350 2982/2676/1349
f 2984/2678/1351 2983/2677/1350 2979/2673/1346
f 2984/2678/1351 2982/2676/1349 2983/2677/1350
f 2987/2679/1352 2986/2623/1353 2985/2624/1354
f 2985/2624/1354 2988/2680/1355 2987/2679/1352
f 2985/2624/1354 2989/2681/1356 2988/2680/1355
f 2985/2624/1354 2990/2622/1357 2989/2681/1356
f 2991/2625/1358 2989/2681/1356 2990/2622/1357
f 2992/2682/1359 2988/2680/1355 2989/2681/1356
f 2988/2680/1355 2992/2682/1359 2993/2683/1360
f 2989/2681/1356 2991/2625/1358 2994/2684/1361
f 2989/2681/1356 2994/2684/1361 2992/2682/1359
f 2995/2626/1296 2994/2684/1361 2991/2625/1358
f 2994/2684/1361 2995/2626/1296 2996/2628/1362
f 2997/2685/1363 2993/2683/1360 2992/2682/1359
f 2993/2683/1360 2997/2685/1363 2998/2686/1235
f 2999/2687/1364 2998/2686/1235 2997/2685/1363
f 2996/2628/1362 3000/2688/1365 2994/2684/1361
f 2996/2628/1362 3001/2629/1366 3000/2688/1365
f 3002/2639/1367 3000/2688/1365 3001/2629/1366
f 3003/2689/1368 2992/2682/1359 2994/2684/1361
f 2992/2682/1359 3003/2689/1368 2997/2685/1363
f 3003/2689/1368 2994/2684/1361 3000/2688/1365
f 2997/2685/1363 3004/2690/1369 2999/2687/1364
f 3004/2690/1369 2997/2685/1363 3003/2689/1368
f 3005/2691/1240 2999/2687/1364 3004/2690/1369
f 3000/2688/1365 3006/2692/1370 3003/2689/1368
f 3004/2690/1369 3003/2689/1368 3006/2692/1370
f 3004/2690/1369 3006/2692/1370 3005/2691/1240
f 3000/2688/1365 3002/2639/1367 3006/2692/1370
f 3007/2693/1241 3005/2691/1240 3006/2692/1370
f 3006/2692/1370 3008/2694/1371 3007/2693/1241
f 3008/2694/1371 3006/2692/1370 3002/2639/1367
f 3009/2695/1244 3007/2693/1241 3008/2694/1371
f 3008/2694/1371 3002/2639/1367 3010/2696/1372
f 3008/2694/1371 3010/2696/1372 3009/2695/1244
f 3011/2640/1310 3010/2696/1372 3002/2639/1367
f 3012/2697/1373 3009/2695/1244 3010/2696/1372
f 3015/2698/1374 3014/2679/1352 3013/2680/1375
f 3015/2698/1374 3013/2680/1375 3016/2699/1376
f 3017/2683/1377 3016/2699/1376 3013/2680/1375
f 3017/2683/1377 3018/2686/1378 3016/2699/1376
f 3019/2700/1379 3016/2699/1376 3018/2686/1378
f 3022/2675/1348 3021/2676/1349 3020/2701/1380
f 3023/2702/1381 3020/2701/1380 3021/2676/1349
f 3023/2702/1381 3024/2703/1382 3020/2701/1380
f 3025/2704/1383 3020/2701/1380 3024/2703/1382
f 3025/2704/1383 3024/2703/1382 3026/2705/1384
f 3023/2702/1381 3021/2676/1349 3027/2706/1385
f 3023/2702/1381 3027/2706/1385 3024/2703/1382
f 3028/2678/1386 3027/2706/1385 3021/2676/1349
f 3027/2706/1385 3028/2678/1386 3029/2707/1387
f 3030/2673/1388 3029/2707/1387 3028/2678/1386
f 3027/2706/1385 3029/2707/1387 3031/2708/1389
f 3031/2708/1389 3024/2703/1382 3027/2706/1385
f 3032/2709/1390 3031/2708/1389 3029/2707/1387
f 3031/2708/1389 3032/2709/1390 3033/2710/1391
f 3031/2708/1389 3033/2710/1391 3024/2703/1382
f 3034/2711/1392 3033/2710/1391 3032/2709/1390
f 3034/2711/1392 3035/2712/1393 3033/2710/1391
f 3036/2713/1394 3026/2705/1384 3024/2703/1382
f 3036/2713/1394 3024/2703/1382 3033/2710/1391
f 3026/2705/1384 3036/2713/1394 3037/2714/1395
f 3038/2715/1396 3033/2710/1391 3035/2712/1393
f 3033/2710/1391 3038/2715/1396 3036/2713/1394
f 3039/2716/1397 3037/2714/1395 3036/2713/1394
f 3039/2716/1397 3036/2713/1394 3038/2715/1396
f 3037/2714/1395 3039/2716/1397 3040/2717/1398
f 3041/2718/1399 3040/2717/1398 3039/2716/1397
f 3041/2718/1399 3039/2716/1397 3042/2719/1400
f 3038/2715/1396 3042/2719/1400 3039/2716/1397
f 3038/2715/1396 3035/2712/1393 3042/2719/1400
f 3043/2720/1401 3042/2719/1400 3035/2712/1393
f 3046/2611/1402 3045/2633/1403 3044/2612/1282
f 3046/2611/1402 3047/2608/1404 3045/2633/1403
f 3048/2721/1405 3045/2633/1403 3047/2608/1404
f 3047/2608/1404 3049/2529/1406 3048/2721/1405
f 3045/2633/1403 3048/2721/1405 3050/2635/1305
f 3051/2532/1407 3048/2721/1405 3049/2529/1406
f 3052/2722/1408 3050/2635/1305 3048/2721/1405
f 3051/2532/1407 3053/2533/1201 3048/2721/1405
f 3052/2722/1408 3048/2721/1405 3053/2533/1201
f 3056/2723/640 3055/2724/640 3054/2725/640
f 3055/2724/640 3057/2726/640 3054/2725/640
f 3058/2727/640 3054/2725/640 3057/2726/640
f 3058/2727/640 3059/2728/640 3054/2725/640
f 3060/2729/640 3054/2725/640 3059/2728/640
f 3060/2729/640 3059/2728/640 3061/2730/640
f 3061/2730/640 3062/2731/640 3060/2729/640
f 3060/2729/640 3062/2731/640 3063/2732/640
f 3060/2729/640 3063/2732/640 3064/2733/640
f 3060/2729/640 3064/2733/640 3065/2734/640
f 3060/2729/640 3065/2734/640 3066/2735/640
f 3066/2735/640 3065/2734/640 3067/2736/640
f 3068/2737/640 3066/2735/640 3067/2736/640
f 3069/2738/640 3066/2735/640 3068/2737/640
f 3067/2736/640 3070/2739/640 3068/2737/640
f 3068/2737/640 3070/2739/640 3071/2740/640
f 3072/2741/640 3071/2740/640 3070/2739/640
f 3071/2740/640 3072/2741/640 3073/2742/640
f 3073/2742/640 3072/2741/640 3074/2743/640
f 3074/2743/640 3072/2741/640 3075/2744/640
f 3076/2745/640 3075/2744/640 3072/2741/640
f 3075/2744/640 3076/2745/640 3077/2746/640
f 3077/2746/640 3076/2745/640 3078/2747/640
f 3079/2748/640 3077/2746/640 3078/2747/640
f 3078/2747/640 3080/2749/640 3079/2748/640
f 3081/2750/640 3079/2748/640 3080/2749/640
f 3079/2748/640 3082/2751/640 3077/2746/640
f 3083/2752/640 3081/2750/640 3080/2749/640
f 3077/2746/640 3082/2751/640 3084/2753/640
f 3085/2754/640 3081/2750/640 3083/2752/640
f 3086/2755/640 3077/2746/640 3084/2753/640
f 3087/2756/640 3086/2755/640 3084/2753/640
f 3087/2756/640 3084/2753/640 3088/2757/640
f 3089/2758/640 3088/2757/640 3084/2753/640
f 3088/2757/640 3089/2758/640 3090/2759/640
f 3091/2760/640 3090/2759/640 3089/2758/640
f 3092/2761/640 3081/2750/640 3085/2754/640
f 3090/2759/640 3091/2760/640 3093/2762/640
f 3094/2763/640 3093/2762/640 3091/2760/640
f 3094/2763/640 3095/2764/640 3093/2762/640
f 3096/2765/640 3093/2762/640 3095/2764/640
f 3095/2764/640 3097/2766/640 3096/2765/640
f 3098/2767/640 3096/2765/640 3097/2766/640
f 3097/2766/640 3099/2768/640 3098/2767/640
f 3100/2769/640 3098/2767/640 3099/2768/640
f 3099/2768/640 3101/2770/640 3100/2769/640
f 3102/2771/640 3100/2769/640 3101/2770/640
f 3101/2770/640 3103/2772/640 3102/2771/640
f 3104/2773/640 3102/2771/640 3103/2772/640
f 3105/2774/640 3081/2750/640 3092/2761/640
f 3103/2772/640 3106/2775/640 3104/2773/640
f 3107/2776/640 3104/2773/640 3106/2775/640
f 3107/2776/640 3106/2775/640 3108/2777/640
f 3109/2778/640 3108/2777/640 3106/2775/640
f 3108/2777/640 3109/2778/640 3110/2779/640
f 3111/2780/640 3110/2779/640 3109/2778/640
f 3111/2780/640 3112/2781/640 3110/2779/640
f 3113/2782/640 3110/2779/640 3112/2781/640
f 3112/2781/640 3114/2783/640 3113/2782/640
f 3115/2784/640 3113/2782/640 3114/2783/640
f 3115/2784/640 3114/2783/640 3116/2785/640
f 3117/2786/640 3116/2785/640 3114/2783/640
f 3118/2787/640 3117/2786/640 3114/2783/640
f 3119/2788/640 3081/2750/640 3105/2774/640
f 3081/2750/640 3119/2788/640 3120/2789/640
f 3121/2790/640 3120/2789/640 3119/2788/640
f 3122/2791/640 3081/2750/640 3120/2789/640
f 3125/2792/1409 3124/2793/1410 3123/2794/1409
f 3126/2795/1410 3123/2794/1409 3124/2793/1410
f 3124/2793/1410 3127/2796/1411 3126/2795/1410
f 3128/2797/1411 3126/2795/1410 3127/2796/1411
f 3128/2797/1411 3127/2796/1411 3129/2798/1412
f 3130/2799/1412 3129/2798/1412 3127/2796/1411
f 3130/2799/1412 3131/2800/1413 3129/2798/1412
f 3132/2801/1413 3129/2798/1412 3131/2800/1413
f 3131/2800/1413 3133/2802/1414 3132/2801/1413
f 3134/2803/1414 3132/2801/1413 3133/2802/1414
f 3133/2802/1414 3135/2804/1415 3134/2803/1414
f 3136/2805/1415 3134/2803/1414 3135/2804/1415
f 3135/2804/1415 3137/2806/1416 3136/2805/1415
f 3138/2807/1416 3136/2805/1415 3137/2806/1416
f 3137/2806/1416 3139/2808/1417 3138/2807/1416
f 3140/2809/1417 3138/2807/1416 3139/2808/1417
f 3143/2810/1418 3142/2811/1419 3141/2812/1418
f 3144/2813/1419 3141/2812/1418 3142/2811/1419
f 3142/2811/1419 3145/2814/1420 3144/2813/1419
f 3146/2815/1420 3144/2813/1419 3145/2814/1420
f 3146/2815/1420 3145/2814/1420 3147/2816/680
f 3148/2817/680 3147/2816/680 3145/2814/1420
f 3147/2816/680 3148/2817/680 3149/2818/680
f 3150/2819/680 3149/2818/680 3148/2817/680
f 3150/2819/680 3151/2820/1421 3149/2818/680
f 3152/2821/1421 3149/2818/680 3151/2820/1421
f 3152/2821/1421 3151/2820/1421 3153/2822/1422
f 3154/2823/1422 3153/2822/1422 3151/2820/1421
f 3154/2823/1422 3155/2824/1423 3153/2822/1422
f 3156/2825/1423 3153/2822/1422 3155/2824/1423
f 3156/2825/1423 3155/2824/1423 3157/2826/1424
f 3158/2827/1424 3157/2826/1424 3155/2824/1423
f 3158/2827/1424 3159/2828/1425 3157/2826/1424
f 3160/2829/1425 3157/2826/1424 3159/2828/1425
f 3159/2828/1425 3161/2830/1426 3160/2829/1425
f 3162/2831/1426 3160/2829/1425 3161/2830/1426
f 3161/2830/1426 3163/2832/1427 3162/2831/1426
f 3164/2833/1427 3162/2831/1426 3163/2832/1427
f 3164/2833/1427 3163/2832/1427 3165/2834/1428
f 3166/2835/1429 3165/2834/1428 3163/2832/1427
f 3165/2834/1428 3166/2835/1429 3167/2836/1430
f 3168/2837/1430 3167/2836/1430 3166/2835/1429
f 3168/2837/1430 3169/2838/1431 3167/2836/1430
f 3170/2839/1431 3167/2836/1430 3169/2838/1431
f 3173/2840/1432 3172/2841/1432 3171/2842/1433
f 3174/2843/1433 3171/2842/1433 3172/2841/1432
f 3171/2842/1433 3174/2843/1433 3175/2844/1434
f 3176/2845/1434 3175/2844/1434 3174/2843/1433
f 3179/2846/680 3178/2847/680 3177/2848/680
f 3180/2849/680 3177/2848/680 3178/2847/680
f 3177/2848/680 3180/2849/680 3181/2850/680
f 3182/2851/680 3181/2850/680 3180/2849/680
f 3185/2852/1435 3184/2853/1435 3183/2854/1436
f 3186/2855/1436 3183/2854/1436 3184/2853/1435
f 3189/2852/1437 3188/2856/1438 3187/2853/1439
f 3190/2857/1438 3187/2853/1439 3188/2856/1438
f 3190/2857/1438 3188/2856/1438 3191/2858/1440
f 3188/2856/1438 3192/2859/1440 3191/2858/1440
f 3192/2859/1440 3193/2860/1441 3191/2858/1440
f 3194/2861/1441 3191/2858/1440 3193/2860/1441
f 3194/2861/1441 3193/2860/1441 3195/2862/1442
f 3196/2863/1442 3195/2862/1442 3193/2860/1441
f 3199/2864/533 3198/1137/532 3197/1136/533
f 3199/2864/533 3197/1136/533 3200/2865/1443
f 3201/2866/1443 3200/2865/1443 3197/1136/533
f 3201/2866/1443 3202/2867/1444 3200/2865/1443
f 3203/2868/1444 3200/2865/1443 3202/2867/1444
f 3206/2869/1445 3205/2870/1446 3204/2871/1447
f 3207/2872/1448 3204/2871/1447 3205/2870/1446
f 3205/2870/1446 3208/2873/673 3207/2872/1448
f 3209/2874/673 3207/2872/1448 3208/2873/673
f 3212/2875/680 3211/2876/680 3210/2877/1449
f 3213/2878/1449 3210/2877/1449 3211/2876/680
f 3210/2877/1449 3213/2878/1449 3214/2879/1450
f 3215/2880/1450 3214/2879/1450 3213/2878/1449
f 3215/2880/1450 3216/2881/1451 3214/2879/1450
f 3217/2882/1451 3214/2879/1450 3216/2881/1451
f 3217/2882/1451 3216/2881/1451 3218/2883/1452
f 3219/2884/1452 3218/2883/1452 3216/2881/1451
f 3218/2883/1452 3219/2884/1452 3220/2885/1453
f 3221/2886/1453 3220/2885/1453 3219/2884/1452
f 3221/2886/1453 3222/2887/1454 3220/2885/1453
f 3223/2888/1454 3220/2885/1453 3222/2887/1454
f 3223/2888/1454 3222/2887/1454 3224/2889/1455
f 3225/2890/1455 3224/2889/1455 3222/2887/1454
f 3228/2891/1456 3227/2892/1456 3226/2893/1457
f 3229/2894/1457 3226/2893/1457 3227/2892/1456
f 3232/2892/1456 3231/2891/1456 3230/2895/1458
f 3233/2896/1458 3230/2895/1458 3231/2891/1456
f 3233/2896/1458 3234/2897/1459 3230/2895/1458
f 3235/2898/1459 3230/2895/1458 3234/2897/1459
f 3238/2899/1460 3237/2900/1460 3236/2901/1461
f 3239/2902/1462 3236/2901/1461 3237/2900/1460
f 3239/2902/1462 3240/2903/1463 3236/2901/1461
f 3243/2904/1464 3242/2905/1465 3241/2906/1464
f 3244/2903/1465 3241/2906/1464 3242/2905/1465
f 3242/2905/1465 3245/2901/1462 3244/2903/1465
f 3248/2893/1466 3247/2894/1466 3246/2907/1467
f 3249/2908/1467 3246/2907/1467 3247/2894/1466
f 3252/2909/1468 3251/2910/1469 3250/2911/1468
f 3253/2912/1469 3250/2911/1468 3251/2910/1469
f 3253/2912/1469 3251/2910/1469 3254/2913/1470
f 3257/2914/1471 3256/2913/1472 3255/2910/1473
f 3257/2914/1471 3258/2915/1474 3256/2913/1472
f 3259/2916/1474 3256/2913/1472 3258/2915/1474
f 3259/2916/1474 3258/2915/1474 3260/2917/1475
f 3261/2918/1475 3260/2917/1475 3258/2915/1474
f 3261/2918/1475 3262/2919/1476 3260/2917/1475
f 3265/2920/1477 3264/2917/1478 3263/2919/1479
f 3263/2919/1479 3266/2921/1480 3265/2920/1477
f 3267/2922/1480 3265/2920/1477 3266/2921/1480
f 3266/2921/1480 3268/2923/1481 3267/2922/1480
f 3269/2924/1481 3267/2922/1480 3268/2923/1481
f 3268/2923/1481 3270/2925/1482 3269/2924/1481
f 3271/2926/1482 3269/2924/1481 3270/2925/1482
f 3274/2927/1483 3273/2928/1483 3272/2929/1484
f 3275/2930/1484 3272/2929/1484 3273/2928/1483
f 3272/2929/1484 3275/2930/1484 3276/2931/1485
f 3277/2932/1486 3276/2931/1485 3275/2930/1484
f 3280/2933/1487 3279/2934/1488 3278/2935/1487
f 3281/2936/1488 3278/2935/1487 3279/2934/1488
f 3284/2937/1489 3283/2938/1490 3282/2939/1489
f 3285/2940/1490 3282/2939/1489 3283/2938/1490
f 3285/2940/1490 3283/2938/1490 3286/2941/1491
f 3287/2942/1491 3286/2941/1491 3283/2938/1490
f 3287/2942/1491 3288/2943/1492 3286/2941/1491
f 3289/2944/1492 3286/2941/1491 3288/2943/1492
f 3288/2943/1492 3290/2945/1493 3289/2944/1492
f 3291/2946/1493 3289/2944/1492 3290/2945/1493
f 3294/2933/1494 3293/2935/1494 3292/2947/1495
f 3295/2948/1495 3292/2947/1495 3293/2935/1494
f 3295/2948/1495 3296/2949/1496 3292/2947/1495
f 3297/2950/1496 3292/2947/1495 3296/2949/1496
f 3297/2950/1496 3296/2949/1496 3298/2951/1497
f 3299/2952/1497 3298/2951/1497 3296/2949/1496
f 3299/2952/1497 3300/2953/1498 3298/2951/1497
f 3301/2954/1499 3298/2951/1497 3300/2953/1498
f 3304/2955/573 3303/2956/573 3302/2957/573
f 3303/2956/573 3305/2958/573 3302/2957/573
f 3306/2959/573 3305/2958/573 3303/2956/573
f 3305/2958/573 3307/2960/573 3302/2957/573
f 3306/2959/573 3308/2961/573 3305/2958/573
f 3309/2962/573 3308/2961/573 3306/2959/573
f 3310/2963/573 3307/2960/573 3305/2958/573
f 3305/2958/573 3311/2964/573 3310/2963/573
f 3310/2963/573 3312/2965/573 3307/2960/573
f 3312/2965/573 3313/2966/573 3307/2960/573
f 3314/2967/573 3307/2960/573 3313/2966/573
f 3313/2966/573 3315/2968/573 3314/2967/573
f 3316/2969/573 3314/2967/573 3315/2968/573
f 3316/2969/573 3315/2968/573 3317/2970/573
f 3318/2971/573 3311/2964/573 3305/2958/573
f 3318/2971/573 3319/2972/573 3311/2964/573
f 3318/2971/573 3320/2973/573 3319/2972/573
f 3316/2969/573 3317/2970/573 3321/2974/573
f 3322/2975/573 3321/2974/573 3317/2970/573
f 3321/2974/573 3322/2975/573 3323/2976/573
f 3318/2971/573 3324/2977/573 3320/2973/573
f 3321/2974/573 3323/2976/573 3325/2978/573
f 3325/2978/573 3323/2976/573 3326/2979/573
f 3326/2979/573 3327/2980/573 3325/2978/573
f 3325/2978/573 3327/2980/573 3324/2977/573
f 3324/2977/573 3328/2981/573 3320/2973/573
f 3324/2977/573 3327/2980/573 3329/2982/573
f 3324/2977/573 3330/2983/573 3328/2981/573
f 3329/2982/573 3330/2983/573 3324/2977/573
f 3333/2984/680 3332/2985/1500 3331/2986/680
f 3334/2987/1500 3331/2986/680 3332/2985/1500
f 3334/2987/1500 3332/2985/1500 3335/2988/1501
f 3336/2989/1501 3335/2988/1501 3332/2985/1500
f 3335/2988/1501 3336/2989/1501 3337/2990/1502
f 3338/2991/1502 3337/2990/1502 3336/2989/1501
f 3341/2992/1503 3340/2993/1503 3339/2994/1503
f 3342/2995/1503 3339/2994/1503 3340/2993/1503
f 3345/2996/1504 3344/2997/1505 3343/2998/1506
f 3346/2999/1505 3343/2998/1506 3344/2997/1505
f 3346/2999/1505 3344/2997/1505 3347/3000/1507
f 3348/3001/1507 3347/3000/1507 3344/2997/1505
f 3348/3001/1507 3349/3002/1508 3347/3000/1507
f 3350/3003/1508 3347/3000/1507 3349/3002/1508
f 3353/3004/640 3352/3005/640 3351/3006/640
f 3354/3007/640 3353/3004/640 3351/3006/640
f 3354/3007/640 3355/3008/640 3353/3004/640
f 3356/3009/640 3354/3007/640 3351/3006/640
f 3357/3010/640 3355/3008/640 3354/3007/640
f 3357/3010/640 3358/3011/640 3355/3008/640
f 3356/3009/640 3359/3012/640 3354/3007/640
f 3360/3013/640 3354/3007/640 3359/3012/640
f 3361/3014/640 3359/3012/640 3356/3009/640
f 3356/3009/640 3362/3015/640 3361/3014/640
f 3363/3016/640 3361/3014/640 3362/3015/640
f 3360/3013/640 3364/3017/640 3354/3007/640
f 3365/3018/640 3364/3017/640 3360/3013/640
f 3366/3019/640 3364/3017/640 3365/3018/640
f 3362/3015/640 3367/3020/640 3363/3016/640
f 3368/3021/640 3363/3016/640 3367/3020/640
f 3368/3021/640 3367/3020/640 3369/3022/640
f 3370/3023/640 3364/3017/640 3366/3019/640
f 3367/3020/640 3371/3024/640 3369/3022/640
f 3372/3025/640 3369/3022/640 3371/3024/640
f 3372/3025/640 3371/3024/640 3373/3026/640
f 3374/3027/640 3370/3023/640 3366/3019/640
f 3373/3026/640 3371/3024/640 3375/3028/640
f 3373/3026/640 3375/3028/640 3376/3029/640
f 3377/3030/640 3376/3029/640 3375/3028/640
f 3377/3030/640 3375/3028/640 3370/3023/640
f 3378/3031/640 3370/3023/640 3374/3027/640
f 3377/3030/640 3370/3023/640 3379/3032/640
f 3378/3031/640 3379/3032/640 3370/3023/640
f 3382/3033/680 3381/3034/680 3380/3035/1509
f 3383/3036/1509 3380/3035/1509 3381/3034/680
f 3380/3035/1509 3383/3036/1509 3384/3037/1510
f 3385/3038/1510 3384/3037/1510 3383/3036/1509
f 3388/3039/1511 3387/3040/1511 3386/3041/1512
f 3389/3042/1512 3386/3041/1512 3387/3040/1511
f 3386/3041/1512 3389/3042/1512 3390/3043/1513
f 3391/3044/1513 3390/3043/1513 3389/3042/1512
f 3391/3044/1513 3392/3045/1514 3390/3043/1513
f 3393/3046/1514 3390/3043/1513 3392/3045/1514
f 3396/3047/1515 3395/3048/1515 3394/3049/1516
f 3397/3050/1516 3394/3049/1516 3395/3048/1515
f 3397/3050/1516 3398/3051/1517 3394/3049/1516
f 3399/3052/1517 3394/3049/1516 3398/3051/1517
f 3399/3052/1517 3398/3051/1517 3400/3053/1518
f 3401/3054/1518 3400/3053/1518 3398/3051/1517
f 3400/3053/1518 3401/3054/1518 3402/3055/1519
f 3403/3056/1519 3402/3055/1519 3401/3054/1518
f 3406/3057/1520 3405/3058/1521 3404/3059/1520
f 3407/3060/1521 3404/3059/1520 3405/3058/1521
f 3407/3060/1521 3405/3058/1521 3408/3061/1522
f 3409/3062/1522 3408/3061/1522 3405/3058/1521
f 3409/3062/1522 3410/3063/1523 3408/3061/1522
f 3411/3064/1523 3408/3061/1522 3410/3063/1523
f 3411/3064/1523 3410/3063/1523 3412/3065/1524
f 3413/3066/1524 3412/3065/1524 3410/3063/1523
f 3416/3067/1525 3415/3068/1525 3414/3069/1525
f 3417/3070/1525 3414/3069/1525 3415/3068/1525
f 3420/3071/1526 3419/3072/1526 3418/3073/1527
f 3421/3074/1527 3418/3073/1527 3419/3072/1526
f 3421/3074/1527 3422/3075/1528 3418/3073/1527
f 3423/3076/1528 3418/3073/1527 3422/3075/1528
f 3422/3075/1528 3424/3077/1529 3423/3076/1528
f 3425/3078/1529 3423/3076/1528 3424/3077/1529
f 3425/3078/1529 3424/3077/1529 3426/3079/1530
f 3427/3080/1531 3426/3079/1530 3424/3077/1529
f 3430/3081/680 3429/3082/680 3428/3083/680
f 3431/3084/680 3428/3083/680 3429/3082/680
f 3429/3082/680 3432/3085/680 3431/3084/680
f 3433/3086/680 3431/3084/680 3432/3085/680
f 3436/3087/573 3435/3088/573 3434/3089/573
f 3437/3090/573 3434/3089/573 3435/3088/573
f 3437/3090/573 3438/3091/573 3434/3089/573
f 3439/3092/573 3434/3089/573 3438/3091/573
f 3438/3091/573 3440/3093/573 3439/3092/573
f 3441/3094/573 3439/3092/573 3440/3093/573
f 3441/3094/573 3440/3093/573 3442/3095/573
f 3443/3096/573 3442/3095/573 3440/3093/573
f 3442/3095/573 3443/3096/573 3444/3097/573
f 3445/3098/573 3444/3097/573 3443/3096/573
f 3444/3097/573 3445/3098/573 3446/3099/573
f 3447/3100/573 3446/3099/573 3445/3098/573
f 3446/3099/573 3447/3100/573 3448/3101/573
f 3449/3102/573 3448/3101/573 3447/3100/573
f 3448/3101/573 3449/3102/573 3450/3103/573
f 3451/3104/573 3450/3103/573 3449/3102/573
f 3451/3104/573 3452/3105/573 3450/3103/573
f 3453/3106/573 3450/3103/573 3452/3105/573
f 3452/3105/573 3454/3107/573 3453/3106/573
f 3455/3108/573 3453/3106/573 3454/3107/573
f 3454/3107/573 3456/3109/573 3455/3108/573
f 3457/3110/573 3455/3108/573 3456/3109/573
f 3456/3109/573 3458/3111/573 3457/3110/573
f 3459/3112/573 3457/3110/573 3458/3111/573
f 3459/3112/573 3458/3111/573 3460/3113/1532
f 3461/3114/1533 3460/3113/1532 3458/3111/573
f 3464/3114/1534 3463/3115/1535 3462/3113/1536
f 3465/3116/1537 3462/3113/1536 3463/3115/1535
f 3468/3115/1538 3467/3117/573 3466/3116/1539
f 3469/3118/573 3466/3116/1539 3467/3117/573
f 3467/3117/573 3470/3119/573 3469/3118/573
f 3471/3120/573 3469/3118/573 3470/3119/573
f 3470/3119/573 3472/3121/573 3471/3120/573
f 3473/3122/573 3471/3120/573 3472/3121/573
f 3472/3121/573 3474/3123/573 3473/3122/573
f 3475/3124/573 3473/3122/573 3474/3123/573
f 3474/3123/573 3476/3125/1540 3475/3124/573
f 3477/3126/1541 3475/3124/573 3476/3125/1540
f 3480/3127/1542 3479/3128/1543 3478/3125/1544
f 3481/3126/1545 3478/3125/1544 3479/3128/1543
f 3484/3128/1543 3483/3127/1546 3482/3129/573
f 3485/3130/573 3482/3129/573 3483/3127/1546
f 3482/3129/573 3485/3130/573 3486/3131/573
f 3487/3132/573 3486/3131/573 3485/3130/573
f 3487/3132/573 3488/3133/573 3486/3131/573
f 3489/3134/573 3486/3131/573 3488/3133/573
f 3492/3135/1547 3491/3136/1548 3490/3137/1547
f 3493/3138/1549 3490/3137/1547 3491/3136/1548
f 3491/3136/1548 3494/3139/1550 3493/3138/1549
f 3495/3140/1550 3493/3138/1549 3494/3139/1550
f 3495/3140/1550 3494/3139/1550 3496/3141/1551
f 3497/3142/1552 3496/3141/1551 3494/3139/1550
f 3496/3141/1551 3497/3142/1552 3498/3143/1553
f 3499/3144/1553 3498/3143/1553 3497/3142/1552
f 3498/3143/1553 3499/3144/1553 3500/3145/1554
f 3501/3146/1554 3500/3145/1554 3499/3144/1553
f 3504/3147/1555 3503/3148/1555 3502/3149/1556
f 3504/3147/1555 3505/3150/1557 3503/3148/1555
f 3506/3151/1557 3503/3148/1555 3505/3150/1557
f 3506/3151/1557 3505/3150/1557 3507/3137/1558
f 3508/3135/1558 3507/3137/1558 3505/3150/1557
f 3511/3152/1556 3510/3149/1559 3509/3148/1560
f 3510/3149/1559 3511/3152/1556 3512/3153/1561
f 3513/3154/1561 3512/3153/1561 3511/3152/1556
f 3513/3154/1561 3514/3155/1562 3512/3153/1561
f 3515/3156/1562 3512/3153/1561 3514/3155/1562
f 3515/3156/1562 3514/3155/1562 3516/3157/1563
f 3517/3158/1563 3516/3157/1563 3514/3155/1562
f 3517/3158/1563 3518/3159/1564 3516/3157/1563
f 3519/3160/1564 3516/3157/1563 3518/3159/1564
f 3519/3160/1564 3518/3159/1564 3520/3161/1565
f 3521/3162/1565 3520/3161/1565 3518/3159/1564
f 3520/3161/1565 3521/3162/1565 3522/3163/1566
f 3523/3164/1566 3522/3163/1566 3521/3162/1565
f 3526/3165/1567 3525/3166/1568 3524/3167/1567
f 3527/3168/1568 3524/3167/1567 3525/3166/1568
f 3527/3168/1568 3525/3166/1568 3528/3169/1569
f 3529/3170/1569 3528/3169/1569 3525/3166/1568
f 3529/3170/1569 3530/3171/1570 3528/3169/1569
f 3531/3172/1571 3528/3169/1569 3530/3171/1570
f 3534/3173/1572 3533/3174/1573 3532/3175/1572
f 3535/3176/1573 3532/3175/1572 3533/3174/1573
f 3535/3176/1573 3533/3174/1573 3536/3177/1574
f 3537/3178/1574 3536/3177/1574 3533/3174/1573
f 3540/3179/1575 3539/3180/1575 3538/3181/1576
f 3541/3182/1576 3538/3181/1576 3539/3180/1575
f 3541/3182/1576 3542/3183/1577 3538/3181/1576
f 3543/3184/1577 3538/3181/1576 3542/3183/1577
f 3543/3184/1577 3542/3183/1577 3544/3185/1578
f 3545/3186/1578 3544/3185/1578 3542/3183/1577
f 3544/3185/1578 3545/3186/1578 3546/3187/1579
f 3547/3188/1580 3546/3187/1579 3545/3186/1578
f 3547/3188/1580 3548/3189/1581 3546/3187/1579
f 3549/3190/1582 3546/3187/1579 3548/3189/1581
f 3548/3189/1581 3550/3191/1583 3549/3190/1582
f 3551/3192/1583 3549/3190/1582 3550/3191/1583
f 3550/3191/1583 3552/3193/1584 3551/3192/1583
f 3553/3194/1584 3551/3192/1583 3552/3193/1584
f 3552/3193/1584 3554/3195/1585 3553/3194/1584
f 3555/3196/1585 3553/3194/1584 3554/3195/1585
f 3558/3197/1586 3557/3198/1587 3556/3199/1586
f 3559/3200/1587 3556/3199/1586 3557/3198/1587
f 3557/3198/1587 3560/3201/1588 3559/3200/1587
f 3561/3202/1588 3559/3200/1587 3560/3201/1588
f 3561/3202/1588 3560/3201/1588 3562/3203/1589
f 3563/3204/1589 3562/3203/1589 3560/3201/1588
f 3562/3203/1589 3563/3204/1589 3564/3205/1590
f 3565/3206/1591 3564/3205/1590 3563/3204/1589
f 3564/3205/1590 3565/3206/1591 3566/3207/1592
f 3567/3208/1593 3566/3207/1592 3565/3206/1591
f 3567/3208/1593 3568/3209/1594 3566/3207/1592
f 3569/3210/1594 3566/3207/1592 3568/3209/1594
f 3569/3210/1594 3568/3209/1594 3570/3211/1595
f 3571/3212/1596 3570/3211/1595 3568/3209/1594
f 3570/3211/1595 3571/3212/1596 3572/3213/1597
f 3573/3214/1597 3572/3213/1597 3571/3212/1596
f 3576/3215/1598 3575/3216/1599 3574/3217/1598
f 3577/3218/1600 3574/3217/1598 3575/3216/1599
f 3577/3218/1600 3575/3216/1599 3578/3219/1601
f 3581/3220/1602 3580/3221/1603 3579/3222/1602
f 3582/3223/1603 3579/3222/1602 3580/3221/1603
f 3582/3223/1603 3580/3221/1603 3583/3224/1604
f 3584/3225/1605 3583/3224/1604 3580/3221/1603
f 3584/3225/1605 3585/3226/1606 3583/3224/1604
f 3586/3227/1607 3583/3224/1604 3585/3226/1606
f 3586/3227/1607 3585/3226/1606 3587/3228/707
f 3588/3229/707 3587/3228/707 3585/3226/1606
f 3587/3228/707 3588/3229/707 3589/3230/707
f 3590/3231/707 3589/3230/707 3588/3229/707
f 3589/3230/707 3590/3231/707 3591/3232/707
f 3592/3233/707 3591/3232/707 3590/3231/707
f 3595/3234/1608 3594/3219/1601 3593/3216/1599
f 3596/3235/1609 3594/3219/1601 3595/3234/1608
f 3596/3235/1609 3597/3236/1610 3594/3219/1601
f 3598/3237/1611 3594/3219/1601 3597/3236/1610
f 3596/3235/1609 3599/3238/1612 3597/3236/1610
f 3600/3239/1612 3597/3236/1610 3599/3238/1612
f 3599/3238/1612 3601/3240/1613 3600/3239/1612
f 3602/3241/1614 3600/3239/1612 3601/3240/1613
f 3601/3240/1613 3603/3242/1615 3602/3241/1614
f 3604/3243/1615 3602/3241/1614 3603/3242/1615
f 3607/3244/1616 3606/3245/1617 3605/3246/1618
f 3608/3247/1619 3605/3246/1618 3606/3245/1617
f 3608/3247/1619 3609/3248/1620 3605/3246/1618
f 3610/3249/1620 3605/3246/1618 3609/3248/1620
f 3613/3250/1621 3612/3251/1621 3611/3252/1622
f 3614/3253/1623 3611/3252/1622 3612/3251/1621
f 3611/3252/1622 3614/3253/1623 3615/3254/640
f 3616/3255/640 3615/3254/640 3614/3253/1623
f 3616/3255/640 3617/3256/640 3615/3254/640
f 3618/3257/640 3615/3254/640 3617/3256/640
f 3618/3257/640 3617/3256/640 3619/3258/640
f 3620/3259/640 3619/3258/640 3617/3256/640
f 3623/3260/573 3622/3261/573 3621/3262/573
f 3624/3263/573 3621/3262/573 3622/3261/573
f 3624/3263/573 3622/3261/573 3625/3264/573
f 3626/3265/573 3625/3264/573 3622/3261/573
f 3625/3264/573 3626/3265/573 3627/3266/573
f 3628/3267/573 3627/3266/573 3626/3265/573
f 3628/3267/573 3629/3268/573 3627/3266/573
f 3630/3269/573 3627/3266/573 3629/3268/573
f 3630/3269/573 3629/3268/573 3631/3270/573
f 3632/3271/573 3631/3270/573 3629/3268/573
f 3632/3271/573 3633/3272/573 3631/3270/573
f 3634/3273/573 3631/3270/573 3633/3272/573
f 3635/3274/573 3633/3272/573 3632/3271/573
f 3638/3275/1624 3637/3276/1625 3636/3277/1624
f 3639/3278/1625 3636/3277/1624 3637/3276/1625
f 3637/3276/1625 3640/3279/1626 3639/3278/1625
f 3641/3280/1626 3639/3278/1625 3640/3279/1626
f 3640/3279/1626 3642/3281/1627 3641/3280/1626
f 3643/3282/1627 3641/3280/1626 3642/3281/1627
f 3642/3281/1627 3644/3283/1628 3643/3282/1627
f 3647/3284/1629 3646/3285/1630 3645/3286/1629
f 3648/3287/1630 3645/3286/1629 3646/3285/1630
f 3646/3285/1630 3649/3288/1631 3648/3287/1630
f 3650/3289/1631 3648/3287/1630 3649/3288/1631
f 3650/3289/1631 3649/3288/1631 3651/3290/1632
f 3652/3291/1632 3651/3290/1632 3649/3288/1631
f 3652/3291/1632 3653/3292/671 3651/3290/1632
f 3654/3293/671 3651/3290/1632 3653/3292/671
f 3657/3294/1628 3656/3282/1633 3655/3283/1634
f 3655/3283/1634 3658/3295/1635 3657/3294/1628
f 3659/3296/1635 3657/3294/1628 3658/3295/1635
f 3658/3295/1635 3660/3297/1636 3659/3296/1635
f 3661/3298/1636 3659/3296/1635 3660/3297/1636
f 3664/3299/1637 3663/3300/1637 3662/3301/1638
f 3665/3302/1638 3662/3301/1638 3663/3300/1637
f 3662/3301/1638 3665/3302/1638 3666/3303/680
f 3667/3304/680 3666/3303/680 3665/3302/1638
f 3670/3305/1639 3669/3306/1639 3668/3307/1639
f 3671/3308/1639 3668/3307/1639 3669/3306/1639
f 3674/3309/640 3673/3310/640 3672/3311/640
f 3675/3312/640 3672/3311/640 3673/3310/640
f 3675/3312/640 3676/3313/640 3672/3311/640
f 3677/3314/640 3672/3311/640 3676/3313/640
f 3676/3313/640 3678/3315/640 3677/3314/640
f 3679/3316/640 3677/3314/640 3678/3315/640
f 3678/3315/640 3680/3317/640 3679/3316/640
f 3681/3318/640 3679/3316/640 3680/3317/640
f 3680/3317/640 3682/3319/640 3681/3318/640
f 3683/3320/640 3681/3318/640 3682/3319/640
f 3683/3320/640 3682/3319/640 3684/3321/640
f 3685/3322/640 3684/3321/640 3682/3319/640
f 3684/3321/640 3686/3323/640 3683/3320/640
f 3689/3324/680 3688/3325/680 3687/3326/680
f 3690/3327/680 3687/3326/680 3688/3325/680
f 3693/3328/1640 3692/1140/536 3691/3329/1641
f 3694/3330/1642 3691/3329/1641 3692/1140/536
f 3694/3330/1642 3692/1140/536 3695/1139/535
f 3698/3330/1643 3697/1139/535 3696/3331/1644
f 3699/3332/1645 3696/3331/1644 3697/1139/535
f 3702/3329/1646 3701/3330/1643 3700/3333/1647
f 3703/3331/1644 3700/3333/1647 3701/3330/1643
f 3706/3334/1648 3705/3335/534 3704/3336/1649
f 3707/3337/536 3704/3336/1649 3705/3335/534
f 3710/3336/1650 3709/3337/536 3708/3338/1651
f 3711/3339/1652 3708/3338/1651 3709/3337/536
f 3714/3340/1653 3713/3341/1654 3712/3342/535
f 3715/3343/1655 3712/3342/535 3713/3341/1654
f 3718/3342/535 3717/3344/534 3716/3340/1656
f 3719/3345/1657 3716/3340/1656 3717/3344/534
f 3722/3346/1658 3721/3347/1659 3720/3348/1660
f 3723/3349/1661 3720/3348/1660 3721/3347/1659
f 3726/3348/1644 3725/3350/1645 3724/3346/1662
f 3727/3351/1663 3724/3346/1662 3725/3350/1645
f 3730/3352/1664 3729/3353/1640 3728/3354/1665
f 3731/3355/1641 3728/3354/1665 3729/3353/1640
f 3734/3356/1666 3733/3354/1667 3732/3357/1647
f 3735/3355/1641 3732/3357/1647 3733/3354/1667
f 3738/3358/1668 3737/3359/1669 3736/3360/1668
f 3739/3361/1669 3736/3360/1668 3737/3359/1669
f 3739/3361/1669 3737/3359/1669 3740/3362/1670
f 3741/3363/1670 3740/3362/1670 3737/3359/1669
f 3740/3362/1670 3741/3363/1670 3742/3364/573
f 3743/3365/573 3742/3364/573 3741/3363/1670
f 3746/3366/680 3745/3367/680 3744/3368/680
f 3747/3369/680 3746/3366/680 3744/3368/680
f 3748/3370/680 3747/3369/680 3744/3368/680
f 3749/3371/680 3747/3369/680 3748/3370/680
f 3752/3372/671 3751/3373/671 3750/3374/671
f 3753/3375/671 3750/3374/671 3751/3373/671
f 3756/3376/673 3755/3377/673 3754/3378/673
f 3757/3379/673 3756/3376/673 3754/3378/673
f 3758/3380/673 3756/3376/673 3757/3379/673
f 3759/3381/673 3758/3380/673 3757/3379/673
f 3762/3382/707 3761/3383/707 3760/3384/707
f 3763/3385/707 3760/3384/707 3761/3383/707
f 3766/3386/640 3765/3387/640 3764/3388/640
f 3767/3389/640 3764/3388/640 3765/3387/640
f 3770/3390/640 3769/3391/640 3768/3392/640
f 3771/3393/640 3768/3392/640 3769/3391/640
f 3774/3394/573 3773/3395/573 3772/3396/573
f 3775/3397/573 3772/3396/573 3773/3395/573
f 3778/3398/680 3777/3399/680 3776/3400/680
f 3779/3401/680 3776/3400/680 3777/3399/680
f 3782/3402/671 3781/3403/671 3780/3404/671
f 3783/3405/671 3780/3404/671 3781/3403/671
f 3786/3406/673 3785/3407/673 3784/3408/673
f 3787/3409/673 3784/3408/673 3785/3407/673
f 3790/3410/707 3789/3411/707 3788/3412/707
f 3791/3413/707 3788/3412/707 3789/3411/707
f 3794/3414/1671 3793/1143/539 3792/3415/1672
f 3795/3416/1673 3792/3415/1672 3793/1143/539
f 3795/3416/1673 3793/1143/539 3796/1142/1674
f 3799/3416/1675 3798/1142/538 3797/3417/1676
f 3800/3418/1677 3797/3417/1676 3798/1142/538
f 3803/3415/1678 3802/3416/1679 3801/3419/1680
f 3804/3417/1681 3801/3419/1680 3802/3416/1679
f 3807/3420/1682 3806/3421/1683 3805/3422/1684
f 3808/3423/1685 3805/3422/1684 3806/3421/1683
f 3811/3422/1684 3810/3423/1685 3809/3424/1686
f 3812/3425/1687 3809/3424/1686 3810/3423/1685
f 3815/3426/1688 3814/3427/1689 3813/3428/1690
f 3816/3429/1691 3813/3428/1690 3814/3427/1689
f 3819/3428/1690 3818/3430/1692 3817/3426/1693
f 3820/3431/1694 3817/3426/1693 3818/3430/1692
f 3823/3432/1695 3822/3433/1696 3821/3434/1697
f 3824/3435/1698 3821/3434/1697 3822/3433/1696
f 3827/3434/1697 3826/3436/1699 3825/3432/1695
f 3828/3437/1700 3825/3432/1695 3826/3436/1699
f 3831/3438/1701 3830/3439/1702 3829/3440/770
f 3832/3441/1703 3829/3440/770 3830/3439/1702
f 3835/3442/1704 3834/3440/770 3833/3443/1705
f 3836/3441/1706 3833/3443/1705 3834/3440/770
f 3839/3444/1707 3838/3445/1708 3837/3446/1709
f 3840/3447/1710 3837/3446/1709 3838/3445/1708
f 3838/3445/1708 3841/3448/1711 3840/3447/1710
f 3842/3449/1712 3840/3447/1710 3841/3448/1711
f 3840/3447/1710 3842/3449/1712 3837/3446/1709
f 3843/3450/1713 3837/3446/1709 3842/3449/1712
f 3846/3444/1714 3845/3446/1715 3844/3451/1716
f 3847/3452/1717 3844/3451/1716 3845/3446/1715
f 3845/3446/1715 3848/3450/1718 3847/3452/1717
f 3849/3453/1719 3847/3452/1717 3848/3450/1718
f 3847/3452/1717 3849/3453/1719 3844/3451/1716
f 3850/3454/1720 3844/3451/1716 3849/3453/1719
f 3853/3455/1720 3852/3456/680 3851/3457/1716
f 3854/3458/1721 3851/3457/1716 3852/3456/680
f 3852/3456/680 3855/3459/1722 3854/3458/1721
f 3856/3460/1723 3854/3458/1721 3855/3459/1722
f 3859/3461/1724 3858/3462/1725 3857/3463/1724
f 3860/3464/1726 3857/3463/1724 3858/3462/1725
f 3860/3464/1726 3858/3462/1725 3861/3465/1726
f 3862/3466/1726 3861/3465/1726 3858/3462/1725
f 3861/3465/1726 3862/3466/1726 3863/3467/1725
f 3864/3468/1726 3863/3467/1725 3862/3466/1726
f 3863/3467/1725 3864/3468/1726 3865/3469/1725
f 3866/3470/1725 3865/3469/1725 3864/3468/1726
f 3869/3471/1727 3868/3472/1727 3867/3473/1728
f 3870/3474/1728 3867/3473/1728 3868/3472/1727
f 3867/3473/1728 3870/3474/1728 3871/3475/707
f 3872/3476/707 3871/3475/707 3870/3474/1728
f 3872/3476/707 3873/3477/1729 3871/3475/707
f 3874/3478/1730 3871/3475/707 3873/3477/1729
f 3873/3477/1729 3875/3479/1731 3874/3478/1730
f 3876/3480/1732 3874/3478/1730 3875/3479/1731
f 3879/3481/1733 3878/3482/1734 3877/3483/1735
f 3880/3484/1736 3877/3483/1735 3878/3482/1734
f 3880/3484/1736 3881/3485/671 3877/3483/1735
f 3882/3486/671 3877/3483/1735 3881/3485/671
f 3881/3485/671 3883/3487/1737 3882/3486/671
f 3884/3488/1737 3882/3486/671 3883/3487/1737
f 3883/3487/1737 3885/3489/1738 3884/3488/1737
f 3886/3490/1739 3884/3488/1737 3885/3489/1738
f 3889/3491/1740 3888/3492/1740 3887/3493/1740
f 3890/3494/1740 3887/3493/1740 3888/3492/1740
f 3893/3495/1741 3892/3496/1741 3891/3497/1741
f 3894/3498/1741 3891/3497/1741 3892/3496/1741
f 3897/3499/680 3896/3500/1742 3895/3501/680
f 3898/3502/1743 3895/3501/680 3896/3500/1742
f 3896/3500/1742 3899/3503/1744 3898/3502/1743
f 3900/3504/1745 3898/3502/1743 3899/3503/1744
f 3903/3505/573 3902/3506/573 3901/3507/573
f 3904/3508/1746 3903/3505/573 3901/3507/573
f 3905/3509/573 3903/3505/573 3904/3508/1746
f 3906/3510/1747 3905/3509/573 3904/3508/1746
f 3907/3511/1748 3906/3510/1747 3904/3508/1746
f 3907/3511/1748 3908/3512/1749 3906/3510/1747
f 3909/3513/1750 3906/3510/1747 3908/3512/1749
f 3908/3512/1749 3910/3514/1751 3909/3513/1750
f 3911/3515/1752 3909/3513/1750 3910/3514/1751
f 3912/3516/573 3911/3515/1752 3910/3514/1751
f 3912/3516/573 3913/3517/573 3911/3515/1752
f 3914/3518/573 3911/3515/1752 3913/3517/573
f 3915/3519/1753 3914/3518/573 3913/3517/573
f 3915/3519/1753 3916/3520/573 3914/3518/573
f 3917/3521/573 3914/3518/573 3916/3520/573
f 3916/3520/573 3918/3522/573 3917/3521/573
f 3919/3523/573 3917/3521/573 3918/3522/573
f 3918/3522/573 3920/3524/573 3919/3523/573
f 3921/3525/573 3919/3523/573 3920/3524/573
f 3920/3524/573 3922/3526/573 3921/3525/573
f 3923/3527/573 3921/3525/573 3922/3526/573
f 3923/3527/573 3922/3526/573 3924/3528/573
f 3925/3529/573 3924/3528/573 3922/3526/573
f 3926/3530/573 3924/3528/573 3925/3529/573
f 3925/3529/573 3927/3531/573 3926/3530/573
f 3928/3532/573 3926/3530/573 3927/3531/573
f 3927/3531/573 3925/3529/573 3929/3533/573
f 3930/3534/573 3929/3533/573 3925/3529/573
f 3933/3535/573 3932/3536/573 3931/3537/1754
f 3931/3537/1754 3932/3536/573 3934/3538/1755
f 3935/3539/1755 3934/3538/1755 3932/3536/573
f 3938/3540/1756 3937/3541/1757 3936/3542/1758
f 3938/3540/1756 3939/3543/1759 3937/3541/1757
f 3940/3544/1760 3937/3541/1757 3939/3543/1759
f 3940/3544/1760 3941/3545/1761 3937/3541/1757
f 3942/3546/1762 3937/3541/1757 3941/3545/1761
f 3942/3546/1762 3941/3545/1761 3943/3547/1763
f 3940/3544/1760 3939/3543/1759 3944/3548/1764
f 3940/3544/1760 3944/3548/1764 3941/3545/1761
f 3945/3549/1765 3944/3548/1764 3939/3543/1759
f 3944/3548/1764 3945/3549/1765 3946/3550/1766
f 3947/3551/1767 3946/3550/1766 3945/3549/1765
f 3947/3551/1767 3948/3552/1768 3946/3550/1766
f 3949/3553/1769 3946/3550/1766 3948/3552/1768
f 3949/3553/1769 3948/3552/1768 3950/3554/1770
f 3949/3553/1769 3951/3555/1771 3946/3550/1766
f 3946/3550/1766 3952/3556/1772 3944/3548/1764
f 3952/3556/1772 3946/3550/1766 3951/3555/1771
f 3953/3557/1773 3941/3545/1761 3944/3548/1764
f 3953/3557/1773 3944/3548/1764 3952/3556/1772
f 3953/3557/1773 3954/3558/1774 3941/3545/1761
f 3953/3557/1773 3952/3556/1772 3954/3558/1774
f 3952/3556/1772 3951/3555/1771 3955/3559/1775
f 3955/3559/1775 3954/3558/1774 3952/3556/1772
f 3956/3560/1776 3955/3559/1775 3951/3555/1771
f 3955/3559/1775 3956/3560/1776 3957/3561/1777
f 3955/3559/1775 3957/3561/1777 3954/3558/1774
f 3958/3562/1778 3957/3561/1777 3956/3560/1776
f 3958/3562/1778 3959/3563/1779 3957/3561/1777
f 3960/3564/1780 3957/3561/1777 3959/3563/1779
f 3957/3561/1777 3960/3564/1780 3961/3565/1781
f 3961/3565/1781 3954/3558/1774 3957/3561/1777
f 3961/3565/1781 3962/3566/1782 3954/3558/1774
f 3963/3567/1783 3961/3565/1781 3960/3564/1780
f 3961/3565/1781 3963/3567/1783 3962/3566/1782
f 3964/3568/1784 3962/3566/1782 3963/3567/1783
f 3964/3568/1784 3965/3569/1785 3962/3566/1782
f 3966/3570/1786 3962/3566/1782 3965/3569/1785
f 3966/3570/1786 3943/3547/1763 3962/3566/1782
f 3967/3571/1787 3954/3558/1774 3962/3566/1782
f 3967/3571/1787 3962/3566/1782 3943/3547/1763
f 3967/3571/1787 3941/3545/1761 3954/3558/1774
f 3967/3571/1787 3943/3547/1763 3941/3545/1761
f 3970/3572/1788 3969/3573/1789 3968/3574/1790
f 3968/3574/1790 3969/3573/1789 3971/3575/1791
f 3972/3576/1792 3971/3575/1791 3969/3573/1789
f 3971/3575/1791 3972/3576/1792 3973/3577/1793
f 3972/3576/1792 3969/3573/1789 3974/3578/1794
f 3975/3579/1795 3974/3578/1794 3969/3573/1789
f 3972/3576/1792 3974/3578/1794 3976/3580/1796
f 3976/3580/1796 3973/3577/1793 3972/3576/1792
f 3977/3581/1797 3976/3580/1796 3974/3578/1794
f 3977/3581/1797 3978/3582/1798 3976/3580/1796
f 3976/3580/1796 3979/3583/1799 3973/3577/1793
f 3979/3583/1799 3976/3580/1796 3978/3582/1798
f 3980/3584/1800 3973/3577/1793 3979/3583/1799
f 3980/3584/1800 3979/3583/1799 3981/3585/1801
f 3979/3583/1799 3978/3582/1798 3982/3586/1802
f 3982/3586/1802 3981/3585/1801 3979/3583/1799
f 3983/3587/1803 3982/3586/1802 3978/3582/1798
f 3982/3586/1802 3984/3588/1804 3981/3585/1801
f 3987/3589/1805 3986/3590/1806 3985/3591/1807
f 3988/3592/1808 3985/3591/1807 3986/3590/1806
f 3985/3591/1807 3988/3592/1808 3989/3593/1809
f 3990/3594/1810 3989/3593/1809 3988/3592/1808
f 3990/3594/1810 3991/3595/1811 3989/3593/1809
f 3992/3596/1812 3989/3593/1809 3991/3595/1811
f 3992/3596/1812 3991/3595/1811 3993/3597/1813
f 3994/3598/1814 3993/3597/1813 3991/3595/1811
f 3997/3599/1815 3996/3600/1816 3995/3601/1817
f 3998/3602/1818 3995/3601/1817 3996/3600/1816
f 3998/3602/1818 3996/3600/1816 3999/3603/1819
f 4000/3604/1820 3999/3603/1819 3996/3600/1816
f 4000/3604/1820 4001/3605/1821 3999/3603/1819
f 4002/3606/1822 3999/3603/1819 4001/3605/1821
f 3999/3603/1819 4002/3606/1822 4003/3607/1823
f 3999/3603/1819 4003/3607/1823 3998/3602/1818
f 4004/3608/1824 4003/3607/1823 4002/3606/1822
f 3998/3602/1818 4005/3609/1825 3995/3601/1817
f 4005/3609/1825 3998/3602/1818 4003/3607/1823
f 4006/3610/1826 3995/3601/1817 4005/3609/1825
f 4005/3609/1825 4007/3611/1827 4006/3610/1826
f 4005/3609/1825 4003/3607/1823 4007/3611/1827
f 4008/3612/1828 4006/3610/1826 4007/3611/1827
f 4003/3607/1823 4004/3608/1824 4009/3613/1829
f 4009/3613/1829 4007/3611/1827 4003/3607/1823
f 4010/3614/1830 4009/3613/1829 4004/3608/1824
f 4007/3611/1827 4011/3615/1831 4008/3612/1828
f 4007/3611/1827 4009/3613/1829 4011/3615/1831
f 4012/3616/1832 4008/3612/1828 4011/3615/1831
f 4013/3617/1833 4011/3615/1831 4009/3613/1829
f 4013/3617/1833 4009/3613/1829 4014/3618/1834
f 4010/3614/1830 4014/3618/1834 4009/3613/1829
f 4010/3614/1830 4015/3619/1835 4014/3618/1834
f 4015/3619/1835 4010/3614/1830 4016/3620/1836
f 4019/3621/1837 4018/3622/1838 4017/3623/1839
f 4020/3624/1840 4017/3623/1839 4018/3622/1838
f 4020/3624/1840 4021/3625/1841 4017/3623/1839
f 4022/3626/1842 4017/3623/1839 4021/3625/1841
f 4021/3625/1841 4020/3624/1840 4023/3627/1843
f 4020/3624/1840 4018/3622/1838 4024/3628/1844
f 4024/3628/1844 4023/3627/1843 4020/3624/1840
f 4025/3629/1845 4024/3628/1844 4018/3622/1838
f 4024/3628/1844 4026/3630/1846 4023/3627/1843
f 4024/3628/1844 4025/3629/1845 4026/3630/1846
f 4027/3631/1847 4023/3627/1843 4026/3630/1846
f 4028/3632/1848 4026/3630/1846 4025/3629/1845
f 4027/3631/1847 4026/3630/1846 4029/3633/1849
f 4026/3630/1846 4028/3632/1848 4030/3634/1850
f 4030/3634/1850 4029/3633/1849 4026/3630/1846
f 4031/3635/1851 4030/3634/1850 4028/3632/1848
f 4029/3633/1849 4030/3634/1850 4032/3636/1852
f 4031/3635/1851 4033/3637/1853 4030/3634/1850
f 4034/3638/1854 4032/3636/1852 4030/3634/1850
f 4034/3638/1854 4030/3634/1850 4033/3637/1853
f 4037/3621/1837 4036/3623/1855 4035/3639/1856
f 4038/3640/1857 4035/3639/1856 4036/3623/1855
f 4036/3623/1855 4039/3626/1842 4038/3640/1857
f 4040/3641/1858 4038/3640/1857 4039/3626/1842
f 4040/3641/1858 4041/3642/1859 4038/3640/1857
f 4035/3639/1856 4038/3640/1857 4042/3643/1860
f 4043/3644/1861 4038/3640/1857 4041/3642/1859
f 4043/3644/1861 4042/3643/1860 4038/3640/1857
f 4041/3642/1859 4044/3645/1862 4043/3644/1861
f 4043/3644/1861 4045/3646/1863 4042/3643/1860
f 4045/3646/1863 4043/3644/1861 4044/3645/1862
f 4046/3647/1864 4042/3643/1860 4045/3646/1863
f 4044/3645/1862 4047/3648/1865 4045/3646/1863
f 4045/3646/1863 4048/3649/1866 4046/3647/1864
f 4048/3649/1866 4045/3646/1863 4047/3648/1865
f 4047/3648/1865 4049/3650/1867 4048/3649/1866
f 4050/3651/1868 4046/3647/1864 4048/3649/1866
f 4051/3652/1869 4048/3649/1866 4049/3650/1867
f 4048/3649/1866 4051/3652/1869 4050/3651/1868
f 4052/3653/1870 4050/3651/1868 4051/3652/1869
f 4052/3653/1870 4051/3652/1869 4053/3654/1871
f 4056/3655/680 4055/3656/1872 4054/3657/680
f 4057/3658/1873 4054/3657/680 4055/3656/1872
f 4055/3656/1872 4058/3659/1874 4057/3658/1873
f 4059/3660/1875 4057/3658/1873 4058/3659/1874
f 4062/3661/640 4061/3662/640 4060/3663/640
f 4061/3662/640 4063/3664/1876 4060/3663/640
f 4061/3662/640 4064/3665/640 4063/3664/1876
f 4064/3665/640 4065/3666/1877 4063/3664/1876
f 4065/3666/1877 4066/3667/1878 4063/3664/1876
f 4065/3666/1877 4067/3668/1879 4066/3667/1878
f 4068/3669/1880 4066/3667/1878 4067/3668/1879
f 4068/3669/1880 4067/3668/1879 4069/3670/1881
f 4070/3671/1882 4069/3670/1881 4067/3668/1879
f 4070/3671/1882 4071/3672/640 4069/3670/1881
f 4071/3672/640 4070/3671/1882 4072/3673/640
f 4073/3674/640 4072/3673/640 4070/3671/1882
f 4073/3674/640 4074/3675/640 4072/3673/640
f 4074/3675/640 4073/3674/640 4075/3676/640
f 4076/3677/640 4075/3676/640 4073/3674/640
f 4075/3676/640 4076/3677/640 4077/3678/640
f 4078/3679/640 4077/3678/640 4076/3677/640
f 4078/3679/640 4079/3680/640 4077/3678/640
f 4080/3681/640 4077/3678/640 4079/3680/640
f 4079/3680/640 4081/3682/640 4080/3681/640
f 4082/3683/640 4080/3681/640 4081/3682/640
f 4082/3683/640 4081/3682/640 4083/3684/640
f 4084/3685/640 4083/3684/640 4081/3682/640
f 4084/3685/640 4085/3686/640 4083/3684/640
f 4085/3686/640 4086/3687/640 4083/3684/640
f 4087/3688/640 4083/3684/640 4086/3687/640
f 4083/3684/640 4087/3688/640 4088/3689/640
f 4088/3689/640 4089/3690/640 4083/3684/640
f 4092/3691/640 4091/3692/640 4090/3693/1883
f 4090/3693/1883 4093/3694/1884 4092/3691/640
f 4094/3695/1884 4092/3691/640 4093/3694/1884
f 4097/3696/1885 4096/3618/1886 4095/3619/1887
f 4095/3619/1887 4098/3697/1888 4097/3696/1885
f 4098/3697/1888 4095/3619/1887 4099/3698/1889
f 4100/3699/1890 4097/3696/1885 4098/3697/1888
f 4099/3698/1889 4101/3650/1867 4098/3697/1888
f 4098/3697/1888 4102/3700/1891 4100/3699/1890
f 4102/3700/1891 4098/3697/1888 4101/3650/1867
f 4103/3701/1892 4100/3699/1890 4102/3700/1891
f 4101/3650/1867 4104/3648/1865 4102/3700/1891
f 4102/3700/1891 4105/3702/1893 4103/3701/1892
f 4105/3702/1893 4102/3700/1891 4104/3648/1865
f 4105/3702/1893 4104/3648/1865 4106/3703/1894
f 4107/3704/1895 4103/3701/1892 4105/3702/1893
f 4105/3702/1893 4106/3703/1894 4107/3704/1895
f 4108/3645/1896 4106/3703/1894 4104/3648/1865
f 4109/3705/1897 4107/3704/1895 4106/3703/1894
f 4108/3645/1896 4110/3642/1898 4106/3703/1894
f 4109/3705/1897 4106/3703/1894 4111/3706/1899
f 4112/3707/1900 4106/3703/1894 4110/3642/1898
f 4112/3707/1900 4111/3706/1899 4106/3703/1894
f 4112/3707/1900 4110/3642/1898 4113/3708/1901
f 4112/3707/1900 4113/3708/1901 4111/3706/1899
f 4114/3641/1858 4113/3708/1901 4110/3642/1898
f 4115/3709/1902 4111/3706/1899 4113/3708/1901
f 4114/3641/1858 4116/3626/1842 4113/3708/1901
f 4113/3708/1901 4117/3710/1903 4115/3709/1902
f 4117/3710/1903 4113/3708/1901 4116/3626/1842
f 4118/3711/1904 4115/3709/1902 4117/3710/1903
f 4116/3626/1842 4119/3625/1905 4117/3710/1903
f 4118/3711/1904 4117/3710/1903 4120/3712/1906
f 4121/3713/1907 4117/3710/1903 4119/3625/1905
f 4121/3713/1907 4120/3712/1906 4117/3710/1903
f 4124/3620/1836 4123/3698/1908 4122/3619/1887
f 4124/3620/1836 4125/3714/1909 4123/3698/1908
f 4126/3715/1910 4123/3698/1908 4125/3714/1909
f 4123/3698/1908 4126/3715/1910 4127/3650/1867
f 4128/3652/1911 4127/3650/1867 4126/3715/1910
f 4126/3715/1910 4129/3654/1871 4128/3652/1911
f 4129/3654/1871 4126/3715/1910 4130/3716/1912
f 4125/3714/1909 4130/3716/1912 4126/3715/1910
f 4130/3716/1912 4125/3714/1909 4131/3605/1913
f 4132/3606/1822 4131/3605/1913 4125/3714/1909
f 4125/3714/1909 4124/3620/1836 4132/3606/1822
f 4133/3608/1914 4132/3606/1822 4124/3620/1836
f 4133/3608/1914 4124/3620/1836 4134/3614/1830
f 4137/3625/1905 4136/3627/1843 4135/3713/1915
f 4138/3717/1916 4135/3713/1915 4136/3627/1843
f 4138/3717/1916 4136/3627/1843 4139/3718/1917
f 4135/3713/1915 4138/3717/1916 4140/3712/1918
f 4141/3719/1919 4140/3712/1918 4138/3717/1916
f 4138/3717/1916 4139/3718/1917 4141/3719/1919
f 4142/3631/1847 4139/3718/1917 4136/3627/1843
f 4143/3720/1920 4141/3719/1919 4139/3718/1917
f 4142/3631/1847 4144/3633/1849 4139/3718/1917
f 4143/3720/1920 4139/3718/1917 4145/3721/1921
f 4146/3722/1922 4139/3718/1917 4144/3633/1849
f 4146/3722/1922 4145/3721/1921 4139/3718/1917
f 4146/3722/1922 4144/3633/1849 4147/3723/1923
f 4146/3722/1922 4147/3723/1923 4145/3721/1921
f 4148/3636/1924 4147/3723/1923 4144/3633/1849
f 4149/3724/1925 4145/3721/1921 4147/3723/1923
f 4152/3725/1926 4151/3726/1927 4150/3727/1928
f 4153/3728/1929 4150/3727/1928 4151/3726/1927
f 4150/3727/1928 4153/3728/1929 4154/3729/1930
f 4153/3728/1929 4151/3726/1927 4155/3730/1931
f 4156/3731/1932 4155/3730/1931 4151/3726/1927
f 4156/3731/1932 4157/3732/1933 4155/3730/1931
f 4158/3733/1934 4154/3729/1930 4153/3728/1929
f 4158/3733/1934 4159/3734/1935 4154/3729/1930
f 4160/3735/1936 4154/3729/1930 4159/3734/1935
f 4160/3735/1936 4159/3734/1935 4161/3736/1937
f 4162/3737/1938 4161/3736/1937 4159/3734/1935
f 4162/3737/1938 4159/3734/1935 4163/3738/1939
f 4158/3733/1934 4153/3728/1929 4164/3739/1940
f 4158/3733/1934 4164/3739/1940 4159/3734/1935
f 4155/3730/1931 4164/3739/1940 4153/3728/1929
f 4164/3739/1940 4155/3730/1931 4165/3740/1941
f 4166/3741/1942 4159/3734/1935 4164/3739/1940
f 4166/3741/1942 4163/3738/1939 4159/3734/1935
f 4164/3739/1940 4165/3740/1941 4166/3741/1942
f 4166/3741/1942 4167/3742/1943 4163/3738/1939
f 4167/3742/1943 4166/3741/1942 4165/3740/1941
f 4168/3743/1944 4163/3738/1939 4167/3742/1943
f 4168/3743/1944 4167/3742/1943 4169/3744/1945
f 4170/3745/1946 4169/3744/1945 4167/3742/1943
f 4167/3742/1943 4165/3740/1941 4170/3745/1946
f 4170/3745/1946 4171/3746/1947 4169/3744/1945
f 4172/3747/1948 4169/3744/1945 4171/3746/1947
f 4172/3747/1948 4171/3746/1947 4173/3748/1949
f 4174/3749/1950 4165/3740/1941 4155/3730/1931
f 4174/3749/1950 4155/3730/1931 4157/3732/1933
f 4174/3749/1950 4157/3732/1933 4175/3750/1951
f 4174/3749/1950 4175/3750/1951 4165/3740/1941
f 4176/3751/1952 4175/3750/1951 4157/3732/1933
f 4177/3752/1953 4170/3745/1946 4165/3740/1941
f 4177/3752/1953 4165/3740/1941 4175/3750/1951
f 4170/3745/1946 4177/3752/1953 4171/3746/1947
f 4175/3750/1951 4176/3751/1952 4178/3753/1954
f 4175/3750/1951 4178/3753/1954 4177/3752/1953
f 4179/3754/1955 4178/3753/1954 4176/3751/1952
f 4179/3754/1955 4180/3755/1956 4178/3753/1954
f 4181/3756/1957 4177/3752/1953 4178/3753/1954
f 4181/3756/1957 4171/3746/1947 4177/3752/1953
f 4182/3757/1958 4178/3753/1954 4180/3755/1956
f 4178/3753/1954 4182/3757/1958 4181/3756/1957
f 4180/3755/1956 4183/3758/1959 4182/3757/1958
f 4184/3759/1960 4182/3757/1958 4183/3758/1959
f 4184/3759/1960 4185/3760/1961 4182/3757/1958
f 4186/3761/1962 4181/3756/1957 4182/3757/1958
f 4181/3756/1957 4186/3761/1962 4171/3746/1947
f 4186/3761/1962 4182/3757/1958 4185/3760/1961
f 4187/3762/1963 4171/3746/1947 4186/3761/1962
f 4186/3761/1962 4185/3760/1961 4187/3762/1963
f 4187/3762/1963 4173/3748/1949 4171/3746/1947
f 4188/3763/1964 4187/3762/1963 4185/3760/1961
f 4173/3748/1949 4187/3762/1963 4189/3764/1965
f 4188/3763/1964 4189/3764/1965 4187/3762/1963
f 4192/3765/671 4191/3766/671 4190/3767/671
f 4191/3766/671 4193/3768/671 4190/3767/671
f 4193/3768/671 4194/3769/671 4190/3767/671
f 4195/3770/671 4193/3768/671 4191/3766/671
f 4196/3771/671 4193/3768/671 4195/3770/671
f 4197/3772/671 4193/3768/671 4196/3771/671
f 4198/3773/671 4193/3768/671 4197/3772/671
f 4199/3774/671 4194/3769/671 4193/3768/671
f 4200/3775/671 4199/3774/671 4193/3768/671
f 4201/3776/671 4199/3774/671 4200/3775/671
f 4202/3777/671 4199/3774/671 4201/3776/671
f 4203/3778/671 4201/3776/671 4200/3775/671
f 4204/3779/671 4203/3778/671 4200/3775/671
f 4205/3780/671 4203/3778/671 4204/3779/671
f 4208/3781/1966 4207/3782/1967 4206/3783/1966
f 4209/3784/1967 4206/3783/1966 4207/3782/1967
f 4207/3782/1967 4210/3785/640 4209/3784/1967
f 4211/3786/640 4209/3784/1967 4210/3785/640
f 4210/3785/640 4212/3787/1968 4211/3786/640
f 4213/3788/1969 4211/3786/640 4212/3787/1968
f 4212/3787/1968 4214/3789/1970 4213/3788/1969
f 4217/3781/1966 4216/3783/1966 4215/3790/1971
f 4218/3791/1971 4215/3790/1971 4216/3783/1966
f 4218/3791/1971 4219/3792/1972 4215/3790/1971
f 4220/3793/1972 4215/3790/1971 4219/3792/1972
f 4223/3794/680 4222/3795/1973 4221/3796/1974
f 4224/3797/1973 4221/3796/1974 4222/3795/1973
f 4222/3795/1973 4225/3798/1975 4224/3797/1973
f 4226/3799/1975 4224/3797/1973 4225/3798/1975
f 4229/3799/1975 4228/3798/1975 4227/3800/1976
f 4230/3801/1976 4227/3800/1976 4228/3798/1975
f 4230/3801/1976 4231/3802/573 4227/3800/1976
f 4232/3803/573 4227/3800/1976 4231/3802/573
f 4232/3803/573 4231/3802/573 4233/3804/1977
f 4234/3805/1977 4233/3804/1977 4231/3802/573
f 4234/3805/1977 4235/3806/1978 4233/3804/1977
f 4236/3807/1978 4233/3804/1977 4235/3806/1978
f 4236/3807/1978 4235/3806/1978 4237/3808/1979
f 4238/3809/1979 4237/3808/1979 4235/3806/1978
f 4241/3809/1979 4240/3810/673 4239/3808/1979
f 4242/3811/673 4239/3808/1979 4240/3810/673
f 4242/3811/673 4240/3810/673 4243/3812/1980
f 4244/3813/1980 4243/3812/1980 4240/3810/673
f 4244/3813/1980 4245/3814/1970 4243/3812/1980
f 4246/3789/1970 4243/3812/1980 4245/3814/1970
f 4245/3814/1970 4247/3788/1969 4246/3789/1970
f 4250/3815/707 4249/3816/707 4248/3817/707
f 4249/3816/707 4251/3818/707 4248/3817/707
f 4251/3818/707 4252/3819/707 4248/3817/707
f 4252/3819/707 4253/3820/707 4248/3817/707
f 4254/3821/707 4252/3819/707 4251/3818/707
f 4255/3822/707 4252/3819/707 4254/3821/707
f 4256/3823/707 4252/3819/707 4255/3822/707
f 4257/3824/707 4252/3819/707 4256/3823/707
f 4258/3825/707 4255/3822/707 4254/3821/707
f 4259/3826/707 4258/3825/707 4254/3821/707
f 4260/3827/707 4259/3826/707 4254/3821/707
f 4261/3828/707 4259/3826/707 4260/3827/707
f 4262/3829/707 4258/3825/707 4259/3826/707
f 4263/3830/707 4262/3829/707 4259/3826/707
f 4266/3831/671 4265/3832/671 4264/3833/671
f 4265/3832/671 4267/3834/671 4264/3833/671
f 4267/3834/671 4268/3835/671 4264/3833/671
f 4269/3836/671 4267/3834/671 4265/3832/671
f 4270/3837/671 4267/3834/671 4269/3836/671
f 4271/3838/671 4267/3834/671 4270/3837/671
f 4272/3839/671 4267/3834/671 4271/3838/671
f 4273/3840/671 4268/3835/671 4267/3834/671
f 4274/3841/671 4273/3840/671 4267/3834/671
f 4275/3842/671 4273/3840/671 4274/3841/671
f 4276/3843/671 4273/3840/671 4275/3842/671
f 4277/3844/671 4275/3842/671 4274/3841/671
f 4278/3845/671 4277/3844/671 4274/3841/671
f 4279/3846/671 4277/3844/671 4278/3845/671
f 4282/3847/1966 4281/3848/1967 4280/3849/1966
f 4283/3850/1967 4280/3849/1966 4281/3848/1967
f 4281/3848/1967 4284/3851/640 4283/3850/1967
f 4285/3852/640 4283/3850/1967 4284/3851/640
f 4284/3851/640 4286/3853/1968 4285/3852/640
f 4287/3854/1969 4285/3852/640 4286/3853/1968
f 4286/3853/1968 4288/3855/1970 4287/3854/1969
f 4291/3847/1966 4290/3849/1966 4289/3856/1981
f 4292/3857/1981 4289/3856/1981 4290/3849/1966
f 4295/3858/1981 4294/3859/680 4293/3860/1981
f 4296/3861/680 4293/3860/1981 4294/3859/680
f 4294/3859/680 4297/3862/1973 4296/3861/680
f 4298/3863/1973 4296/3861/680 4297/3862/1973
f 4297/3862/1973 4299/3864/1975 4298/3863/1973
f 4300/3865/1975 4298/3863/1973 4299/3864/1975
f 4303/3865/1975 4302/3864/1975 4301/3866/1976
f 4304/3867/1976 4301/3866/1976 4302/3864/1975
f 4304/3867/1976 4305/3868/573 4301/3866/1976
f 4306/3869/573 4301/3866/1976 4305/3868/573
f 4306/3869/573 4305/3868/573 4307/3870/1977
f 4308/3871/1977 4307/3870/1977 4305/3868/573
f 4308/3871/1977 4309/3872/1978 4307/3870/1977
f 4310/3873/1978 4307/3870/1977 4309/3872/1978
f 4310/3873/1978 4309/3872/1978 4311/3874/1979
f 4312/3875/1979 4311/3874/1979 4309/3872/1978
f 4315/3875/1979 4314/3876/673 4313/3874/1979
f 4316/3877/673 4313/3874/1979 4314/3876/673
f 4316/3877/673 4314/3876/673 4317/3878/1980
f 4318/3879/1980 4317/3878/1980 4314/3876/673
f 4318/3879/1980 4319/3880/1970 4317/3878/1980
f 4320/3855/1970 4317/3878/1980 4319/3880/1970
f 4319/3880/1970 4321/3854/1969 4320/3855/1970
f 4324/3881/707 4323/3882/707 4322/3883/707
f 4323/3882/707 4325/3884/707 4322/3883/707
f 4325/3884/707 4326/3885/707 4322/3883/707
f 4326/3885/707 4327/3886/707 4322/3883/707
f 4328/3887/707 4326/3885/707 4325/3884/707
f 4329/3888/707 4326/3885/707 4328/3887/707
f 4330/3889/707 4326/3885/707 4329/3888/707
f 4331/3890/707 4326/3885/707 4330/3889/707
f 4332/3891/707 4329/3888/707 4328/3887/707
f 4333/3892/707 4332/3891/707 4328/3887/707
f 4334/3893/707 4333/3892/707 4328/3887/707
f 4335/3894/707 4333/3892/707 4334/3893/707
f 4336/3895/707 4332/3891/707 4333/3892/707
f 4337/3896/707 4336/3895/707 4333/3892/707
f 4340/3897/671 4339/3898/671 4338/3899/671
f 4339/3898/671 4341/3900/671 4338/3899/671
f 4341/3900/671 4342/3901/671 4338/3899/671
f 4343/3902/671 4341/3900/671 4339/3898/671
f 4344/3903/671 4341/3900/671 4343/3902/671
f 4345/3904/671 4341/3900/671 4344/3903/671
f 4346/3905/671 4341/3900/671 4345/3904/671
f 4347/3906/671 4342/3901/671 4341/3900/671
f 4348/3907/671 4347/3906/671 4341/3900/671
f 4349/3908/671 4347/3906/671 4348/3907/671
f 4350/3909/671 4347/3906/671 4349/3908/671
f 4351/3910/671 4349/3908/671 4348/3907/671
f 4352/3911/671 4351/3910/671 4348/3907/671
f 4353/3912/671 4351/3910/671 4352/3911/671
f 4356/3913/1966 4355/3914/1967 4354/3915/1966
f 4357/3916/1967 4354/3915/1966 4355/3914/1967
f 4355/3914/1967 4358/3917/640 4357/3916/1967
f 4359/3918/640 4357/3916/1967 4358/3917/640
f 4358/3917/640 4360/3919/1968 4359/3918/640
f 4361/3920/1968 4359/3918/640 4360/3919/1968
f 4360/3919/1968 4362/3921/1970 4361/3920/1968
f 4363/3922/1970 4361/3920/1968 4362/3921/1970
f 4366/3913/1966 4365/3915/1966 4364/3923/1971
f 4367/3924/1971 4364/3923/1971 4365/3915/1966
f 4367/3924/1971 4368/3925/680 4364/3923/1971
f 4369/3926/680 4364/3923/1971 4368/3925/680
f 4372/3927/680 4371/3928/1973 4370/3929/680
f 4373/3930/1973 4370/3929/680 4371/3928/1973
f 4371/3928/1973 4374/3931/1975 4373/3930/1973
f 4375/3932/1975 4373/3930/1973 4374/3931/1975
f 4378/3932/1975 4377/3931/1975 4376/3933/1976
f 4379/3934/1976 4376/3933/1976 4377/3931/1975
f 4379/3934/1976 4380/3935/573 4376/3933/1976
f 4381/3936/573 4376/3933/1976 4380/3935/573
f 4381/3936/573 4380/3935/573 4382/3937/1977
f 4383/3938/1977 4382/3937/1977 4380/3935/573
f 4383/3938/1977 4384/3939/1978 4382/3937/1977
f 4385/3940/1978 4382/3937/1977 4384/3939/1978
f 4385/3940/1978 4384/3939/1978 4386/3941/1982
f 4389/3942/1982 4388/3941/1979 4387/3939/1983
f 4389/3942/1982 4390/3943/673 4388/3941/1979
f 4391/3944/673 4388/3941/1979 4390/3943/673
f 4391/3944/673 4390/3943/673 4392/3945/1980
f 4393/3946/1980 4392/3945/1980 4390/3943/673
f 4393/3946/1980 4394/3922/1970 4392/3945/1980
f 4395/3921/1970 4392/3945/1980 4394/3922/1970
f 4398/3947/707 4397/3948/707 4396/3949/707
f 4397/3948/707 4399/3950/707 4396/3949/707
f 4399/3950/707 4400/3951/707 4396/3949/707
f 4400/3951/707 4401/3952/707 4396/3949/707
f 4402/3953/707 4400/3951/707 4399/3950/707
f 4403/3954/707 4400/3951/707 4402/3953/707
f 4404/3955/707 4400/3951/707 4403/3954/707
f 4405/3956/707 4400/3951/707 4404/3955/707
f 4406/3957/707 4403/3954/707 4402/3953/707
f 4407/3958/707 4406/3957/707 4402/3953/707
f 4408/3959/707 4407/3958/707 4402/3953/707
f 4409/3960/707 4407/3958/707 4408/3959/707
f 4410/3961/707 4406/3957/707 4407/3958/707
f 4411/3962/707 4410/3961/707 4407/3958/707
f 4414/3963/671 4413/3964/671 4412/3965/671
f 4413/3964/671 4415/3966/671 4412/3965/671
f 4415/3966/671 4416/3967/671 4412/3965/671
f 4417/3968/671 4415/3966/671 4413/3964/671
f 4418/3969/671 4415/3966/671 4417/3968/671
f 4419/3970/671 4415/3966/671 4418/3969/671
f 4420/3971/671 4415/3966/671 4419/3970/671
f 4421/3972/671 4416/3967/671 4415/3966/671
f 4422/3973/671 4421/3972/671 4415/3966/671
f 4423/3974/671 4421/3972/671 4422/3973/671
f 4424/3975/671 4421/3972/671 4423/3974/671
f 4425/3976/671 4423/3974/671 4422/3973/671
f 4426/3977/671 4425/3976/671 4422/3973/671
f 4427/3978/671 4425/3976/671 4426/3977/671
f 4430/3979/1966 4429/3980/1967 4428/3981/1966
f 4431/3982/1967 4428/3981/1966 4429/3980/1967
f 4429/3980/1967 4432/3983/640 4431/3982/1967
f 4433/3984/640 4431/3982/1967 4432/3983/640
f 4432/3983/640 4434/3985/1968 4433/3984/640
f 4435/3986/1969 4433/3984/640 4434/3985/1968
f 4434/3985/1968 4436/3987/1970 4435/3986/1969
f 4439/3979/1966 4438/3981/1966 4437/3988/1971
f 4440/3989/1971 4437/3988/1971 4438/3981/1966
f 4440/3989/1971 4441/3990/680 4437/3988/1971
f 4442/3991/680 4437/3988/1971 4441/3990/680
f 4445/3992/680 4444/3993/1973 4443/3994/680
f 4446/3995/1973 4443/3994/680 4444/3993/1973
f 4444/3993/1973 4447/3996/1975 4446/3995/1973
f 4448/3997/1975 4446/3995/1973 4447/3996/1975
f 4451/3997/1975 4450/3996/1984 4449/3998/1976
f 4452/3999/1976 4449/3998/1976 4450/3996/1984
f 4452/3999/1976 4453/4000/573 4449/3998/1976
f 4454/4001/573 4449/3998/1976 4453/4000/573
f 4454/4001/573 4453/4000/573 4455/4002/1977
f 4456/4003/1977 4455/4002/1977 4453/4000/573
f 4456/4003/1977 4457/4004/1978 4455/4002/1977
f 4458/4005/1978 4455/4002/1977 4457/4004/1978
f 4458/4005/1978 4457/4004/1978 4459/4006/1979
f 4460/4007/1979 4459/4006/1979 4457/4004/1978
f 4463/4007/1979 4462/4008/673 4461/4006/1979
f 4464/4009/673 4461/4006/1979 4462/4008/673
f 4464/4009/673 4462/4008/673 4465/4010/1980
f 4466/4011/1980 4465/4010/1980 4462/4008/673
f 4466/4011/1980 4467/4012/1970 4465/4010/1980
f 4468/3987/1970 4465/4010/1980 4467/4012/1970
f 4467/4012/1970 4469/3986/1969 4468/3987/1970
f 4472/4013/707 4471/4014/707 4470/4015/707
f 4471/4014/707 4473/4016/707 4470/4015/707
f 4473/4016/707 4474/4017/707 4470/4015/707
f 4474/4017/707 4475/4018/707 4470/4015/707
f 4476/4019/707 4474/4017/707 4473/4016/707
f 4477/4020/707 4474/4017/707 4476/4019/707
f 4478/4021/707 4474/4017/707 4477/4020/707
f 4479/4022/1985 4474/4017/707 4478/4021/707
f 4480/4023/707 4477/4020/707 4476/4019/707
f 4481/4024/707 4480/4023/707 4476/4019/707
f 4482/4025/707 4481/4024/707 4476/4019/707
f 4483/4026/707 4481/4024/707 4482/4025/707
f 4484/4027/707 4480/4023/707 4481/4024/707
f 4485/4028/707 4484/4027/707 4481/4024/707
f 4488/4029/671 4487/4030/671 4486/4031/671
f 4487/4030/671 4489/4032/671 4486/4031/671
f 4489/4032/671 4490/4033/671 4486/4031/671
f 4491/4034/671 4489/4032/671 4487/4030/671
f 4492/4035/671 4489/4032/671 4491/4034/671
f 4493/4036/671 4489/4032/671 4492/4035/671
f 4494/4037/671 4489/4032/671 4493/4036/671
f 4495/4038/671 4490/4033/671 4489/4032/671
f 4496/4039/671 4495/4038/671 4489/4032/671
f 4497/4040/671 4495/4038/671 4496/4039/671
f 4498/4041/671 4495/4038/671 4497/4040/671
f 4499/4042/671 4497/4040/671 4496/4039/671
f 4500/4043/671 4499/4042/671 4496/4039/671
f 4501/4044/671 4499/4042/671 4500/4043/671
f 4504/4045/1966 4503/4046/1967 4502/4047/1966
f 4505/4048/1967 4502/4047/1966 4503/4046/1967
f 4503/4046/1967 4506/4049/640 4505/4048/1967
f 4507/4050/640 4505/4048/1967 4506/4049/640
f 4506/4049/640 4508/4051/1968 4507/4050/640
f 4509/4052/1968 4507/4050/640 4508/4051/1968
f 4508/4051/1968 4510/4053/1970 4509/4052/1968
f 4511/4054/1970 4509/4052/1968 4510/4053/1970
f 4514/4045/1966 4513/4047/1966 4512/4055/1971
f 4515/4056/1971 4512/4055/1971 4513/4047/1966
f 4515/4056/1971 4516/4057/680 4512/4055/1971
f 4517/4058/680 4512/4055/1971 4516/4057/680
f 4520/4059/680 4519/4060/1973 4518/4061/680
f 4521/4062/1973 4518/4061/680 4519/4060/1973
f 4519/4060/1973 4522/4063/1975 4521/4062/1973
f 4523/4064/1975 4521/4062/1973 4522/4063/1975
f 4526/4064/1975 4525/4063/1975 4524/4065/1976
f 4527/4066/1976 4524/4065/1976 4525/4063/1975
f 4527/4066/1976 4528/4067/573 4524/4065/1976
f 4529/4068/573 4524/4065/1976 4528/4067/573
f 4529/4068/573 4528/4067/573 4530/4069/1977
f 4531/4070/1977 4530/4069/1977 4528/4067/573
f 4531/4070/1977 4532/4071/1978 4530/4069/1977
f 4533/4072/1978 4530/4069/1977 4532/4071/1978
f 4533/4072/1978 4532/4071/1978 4534/4073/1979
f 4537/4074/1982 4536/4073/1979 4535/4071/1978
f 4537/4074/1982 4538/4075/673 4536/4073/1979
f 4539/4076/673 4536/4073/1979 4538/4075/673
f 4539/4076/673 4538/4075/673 4540/4077/1980
f 4541/4078/1980 4540/4077/1980 4538/4075/673
f 4541/4078/1980 4542/4054/1970 4540/4077/1980
f 4543/4053/1970 4540/4077/1980 4542/4054/1970
f 4546/4079/707 4545/4080/707 4544/4081/707
f 4545/4080/707 4547/4082/707 4544/4081/707
f 4547/4082/707 4548/4083/707 4544/4081/707
f 4548/4083/707 4549/4084/707 4544/4081/707
f 4550/4085/707 4548/4083/707 4547/4082/707
f 4551/4086/707 4548/4083/707 4550/4085/707
f 4552/4087/707 4548/4083/707 4551/4086/707
f 4553/4088/1985 4548/4083/707 4552/4087/707
f 4554/4089/707 4551/4086/707 4550/4085/707
f 4555/4090/707 4554/4089/707 4550/4085/707
f 4556/4091/707 4555/4090/707 4550/4085/707
f 4557/4092/707 4555/4090/707 4556/4091/707
f 4558/4093/707 4554/4089/707 4555/4090/707
f 4559/4094/707 4558/4093/707 4555/4090/707
f 4562/4095/671 4561/4096/671 4560/4097/671
f 4561/4096/671 4563/4098/671 4560/4097/671
f 4563/4098/671 4564/4099/671 4560/4097/671
f 4565/4100/671 4563/4098/671 4561/4096/671
f 4566/4101/671 4563/4098/671 4565/4100/671
f 4567/4102/671 4563/4098/671 4566/4101/671
f 4568/4103/671 4563/4098/671 4567/4102/671
f 4569/4104/671 4564/4099/671 4563/4098/671
f 4570/4105/671 4569/4104/671 4563/4098/671
f 4571/4106/671 4569/4104/671 4570/4105/671
f 4572/4107/671 4569/4104/671 4571/4106/671
f 4573/4108/671 4571/4106/671 4570/4105/671
f 4574/4109/671 4573/4108/671 4570/4105/671
f 4575/4110/671 4573/4108/671 4574/4109/671
f 4578/4111/1966 4577/4112/1967 4576/4113/1966
f 4579/4114/1967 4576/4113/1966 4577/4112/1967
f 4577/4112/1967 4580/4115/640 4579/4114/1967
f 4581/4116/640 4579/4114/1967 4580/4115/640
f 4580/4115/640 4582/4117/1968 4581/4116/640
f 4583/4118/1969 4581/4116/640 4582/4117/1968
f 4582/4117/1968 4584/4119/1970 4583/4118/1969
f 4587/4111/1966 4586/4113/1986 4585/4120/1971
f 4588/4121/1971 4585/4120/1971 4586/4113/1986
f 4588/4121/1971 4589/4122/680 4585/4120/1971
f 4590/4123/680 4585/4120/1971 4589/4122/680
f 4593/4124/680 4592/4125/1973 4591/4126/680
f 4594/4127/1973 4591/4126/680 4592/4125/1973
f 4592/4125/1973 4595/4128/1975 4594/4127/1973
f 4596/4129/1975 4594/4127/1973 4595/4128/1975
f 4596/4129/1975 4595/4128/1975 4597/4130/1987
f 4598/4131/1987 4597/4130/1987 4595/4128/1975
f 4601/4131/1987 4600/4132/573 4599/4130/1987
f 4602/4133/573 4599/4130/1987 4600/4132/573
f 4602/4133/573 4600/4132/573 4603/4134/1977
f 4604/4135/1977 4603/4134/1977 4600/4132/573
f 4604/4135/1977 4605/4136/1978 4603/4134/1977
f 4606/4137/1978 4603/4134/1977 4605/4136/1978
f 4606/4137/1978 4605/4136/1978 4607/4138/1979
f 4608/4139/1979 4607/4138/1979 4605/4136/1978
f 4611/4139/1979 4610/4140/673 4609/4138/1979
f 4612/4141/673 4609/4138/1979 4610/4140/673
f 4612/4141/673 4610/4140/673 4613/4142/1980
f 4614/4143/1980 4613/4142/1980 4610/4140/673
f 4614/4143/1980 4615/4144/1970 4613/4142/1980
f 4616/4119/1970 4613/4142/1980 4615/4144/1970
f 4615/4144/1970 4617/4118/1969 4616/4119/1970
f 4620/4145/707 4619/4146/707 4618/4147/707
f 4619/4146/707 4621/4148/707 4618/4147/707
f 4621/4148/707 4622/4149/707 4618/4147/707
f 4622/4149/707 4623/4150/707 4618/4147/707
f 4624/4151/707 4622/4149/707 4621/4148/707
f 4625/4152/707 4622/4149/707 4624/4151/707
f 4626/4153/707 4622/4149/707 4625/4152/707
f 4627/4154/707 4622/4149/707 4626/4153/707
f 4628/4155/707 4625/4152/707 4624/4151/707
f 4629/4156/707 4628/4155/707 4624/4151/707
f 4630/4157/707 4629/4156/707 4624/4151/707
f 4631/4158/707 4629/4156/707 4630/4157/707
f 4632/4159/707 4628/4155/707 4629/4156/707
f 4633/4160/707 4632/4159/707 4629/4156/707
f 4636/4161/1988 4635/4162/1989 4634/4163/1990
f 4637/4164/1991 4634/4163/1990 4635/4162/1989
f 4637/4164/1991 4635/4162/1989 4638/4165/1992
f 4639/4166/1993 4638/4165/1992 4635/4162/1989
f 4638/4165/1992 4639/4166/1993 4640/4167/1994
f 4641/4168/1995 4640/4167/1994 4639/4166/1993
f 4640/4167/1994 4641/4168/1995 4642/4169/1996
f 4643/4170/1996 4642/4169/1996 4641/4168/1995
f 4646/4171/1996 4645/4172/1997 4644/4173/1996
f 4647/4174/1998 4644/4173/1996 4645/4172/1997
f 4645/4172/1997 4648/4175/1999 4647/4174/1998
f 4649/4176/2000 4647/4174/1998 4648/4175/1999
f 4649/4176/2000 4648/4175/1999 4650/4177/2001
f 4651/4178/2002 4650/4177/2001 4648/4175/1999
f 4650/4177/2001 4651/4178/2002 4652/4179/2003
f 4653/4180/2004 4652/4179/2003 4651/4178/2002
f 4656/4180/2005 4655/4181/2006 4654/4179/2007
f 4657/4182/2008 4654/4179/2007 4655/4181/2006
f 4655/4181/2006 4658/4183/2009 4657/4182/2008
f 4659/4184/2010 4657/4182/2008 4658/4183/2009
f 4659/4184/2010 4658/4183/2009 4660/4185/2011
f 4663/4186/2012 4662/4185/2013 4661/4183/2014
f 4663/4186/2012 4664/4187/2015 4662/4185/2013
f 4665/4188/2015 4662/4185/2013 4664/4187/2015
f 4665/4188/2015 4664/4187/2015 4666/4189/2016
f 4667/4190/2017 4666/4189/2016 4664/4187/2015
f 4667/4190/2017 4668/4191/2018 4666/4189/2016
f 4671/4192/2019 4670/4189/2020 4669/4191/2021
f 4669/4191/2021 4672/4193/2022 4671/4192/2019
f 4673/4194/2023 4671/4192/2019 4672/4193/2022
f 4673/4194/2023 4672/4193/2022 4674/4163/2024
f 4675/4161/2025 4674/4163/2024 4672/4193/2022
f 4678/4195/2026 4677/4196/2026 4676/4197/2027
f 4679/4198/2028 4676/4197/2027 4677/4196/2026
f 4679/4198/2028 4680/4199/2029 4676/4197/2027
f 4681/4200/2030 4676/4197/2027 4680/4199/2029
f 4680/4199/2029 4682/4201/2031 4681/4200/2030
f 4683/4202/2031 4681/4200/2030 4682/4201/2031
f 4682/4201/2031 4684/4203/2032 4683/4202/2031
f 4685/4204/2032 4683/4202/2031 4684/4203/2032
f 4688/4205/2033 4687/4196/2034 4686/4206/2035
f 4689/4195/2034 4686/4206/2035 4687/4196/2034
f 4692/4206/2036 4691/4207/2037 4690/4205/2036
f 4693/4208/2037 4690/4205/2036 4691/4207/2037
f 4693/4208/2037 4691/4207/2037 4694/4209/2038
f 4695/4210/2038 4694/4209/2038 4691/4207/2037
f 4695/4210/2038 4696/4211/1592 4694/4209/2038
f 4697/4212/1592 4694/4209/2038 4696/4211/1592
f 4696/4211/1592 4698/4213/2039 4697/4212/1592
f 4699/4214/2040 4697/4212/1592 4698/4213/2039
f 4702/4213/2041 4701/4215/2042 4700/4214/2041
f 4703/4216/2043 4700/4214/2041 4701/4215/2042
f 4701/4215/2042 4704/4217/2044 4703/4216/2043
f 4705/4218/2045 4703/4216/2043 4704/4217/2044
f 4705/4218/2045 4704/4217/2044 4706/4219/2046
f 4707/4220/2047 4706/4219/2046 4704/4217/2044
f 4710/4221/2048 4709/4219/2049 4708/4222/2048
f 4711/4220/2049 4708/4222/2048 4709/4219/2049
f 4714/4221/2050 4713/4222/2050 4712/4223/2051
f 4715/4224/2051 4712/4223/2051 4713/4222/2050
f 4718/4224/2052 4717/4225/2053 4716/4223/2054
f 4719/4226/2053 4716/4223/2054 4717/4225/2053
f 4719/4226/2053 4717/4225/2053 4720/4227/2032
f 4721/4228/2032 4720/4227/2032 4717/4225/2053
f 4724/4229/573 4723/4230/1643 4722/4231/1976
f 4725/4232/1976 4722/4231/1976 4723/4230/1643
f 4725/4232/1976 4726/4233/2055 4722/4231/1976
f 4727/4234/2055 4722/4231/1976 4726/4233/2055
f 4730/4230/573 4729/4229/573 4728/4235/1977
f 4731/4236/1977 4728/4235/1977 4729/4229/573
f 4728/4235/1977 4731/4236/1977 4732/4237/2056
f 4733/4238/2057 4728/4235/1977 4732/4237/2056
f 4734/4239/2058 4732/4237/2056 4731/4236/1977
f 4732/4237/2056 4734/4239/2058 4735/4240/2059
f 4736/4241/2060 4735/4240/2059 4734/4239/2058
f 4736/4241/2060 4737/4242/2061 4735/4240/2059
f 4738/4243/2061 4735/4240/2059 4737/4242/2061
f 4741/4244/673 4740/4245/673 4739/4246/673
f 4742/4247/673 4739/4246/673 4740/4245/673
f 4745/4248/640 4744/4249/2062 4743/4250/2063
f 4745/4248/640 4743/4250/2063 4746/4251/1968
f 4747/4252/1968 4746/4251/1968 4743/4250/2063
f 4747/4252/1968 4748/4253/2064 4746/4251/1968
f 4749/4254/2065 4748/4253/2064 4747/4252/1968
f 4750/4255/2066 4746/4251/1968 4748/4253/2064
f 4750/4255/2066 4748/4253/2064 4751/4256/2067
f 4752/4257/2068 4751/4256/2067 4748/4253/2064
f 4752/4257/2068 4753/4258/2069 4751/4256/2067
f 4754/4259/2069 4751/4256/2067 4753/4258/2069
f 4757/4260/1967 4756/4250/640 4755/4249/2062
f 4757/4260/1967 4755/4249/2062 4758/4261/2070
f 4759/4262/2070 4758/4261/2070 4755/4249/2062
f 4762/4263/2071 4761/4264/2071 4760/4265/1971
f 4763/4266/1971 4760/4265/1971 4761/4264/2071
f 4763/4266/1971 4764/4267/1972 4760/4265/1971
f 4765/4268/1972 4760/4265/1971 4764/4267/1972
f 4768/4268/1974 4767/4267/1974 4766/4269/1973
f 4769/4270/1973 4766/4269/1973 4767/4267/1974
f 4766/4269/1973 4769/4270/1973 4770/4271/2072
f 4771/4272/2072 4770/4271/2072 4769/4270/1973
f 4774/4273/707 4773/4274/707 4772/4275/707
f 4773/4274/707 4775/4276/707 4772/4275/707
f 4775/4276/707 4776/4277/707 4772/4275/707
f 4777/4278/707 4775/4276/707 4773/4274/707
f 4778/4279/707 4777/4278/707 4773/4274/707
f 4779/4280/707 4777/4278/707 4778/4279/707
f 4780/4281/707 4779/4280/707 4778/4279/707
f 4781/4282/707 4779/4280/707 4780/4281/707
f 4782/4283/707 4777/4278/707 4779/4280/707
f 4783/4284/707 4777/4278/707 4782/4283/707
f 4784/4285/707 4783/4284/707 4782/4283/707
f 4785/4286/707 4783/4284/707 4784/4285/707
f 4786/4287/707 4785/4286/707 4784/4285/707
f 4787/4288/707 4785/4286/707 4786/4287/707
f 4790/4289/2073 4789/4290/2073 4788/4291/1982
f 4791/4292/1982 4788/4291/1982 4789/4290/2073
f 4791/4292/1982 4792/4293/673 4788/4291/1982
f 4793/4294/673 4788/4291/1982 4792/4293/673
f 4796/4293/673 4795/4295/1980 4794/4294/673
f 4797/4296/1980 4794/4294/673 4795/4295/1980
f 4795/4295/1980 4798/4297/2074 4797/4296/1980
f 4799/4298/2074 4797/4296/1980 4798/4297/2074
f 4802/4299/2075 4801/4300/2076 4800/4301/2077
f 4803/4302/2078 4801/4300/2076 4802/4299/2075
f 4803/4302/2078 4804/4303/2079 4801/4300/2076
f 4805/4304/2080 4801/4300/2076 4804/4303/2079
f 4806/4305/2081 4805/4304/2080 4804/4303/2079
f 4801/4300/2076 4805/4304/2080 4807/4306/2082
f 4808/4307/2082 4807/4306/2082 4805/4304/2080
f 4811/4308/671 4810/4309/2083 4809/4310/671
f 4812/4311/2084 4809/4310/671 4810/4309/2083
f 4812/4311/2084 4810/4309/2083 4813/4312/2085
f 4814/4313/2086 4813/4312/2085 4810/4309/2083
f 4814/4313/2086 4810/4309/2083 4815/4314/2087
f 4816/4315/2088 4812/4311/2084 4813/4312/2085
f 4817/4316/2089 4812/4311/2084 4816/4315/2088
f 4813/4312/2085 4814/4313/2086 4818/4317/671
f 4813/4312/2085 4818/4317/671 4816/4315/2088
f 4819/4318/671 4818/4317/671 4814/4313/2086
f 4814/4313/2086 4815/4314/2087 4819/4318/671
f 4820/4319/671 4816/4315/2088 4818/4317/671
f 4816/4315/2088 4820/4319/671 4817/4316/2089
f 4821/4320/671 4819/4318/671 4815/4314/2087
f 4822/4321/671 4817/4316/2089 4820/4319/671
f 4821/4320/671 4815/4314/2087 4823/4322/671
f 4824/4323/671 4823/4322/671 4815/4314/2087
f 4817/4316/2089 4822/4321/671 4825/4324/671
f 4826/4325/671 4825/4324/671 4822/4321/671
f 4826/4325/671 4827/4326/671 4825/4324/671
f 4828/4327/671 4825/4324/671 4827/4326/671
f 4827/4326/671 4829/4328/671 4828/4327/671
f 4830/4329/671 4828/4327/671 4829/4328/671
f 4823/4322/671 4824/4323/671 4831/4330/671
f 4832/4331/671 4831/4330/671 4824/4323/671
f 4832/4331/671 4833/4332/671 4831/4330/671
f 4834/4333/671 4831/4330/671 4833/4332/671
f 4829/4328/671 4835/4334/671 4830/4329/671
f 4836/4335/671 4830/4329/671 4835/4334/671
f 4836/4335/671 4835/4334/671 4837/4336/671
f 4838/4337/671 4837/4336/671 4835/4334/671
f 4833/4332/671 4839/4338/671 4834/4333/671
f 4840/4339/671 4834/4333/671 4839/4338/671
f 4837/4336/671 4838/4337/671 4841/4340/671
f 4842/4341/671 4841/4340/671 4838/4337/671
f 4840/4339/671 4839/4338/671 4843/4342/671
f 4842/4341/671 4843/4342/671 4841/4340/671
f 4844/4343/671 4843/4342/671 4839/4338/671
f 4844/4343/671 4841/4340/671 4843/4342/671
f 4847/4344/671 4846/4345/671 4845/4346/671
f 4846/4345/671 4848/4347/671 4845/4346/671
f 4848/4347/671 4849/4348/671 4845/4346/671
f 4850/4349/671 4848/4347/671 4846/4345/671
f 4851/4350/671 4848/4347/671 4850/4349/671
f 4852/4351/671 4848/4347/671 4851/4350/671
f 4853/4352/671 4848/4347/671 4852/4351/671
f 4854/4353/671 4849/4348/671 4848/4347/671
f 4855/4354/671 4854/4353/671 4848/4347/671
f 4856/4355/671 4854/4353/671 4855/4354/671
f 4857/4356/671 4854/4353/671 4856/4355/671
f 4858/4357/671 4856/4355/671 4855/4354/671
f 4859/4358/671 4858/4357/671 4855/4354/671
f 4860/4359/671 4858/4357/671 4859/4358/671
f 4863/4360/1966 4862/4361/1967 4861/4362/1966
f 4864/4363/1967 4861/4362/1966 4862/4361/1967
f 4862/4361/1967 4865/4364/640 4864/4363/1967
f 4866/4365/640 4864/4363/1967 4865/4364/640
f 4865/4364/640 4867/4366/1968 4866/4365/640
f 4868/4367/1969 4866/4365/640 4867/4366/1968
f 4867/4366/1968 4869/4368/1970 4868/4367/1969
f 4872/4360/1966 4871/4362/1966 4870/4369/1971
f 4873/4370/1971 4870/4369/1971 4871/4362/1966
f 4873/4370/1971 4874/4371/1972 4870/4369/1971
f 4875/4372/1972 4870/4369/1971 4874/4371/1972
f 4878/4373/1974 4877/4374/1973 4876/4375/1974
f 4879/4376/1973 4876/4375/1974 4877/4374/1973
f 4877/4374/1973 4880/4377/1975 4879/4376/1973
f 4881/4378/1975 4879/4376/1973 4880/4377/1975
f 4884/4378/1975 4883/4377/1975 4882/4379/1976
f 4885/4380/1976 4882/4379/1976 4883/4377/1975
f 4885/4380/1976 4886/4381/573 4882/4379/1976
f 4887/4382/573 4882/4379/1976 4886/4381/573
f 4887/4382/573 4886/4381/573 4888/4383/1977
f 4889/4384/1977 4888/4383/1977 4886/4381/573
f 4889/4384/1977 4890/4385/1978 4888/4383/1977
f 4891/4386/1978 4888/4383/1977 4890/4385/1978
f 4891/4386/1978 4890/4385/1978 4892/4387/1979
f 4893/4388/1979 4892/4387/1979 4890/4385/1978
f 4896/4388/1979 4895/4389/673 4894/4387/1979
f 4897/4390/673 4894/4387/1979 4895/4389/673
f 4897/4390/673 4895/4389/673 4898/4391/1980
f 4899/4392/1980 4898/4391/1980 4895/4389/673
f 4899/4392/1980 4900/4393/1970 4898/4391/1980
f 4901/4368/1970 4898/4391/1980 4900/4393/1970
f 4900/4393/1970 4902/4367/1969 4901/4368/1970
f 4905/4394/707 4904/4395/707 4903/4396/707
f 4904/4395/707 4906/4397/707 4903/4396/707
f 4906/4397/707 4907/4398/707 4903/4396/707
f 4907/4398/707 4908/4399/707 4903/4396/707
f 4909/4400/707 4907/4398/707 4906/4397/707
f 4910/4401/707 4907/4398/707 4909/4400/707
f 4911/4402/707 4907/4398/707 4910/4401/707
f 4912/4403/707 4907/4398/707 4911/4402/707
f 4913/4404/707 4910/4401/707 4909/4400/707
f 4914/4405/707 4913/4404/707 4909/4400/707
f 4915/4406/707 4914/4405/707 4909/4400/707
f 4916/4407/707 4914/4405/707 4915/4406/707
f 4917/4408/707 4913/4404/707 4914/4405/707
f 4918/4409/707 4917/4408/707 4914/4405/707
f 4921/4410/671 4920/4411/671 4919/4412/671
f 4920/4411/671 4922/4413/671 4919/4412/671
f 4922/4413/671 4923/4414/671 4919/4412/671
f 4924/4415/671 4922/4413/671 4920/4411/671
f 4925/4416/671 4922/4413/671 4924/4415/671
f 4926/4417/671 4922/4413/671 4925/4416/671
f 4927/4418/671 4922/4413/671 4926/4417/671
f 4928/4419/671 4923/4414/671 4922/4413/671
f 4929/4420/671 4928/4419/671 4922/4413/671
f 4930/4421/671 4928/4419/671 4929/4420/671
f 4931/4422/671 4928/4419/671 4930/4421/671
f 4932/4423/671 4930/4421/671 4929/4420/671
f 4933/4424/671 4932/4423/671 4929/4420/671
f 4934/4425/671 4932/4423/671 4933/4424/671
f 4937/4426/2090 4936/4427/1967 4935/4428/1966
f 4938/4429/1967 4935/4428/1966 4936/4427/1967
f 4936/4427/1967 4939/4430/640 4938/4429/1967
f 4940/4431/640 4938/4429/1967 4939/4430/640
f 4939/4430/640 4941/4432/1968 4940/4431/640
f 4942/4433/1969 4940/4431/640 4941/4432/1968
f 4941/4432/1968 4943/4434/1970 4942/4433/1969
f 4946/4426/1966 4945/4428/1966 4944/4435/1971
f 4947/4436/1971 4944/4435/1971 4945/4428/1966
f 4947/4436/1971 4948/4437/1972 4944/4435/1971
f 4949/4438/1972 4944/4435/1971 4948/4437/1972
f 4952/4439/1974 4951/4440/1973 4950/4441/1974
f 4953/4442/1973 4950/4441/1974 4951/4440/1973
f 4951/4440/1973 4954/4443/1975 4953/4442/1973
f 4955/4444/1975 4953/4442/1973 4954/4443/1975
f 4958/4444/1975 4957/4443/1975 4956/4445/1976
f 4959/4446/1976 4956/4445/1976 4957/4443/1975
f 4959/4446/1976 4960/4447/573 4956/4445/1976
f 4961/4448/573 4956/4445/1976 4960/4447/573
f 4961/4448/573 4960/4447/573 4962/4449/1977
f 4963/4450/1977 4962/4449/1977 4960/4447/573
f 4963/4450/1977 4964/4451/1978 4962/4449/1977
f 4965/4452/1978 4962/4449/1977 4964/4451/1978
f 4965/4452/1978 4964/4451/1978 4966/4453/1979
f 4967/4454/1979 4966/4453/1979 4964/4451/1978
f 4970/4454/1979 4969/4455/673 4968/4453/1979
f 4971/4456/673 4968/4453/1979 4969/4455/673
f 4971/4456/673 4969/4455/673 4972/4457/1980
f 4973/4458/1980 4972/4457/1980 4969/4455/673
f 4973/4458/1980 4974/4459/1970 4972/4457/1980
f 4975/4434/1970 4972/4457/1980 4974/4459/1970
f 4974/4459/1970 4976/4433/1969 4975/4434/1970
f 4979/4460/707 4978/4461/707 4977/4462/707
f 4978/4461/707 4980/4463/707 4977/4462/707
f 4980/4463/707 4981/4464/707 4977/4462/707
f 4981/4464/707 4982/4465/707 4977/4462/707
f 4983/4466/707 4981/4464/707 4980/4463/707
f 4984/4467/707 4981/4464/707 4983/4466/707
f 4985/4468/707 4981/4464/707 4984/4467/707
f 4986/4469/707 4981/4464/707 4985/4468/707
f 4987/4470/707 4984/4467/707 4983/4466/707
f 4988/4471/707 4987/4470/707 4983/4466/707
f 4989/4472/707 4988/4471/707 4983/4466/707
f 4990/4473/707 4988/4471/707 4989/4472/707
f 4991/4474/707 4987/4470/707 4988/4471/707
f 4992/4475/707 4991/4474/707 4988/4471/707
f 4995/4476/671 4994/4477/671 4993/4478/671
f 4994/4477/671 4996/4479/671 4993/4478/671
f 4996/4479/671 4997/4480/671 4993/4478/671
f 4998/4481/671 4996/4479/671 4994/4477/671
f 4999/4482/671 4996/4479/671 4998/4481/671
f 5000/4483/671 4996/4479/671 4999/4482/671
f 5001/4484/671 4996/4479/671 5000/4483/671
f 5002/4485/671 4997/4480/671 4996/4479/671
f 5003/4486/671 5002/4485/671 4996/4479/671
f 5004/4487/671 5002/4485/671 5003/4486/671
f 5005/4488/671 5002/4485/671 5004/4487/671
f 5006/4489/671 5004/4487/671 5003/4486/671
f 5007/4490/671 5006/4489/671 5003/4486/671
f 5008/4491/671 5006/4489/671 5007/4490/671
f 5011/4492/1966 5010/4493/1967 5009/4494/1966
f 5012/4495/1967 5009/4494/1966 5010/4493/1967
f 5010/4493/1967 5013/4496/640 5012/4495/1967
f 5014/4497/640 5012/4495/1967 5013/4496/640
f 5013/4496/640 5015/4498/1968 5014/4497/640
f 5016/4499/1969 5014/4497/640 5015/4498/1968
f 5015/4498/1968 5017/4500/1970 5016/4499/1969
f 5020/4492/1966 5019/4494/1966 5018/4501/1971
f 5021/4502/1971 5018/4501/1971 5019/4494/1966
f 5021/4502/1971 5022/4503/680 5018/4501/1971
f 5023/4504/680 5018/4501/1971 5022/4503/680
f 5026/4505/680 5025/4506/1973 5024/4507/680
f 5027/4508/1973 5024/4507/680 5025/4506/1973
f 5025/4506/1973 5028/4509/1975 5027/4508/1973
f 5029/4510/1975 5027/4508/1973 5028/4509/1975
f 5032/4510/1975 5031/4509/1975 5030/4511/1976
f 5033/4512/1976 5030/4511/1976 5031/4509/1975
f 5033/4512/1976 5034/4513/573 5030/4511/1976
f 5035/4514/573 5030/4511/1976 5034/4513/573
f 5035/4514/573 5034/4513/573 5036/4515/1977
f 5037/4516/1977 5036/4515/1977 5034/4513/573
f 5037/4516/1977 5038/4517/1978 5036/4515/1977
f 5039/4518/1978 5036/4515/1977 5038/4517/1978
f 5039/4518/1978 5038/4517/1978 5040/4519/1979
f 5041/4520/1979 5040/4519/1979 5038/4517/1978
f 5044/4520/1979 5043/4521/673 5042/4519/1979
f 5045/4522/673 5042/4519/1979 5043/4521/673
f 5045/4522/673 5043/4521/673 5046/4523/1980
f 5047/4524/1980 5046/4523/1980 5043/4521/673
f 5047/4524/1980 5048/4525/1970 5046/4523/1980
f 5049/4500/1970 5046/4523/1980 5048/4525/1970
f 5048/4525/1970 5050/4499/1969 5049/4500/1970
f 5053/4526/707 5052/4527/707 5051/4528/707
f 5052/4527/707 5054/4529/707 5051/4528/707
f 5054/4529/707 5055/4530/707 5051/4528/707
f 5055/4530/707 5056/4531/707 5051/4528/707
f 5057/4532/707 5055/4530/707 5054/4529/707
f 5058/4533/707 5055/4530/707 5057/4532/707
f 5059/4534/707 5055/4530/707 5058/4533/707
f 5060/4535/1143 5055/4530/707 5059/4534/707
f 5061/4536/707 5058/4533/707 5057/4532/707
f 5062/4537/707 5061/4536/707 5057/4532/707
f 5063/4538/707 5062/4537/707 5057/4532/707
f 5064/4539/707 5062/4537/707 5063/4538/707
f 5065/4540/707 5061/4536/707 5062/4537/707
f 5066/4541/707 5065/4540/707 5062/4537/707
f 5069/4542/671 5068/4543/671 5067/4544/671
f 5068/4543/671 5070/4545/671 5067/4544/671
f 5070/4545/671 5071/4546/671 5067/4544/671
f 5072/4547/671 5070/4545/671 5068/4543/671
f 5073/4548/671 5070/4545/671 5072/4547/671
f 5074/4549/671 5070/4545/671 5073/4548/671
f 5075/4550/671 5070/4545/671 5074/4549/671
f 5076/4551/671 5071/4546/671 5070/4545/671
f 5077/4552/671 5076/4551/671 5070/4545/671
f 5078/4553/671 5076/4551/671 5077/4552/671
f 5079/4554/671 5076/4551/671 5078/4553/671
f 5080/4555/671 5078/4553/671 5077/4552/671
f 5081/4556/671 5080/4555/671 5077/4552/671
f 5082/4557/671 5080/4555/671 5081/4556/671
f 5085/4558/1966 5084/4559/1967 5083/4560/1966
f 5086/4561/1967 5083/4560/1966 5084/4559/1967
f 5084/4559/1967 5087/4562/640 5086/4561/1967
f 5088/4563/640 5086/4561/1967 5087/4562/640
f 5087/4562/640 5089/4564/1968 5088/4563/640
f 5090/4565/1065 5088/4563/640 5089/4564/1968
f 5089/4564/1968 5091/4566/1970 5090/4565/1065
f 5094/4558/1966 5093/4560/1966 5092/4567/1971
f 5095/4568/1971 5092/4567/1971 5093/4560/1966
f 5095/4568/1971 5096/4569/680 5092/4567/1971
f 5097/4570/680 5092/4567/1971 5096/4569/680
f 5100/4571/680 5099/4572/1973 5098/4573/680
f 5101/4574/1973 5098/4573/680 5099/4572/1973
f 5099/4572/1973 5102/4575/1975 5101/4574/1973
f 5103/4576/1975 5101/4574/1973 5102/4575/1975
f 5106/4576/1975 5105/4575/1984 5104/4577/1976
f 5107/4578/1976 5104/4577/1976 5105/4575/1984
f 5107/4578/1976 5108/4579/573 5104/4577/1976
f 5109/4580/573 5104/4577/1976 5108/4579/573
f 5109/4580/573 5108/4579/573 5110/4581/1977
f 5111/4582/1977 5110/4581/1977 5108/4579/573
f 5111/4582/1977 5112/4583/1978 5110/4581/1977
f 5113/4584/1978 5110/4581/1977 5112/4583/1978
f 5113/4584/1978 5112/4583/1978 5114/4585/2091
f 5115/4586/2091 5114/4585/2091 5112/4583/1978
f 5118/4586/1084 5117/4587/673 5116/4585/1084
f 5119/4588/673 5116/4585/1084 5117/4587/673
f 5119/4588/673 5117/4587/673 5120/4589/2092
f 5121/4590/1980 5120/4589/2092 5117/4587/673
f 5121/4590/1980 5122/4591/1970 5120/4589/2092
f 5123/4566/1970 5120/4589/2092 5122/4591/1970
f 5122/4591/1970 5124/4565/1054 5123/4566/1970
f 5127/4592/707 5126/4593/707 5125/4594/707
f 5126/4593/707 5128/4595/707 5125/4594/707
f 5128/4595/707 5129/4596/707 5125/4594/707
f 5129/4596/707 5130/4597/707 5125/4594/707
f 5131/4598/707 5129/4596/707 5128/4595/707
f 5132/4599/707 5129/4596/707 5131/4598/707
f 5133/4600/707 5129/4596/707 5132/4599/707
f 5134/4601/707 5129/4596/707 5133/4600/707
f 5135/4602/707 5132/4599/707 5131/4598/707
f 5136/4603/707 5135/4602/707 5131/4598/707
f 5137/4604/707 5136/4603/707 5131/4598/707
f 5138/4605/707 5136/4603/707 5137/4604/707
f 5139/4606/707 5135/4602/707 5136/4603/707
f 5140/4607/707 5139/4606/707 5136/4603/707
f 5143/4608/671 5142/4609/671 5141/4610/671
f 5142/4609/671 5144/4611/671 5141/4610/671
f 5144/4611/671 5145/4612/671 5141/4610/671
f 5146/4613/671 5144/4611/671 5142/4609/671
f 5147/4614/671 5144/4611/671 5146/4613/671
f 5148/4615/671 5144/4611/671 5147/4614/671
f 5149/4616/671 5144/4611/671 5148/4615/671
f 5150/4617/671 5145/4612/671 5144/4611/671
f 5151/4618/671 5150/4617/671 5144/4611/671
f 5152/4619/671 5150/4617/671 5151/4618/671
f 5153/4620/671 5150/4617/671 5152/4619/671
f 5154/4621/671 5152/4619/671 5151/4618/671
f 5155/4622/671 5154/4621/671 5151/4618/671
f 5156/4623/671 5154/4621/671 5155/4622/671
f 5159/4624/1966 5158/4625/1967 5157/4626/1966
f 5160/4627/1967 5157/4626/1966 5158/4625/1967
f 5158/4625/1967 5161/4628/640 5160/4627/1967
f 5162/4629/640 5160/4627/1967 5161/4628/640
f 5161/4628/640 5163/4630/1968 5162/4629/640
f 5164/4631/1969 5162/4629/640 5163/4630/1968
f 5163/4630/1968 5165/4632/1970 5164/4631/1969
f 5168/4624/1966 5167/4626/1966 5166/4633/1971
f 5169/4634/2093 5166/4633/1971 5167/4626/1966
f 5169/4634/2093 5170/4635/1972 5166/4633/1971
f 5171/4636/1972 5166/4633/1971 5170/4635/1972
f 5174/4637/680 5173/4638/1973 5172/4639/680
f 5175/4640/1973 5172/4639/680 5173/4638/1973
f 5173/4638/1973 5176/4641/1975 5175/4640/1973
f 5177/4642/1975 5175/4640/1973 5176/4641/1975
f 5177/4642/1975 5176/4641/1975 5178/4643/1987
f 5179/4644/1976 5178/4643/1987 5176/4641/1975
f 5182/4644/1987 5181/4645/573 5180/4643/1987
f 5183/4646/573 5180/4643/1987 5181/4645/573
f 5183/4646/573 5181/4645/573 5184/4647/1977
f 5185/4648/1977 5184/4647/1977 5181/4645/573
f 5185/4648/1977 5186/4649/1978 5184/4647/1977
f 5187/4650/1978 5184/4647/1977 5186/4649/1978
f 5187/4650/1978 5186/4649/1978 5188/4651/1979
f 5189/4652/1979 5188/4651/1979 5186/4649/1978
f 5192/4652/1979 5191/4653/673 5190/4651/1979
f 5193/4654/673 5190/4651/1979 5191/4653/673
f 5193/4654/673 5191/4653/673 5194/4655/1980
f 5195/4656/1980 5194/4655/1980 5191/4653/673
f 5195/4656/1980 5196/4657/1970 5194/4655/1980
f 5197/4632/1970 5194/4655/1980 5196/4657/1970
f 5196/4657/1970 5198/4631/1968 5197/4632/1970
f 5201/4658/707 5200/4659/707 5199/4660/707
f 5200/4659/707 5202/4661/707 5199/4660/707
f 5202/4661/707 5203/4662/707 5199/4660/707
f 5203/4662/707 5204/4663/707 5199/4660/707
f 5205/4664/707 5203/4662/707 5202/4661/707
f 5206/4665/707 5203/4662/707 5205/4664/707
f 5207/4666/707 5203/4662/707 5206/4665/707
f 5208/4667/707 5203/4662/707 5207/4666/707
f 5209/4668/707 5206/4665/707 5205/4664/707
f 5210/4669/707 5209/4668/707 5205/4664/707
f 5211/4670/707 5210/4669/707 5205/4664/707
f 5212/4671/707 5210/4669/707 5211/4670/707
f 5213/4672/707 5209/4668/707 5210/4669/707
f 5214/4673/707 5213/4672/707 5210/4669/707
f 5217/4674/671 5216/4675/671 5215/4676/671
f 5216/4675/671 5218/4677/671 5215/4676/671
f 5218/4677/671 5219/4678/671 5215/4676/671
f 5220/4679/671 5218/4677/671 5216/4675/671
f 5221/4680/671 5218/4677/671 5220/4679/671
f 5222/4681/671 5218/4677/671 5221/4680/671
f 5223/4682/671 5218/4677/671 5222/4681/671
f 5224/4683/671 5219/4678/671 5218/4677/671
f 5225/4684/671 5224/4683/671 5218/4677/671
f 5226/4685/671 5224/4683/671 5225/4684/671
f 5227/4686/671 5224/4683/671 5226/4685/671
f 5228/4687/671 5226/4685/671 5225/4684/671
f 5229/4688/671 5228/4687/671 5225/4684/671
f 5230/4689/671 5228/4687/671 5229/4688/671
f 5233/4690/1966 5232/4691/1967 5231/4692/1966
f 5234/4693/1967 5231/4692/1966 5232/4691/1967
f 5232/4691/1967 5235/4694/640 5234/4693/1967
f 5236/4695/640 5234/4693/1967 5235/4694/640
f 5235/4694/640 5237/4696/1968 5236/4695/640
f 5238/4697/1969 5236/4695/640 5237/4696/1968
f 5237/4696/1968 5239/4698/1970 5238/4697/1969
f 5242/4690/1966 5241/4692/1966 5240/4699/1971
f 5243/4700/1971 5240/4699/1971 5241/4692/1966
f 5243/4700/1971 5244/4701/680 5240/4699/1971
f 5245/4702/680 5240/4699/1971 5244/4701/680
f 5248/4703/680 5247/4704/1973 5246/4705/680
f 5249/4706/1973 5246/4705/680 5247/4704/1973
f 5247/4704/1973 5250/4707/1975 5249/4706/1973
f 5251/4708/1975 5249/4706/1973 5250/4707/1975
f 5254/4708/1975 5253/4707/1975 5252/4709/1976
f 5255/4710/1976 5252/4709/1976 5253/4707/1975
f 5255/4710/1976 5256/4711/573 5252/4709/1976
f 5257/4712/573 5252/4709/1976 5256/4711/573
f 5257/4712/573 5256/4711/573 5258/4713/1977
f 5259/4714/1977 5258/4713/1977 5256/4711/573
f 5259/4714/1977 5260/4715/1978 5258/4713/1977
f 5261/4716/1978 5258/4713/1977 5260/4715/1978
f 5261/4716/1978 5260/4715/1978 5262/4717/1084
f 5263/4718/1084 5262/4717/1084 5260/4715/1978
f 5266/4718/1084 5265/4719/673 5264/4717/1084
f 5267/4720/673 5264/4717/1084 5265/4719/673
f 5267/4720/673 5265/4719/673 5268/4721/1980
f 5269/4722/1980 5268/4721/1980 5265/4719/673
f 5269/4722/1980 5270/4723/1970 5268/4721/1980
f 5271/4698/1970 5268/4721/1980 5270/4723/1970
f 5270/4723/1970 5272/4697/1969 5271/4698/1970
f 5275/4724/707 5274/4725/707 5273/4726/707
f 5274/4725/707 5276/4727/707 5273/4726/707
f 5276/4727/707 5277/4728/707 5273/4726/707
f 5277/4728/707 5278/4729/707 5273/4726/707
f 5279/4730/707 5277/4728/707 5276/4727/707
f 5280/4731/707 5277/4728/707 5279/4730/707
f 5281/4732/707 5277/4728/707 5280/4731/707
f 5282/4733/707 5277/4728/707 5281/4732/707
f 5283/4734/707 5280/4731/707 5279/4730/707
f 5284/4735/707 5283/4734/707 5279/4730/707
f 5285/4736/707 5284/4735/707 5279/4730/707
f 5286/4737/707 5284/4735/707 5285/4736/707
f 5287/4738/707 5283/4734/707 5284/4735/707
f 5288/4739/707 5287/4738/707 5284/4735/707
f 5291/4740/671 5290/4741/671 5289/4742/671
f 5290/4741/671 5292/4743/671 5289/4742/671
f 5292/4743/671 5293/4744/671 5289/4742/671
f 5294/4745/671 5292/4743/671 5290/4741/671
f 5295/4746/671 5292/4743/671 5294/4745/671
f 5296/4747/671 5292/4743/671 5295/4746/671
f 5297/4748/671 5292/4743/671 5296/4747/671
f 5298/4749/671 5293/4744/671 5292/4743/671
f 5299/4750/671 5298/4749/671 5292/4743/671
f 5300/4751/671 5298/4749/671 5299/4750/671
f 5301/4752/671 5298/4749/671 5300/4751/671
f 5302/4753/671 5300/4751/671 5299/4750/671
f 5303/4754/671 5302/4753/671 5299/4750/671
f 5304/4755/671 5302/4753/671 5303/4754/671
f 5307/4756/1966 5306/4757/1967 5305/4758/1966
f 5308/4759/1967 5305/4758/1966 5306/4757/1967
f 5306/4757/1967 5309/4760/640 5308/4759/1967
f 5310/4761/640 5308/4759/1967 5309/4760/640
f 5309/4760/640 5311/4762/1968 5310/4761/640
f 5312/4763/1065 5310/4761/640 5311/4762/1968
f 5311/4762/1968 5313/4764/1970 5312/4763/1065
f 5316/4756/2094 5315/4758/2094 5314/4765/1971
f 5317/4766/2095 5314/4765/1971 5315/4758/2094
f 5317/4766/2095 5318/4767/680 5314/4765/1971
f 5319/4768/680 5314/4765/1971 5318/4767/680
f 5322/4769/680 5321/4770/1973 5320/4771/680
f 5323/4772/1973 5320/4771/680 5321/4770/1973
f 5321/4770/1973 5324/4773/1975 5323/4772/1973
f 5325/4774/1975 5323/4772/1973 5324/4773/1975
f 5325/4774/1975 5324/4773/1975 5326/4775/1987
f 5327/4776/1987 5326/4775/1987 5324/4773/1975
f 5330/4776/1987 5329/4777/573 5328/4775/1987
f 5331/4778/573 5328/4775/1987 5329/4777/573
f 5331/4778/573 5329/4777/573 5332/4779/1977
f 5333/4780/1977 5332/4779/1977 5329/4777/573
f 5333/4780/1977 5334/4781/1978 5332/4779/1977
f 5335/4782/1978 5332/4779/1977 5334/4781/1978
f 5335/4782/1978 5334/4781/1978 5336/4783/1084
f 5337/4784/1084 5336/4783/1084 5334/4781/1978
f 5340/4784/1084 5339/4785/673 5338/4783/1084
f 5341/4786/673 5338/4783/1084 5339/4785/673
f 5341/4786/673 5339/4785/673 5342/4787/2092
f 5343/4788/2092 5342/4787/2092 5339/4785/673
f 5343/4788/2092 5344/4789/1970 5342/4787/2092
f 5345/4764/1970 5342/4787/2092 5344/4789/1970
f 5344/4789/1970 5346/4763/1065 5345/4764/1970
f 5349/4790/707 5348/4791/707 5347/4792/707
f 5348/4791/707 5350/4793/707 5347/4792/707
f 5350/4793/707 5351/4794/707 5347/4792/707
f 5351/4794/707 5352/4795/707 5347/4792/707
f 5353/4796/707 5351/4794/707 5350/4793/707
f 5354/4797/707 5351/4794/707 5353/4796/707
f 5355/4798/707 5351/4794/707 5354/4797/707
f 5356/4799/1985 5351/4794/707 5355/4798/707
f 5357/4800/707 5354/4797/707 5353/4796/707
f 5358/4801/707 5357/4800/707 5353/4796/707
f 5359/4802/707 5358/4801/707 5353/4796/707
f 5360/4803/707 5358/4801/707 5359/4802/707
f 5361/4804/707 5357/4800/707 5358/4801/707
f 5362/4805/707 5361/4804/707 5358/4801/707
f 5365/4806/671 5364/4807/671 5363/4808/671
f 5364/4807/671 5366/4809/671 5363/4808/671
f 5366/4809/671 5367/4810/671 5363/4808/671
f 5368/4811/671 5366/4809/671 5364/4807/671
f 5369/4812/671 5366/4809/671 5368/4811/671
f 5370/4813/671 5366/4809/671 5369/4812/671
f 5371/4814/671 5366/4809/671 5370/4813/671
f 5372/4815/671 5367/4810/671 5366/4809/671
f 5373/4816/671 5372/4815/671 5366/4809/671
f 5374/4817/671 5372/4815/671 5373/4816/671
f 5375/4818/671 5372/4815/671 5374/4817/671
f 5376/4819/671 5374/4817/671 5373/4816/671
f 5377/4820/671 5376/4819/671 5373/4816/671
f 5378/4821/671 5376/4819/671 5377/4820/671
f 5381/4822/2096 5380/4823/1967 5379/4824/2096
f 5382/4825/1967 5379/4824/2096 5380/4823/1967
f 5380/4823/1967 5383/4826/640 5382/4825/1967
f 5384/4827/640 5382/4825/1967 5383/4826/640
f 5383/4826/640 5385/4828/1968 5384/4827/640
f 5386/4829/1968 5384/4827/640 5385/4828/1968
f 5385/4828/1968 5387/4830/2097 5386/4829/1968
f 5388/4831/2098 5386/4829/1968 5387/4830/2097
f 5391/4822/1966 5390/4824/1966 5389/4832/1971
f 5392/4833/1971 5389/4832/1971 5390/4824/1966
f 5392/4833/1971 5393/4834/1972 5389/4832/1971
f 5394/4835/2099 5389/4832/1971 5393/4834/1972
f 5397/4836/1974 5396/4837/1973 5395/4838/1974
f 5398/4839/1973 5395/4838/1974 5396/4837/1973
f 5396/4837/1973 5399/4840/1975 5398/4839/1973
f 5400/4841/1975 5398/4839/1973 5399/4840/1975
f 5403/4841/2100 5402/4840/2100 5401/4842/1976
f 5404/4843/1976 5401/4842/1976 5402/4840/2100
f 5404/4843/1976 5405/4844/573 5401/4842/1976
f 5406/4845/573 5401/4842/1976 5405/4844/573
f 5406/4845/573 5405/4844/573 5407/4846/1977
f 5408/4847/1977 5407/4846/1977 5405/4844/573
f 5408/4847/1977 5409/4848/1978 5407/4846/1977
f 5410/4849/1978 5407/4846/1977 5409/4848/1978
f 5410/4849/1978 5409/4848/1978 5411/4850/1982
f 5414/4851/1982 5413/4850/1979 5412/4848/1978
f 5414/4851/1982 5415/4852/673 5413/4850/1979
f 5416/4853/673 5413/4850/1979 5415/4852/673
f 5416/4853/673 5415/4852/673 5417/4854/1980
f 5418/4855/1980 5417/4854/1980 5415/4852/673
f 5418/4855/1980 5419/4831/1970 5417/4854/1980
f 5420/4830/1970 5417/4854/1980 5419/4831/1970
f 5423/4856/707 5422/4857/707 5421/4858/707
f 5422/4857/707 5424/4859/707 5421/4858/707
f 5424/4859/707 5425/4860/707 5421/4858/707
f 5425/4860/707 5426/4861/707 5421/4858/707
f 5427/4862/707 5425/4860/707 5424/4859/707
f 5428/4863/707 5425/4860/707 5427/4862/707
f 5429/4864/707 5425/4860/707 5428/4863/707
f 5430/4865/707 5425/4860/707 5429/4864/707
f 5431/4866/707 5428/4863/707 5427/4862/707
f 5432/4867/707 5431/4866/707 5427/4862/707
f 5433/4868/707 5432/4867/707 5427/4862/707
f 5434/4869/707 5432/4867/707 5433/4868/707
f 5435/4870/707 5431/4866/707 5432/4867/707
f 5436/4871/707 5435/4870/707 5432/4867/707
f 5439/4872/2055 5438/4873/2055 5437/4874/1976
f 5440/4875/1976 5437/4874/1976 5438/4873/2055
f 5437/4874/1976 5440/4875/1976 5441/4876/573
f 5442/4877/573 5441/4876/573 5440/4875/1976
f 5442/4877/573 5443/4878/2101 5441/4876/573
f 5444/4879/1977 5441/4876/573 5443/4878/2101
f 5444/4879/1977 5443/4878/2101 5445/4880/2102
f 5446/4881/2102 5445/4880/2102 5443/4878/2101
f 5449/4882/2103 5448/4883/1973 5447/4884/2103
f 5450/4885/1973 5447/4884/2103 5448/4883/1973
f 5450/4885/1973 5448/4883/1973 5451/4886/2104
f 5452/4887/2104 5451/4886/2104 5448/4883/1973
f 5455/4888/2105 5454/4889/1981 5453/4890/2105
f 5456/4891/1971 5453/4890/2105 5454/4889/1981
f 5456/4891/1971 5454/4889/1981 5457/4892/1966
f 5460/4893/1966 5459/4892/1966 5458/4889/1981
f 5459/4892/1966 5460/4893/1966 5461/4894/1967
f 5462/4895/1967 5461/4894/1967 5460/4893/1966
f 5462/4895/1967 5463/4896/640 5461/4894/1967
f 5464/4897/640 5461/4894/1967 5463/4896/640
f 5464/4897/640 5463/4896/640 5465/4898/2106
f 5466/4899/1065 5465/4898/2106 5463/4896/640
f 5469/4898/1065 5468/4899/1065 5467/4900/1970
f 5470/4901/1970 5467/4900/1970 5468/4899/1065
f 5467/4900/1970 5470/4901/1970 5471/4902/1980
f 5472/4903/1980 5471/4902/1980 5470/4901/1970
f 5471/4902/1980 5472/4903/1980 5473/4904/673
f 5474/4905/673 5473/4904/673 5472/4903/1980
f 5473/4904/673 5474/4905/673 5475/4906/2107
f 5476/4907/2107 5475/4906/2107 5474/4905/673
f 5476/4907/2107 5477/4908/2073 5475/4906/2107
f 5478/4909/2073 5475/4906/2107 5477/4908/2073
f 5481/4910/707 5480/4911/707 5479/4912/707
f 5480/4911/707 5482/4913/707 5479/4912/707
f 5483/4914/707 5482/4913/707 5480/4911/707
f 5484/4915/707 5482/4913/707 5483/4914/707
f 5485/4916/707 5482/4913/707 5484/4915/707
f 5486/4917/707 5482/4913/707 5485/4916/707
f 5487/4918/707 5482/4913/707 5486/4917/707
f 5488/4919/707 5482/4913/707 5487/4918/707
f 5489/4920/707 5482/4913/707 5488/4919/707
f 5490/4921/707 5482/4913/707 5489/4920/707
f 5482/4913/707 5491/4922/707 5479/4912/707
f 5491/4922/707 5492/4923/707 5479/4912/707
f 5493/4924/707 5491/4922/707 5482/4913/707
f 5494/4925/707 5493/4924/707 5482/4913/707
f 5497/4926/671 5496/4927/671 5495/4928/671
f 5496/4927/671 5498/4929/671 5495/4928/671
f 5498/4929/671 5499/4930/671 5495/4928/671
f 5500/4931/671 5498/4929/671 5496/4927/671
f 5501/4932/671 5498/4929/671 5500/4931/671
f 5502/4933/671 5498/4929/671 5501/4932/671
f 5503/4934/671 5498/4929/671 5502/4933/671
f 5504/4935/671 5499/4930/671 5498/4929/671
f 5505/4936/671 5504/4935/671 5498/4929/671
f 5506/4937/671 5504/4935/671 5505/4936/671
f 5507/4938/671 5504/4935/671 5506/4937/671
f 5508/4939/671 5506/4937/671 5505/4936/671
f 5509/4940/671 5508/4939/671 5505/4936/671
f 5510/4941/671 5508/4939/671 5509/4940/671
f 5513/4942/1966 5512/4943/1967 5511/4944/1966
f 5514/4945/1967 5511/4944/1966 5512/4943/1967
f 5512/4943/1967 5515/4946/640 5514/4945/1967
f 5516/4947/640 5514/4945/1967 5515/4946/640
f 5515/4946/640 5517/4948/1968 5516/4947/640
f 5518/4949/1969 5516/4947/640 5517/4948/1968
f 5517/4948/1968 5519/4950/1970 5518/4949/1969
f 5522/4942/1966 5521/4944/1966 5520/4951/1971
f 5523/4952/1971 5520/4951/1971 5521/4944/1966
f 5523/4952/1971 5524/4953/1972 5520/4951/1971
f 5525/4954/1972 5520/4951/1971 5524/4953/1972
f 5528/4955/1974 5527/4956/1973 5526/4957/1974
f 5529/4958/1973 5526/4957/1974 5527/4956/1973
f 5527/4956/1973 5530/4959/1975 5529/4958/1973
f 5531/4960/1975 5529/4958/1973 5530/4959/1975
f 5534/4960/1975 5533/4959/1975 5532/4961/1976
f 5535/4962/1976 5532/4961/1976 5533/4959/1975
f 5535/4962/1976 5536/4963/573 5532/4961/1976
f 5537/4964/573 5532/4961/1976 5536/4963/573
f 5537/4964/573 5536/4963/573 5538/4965/1977
f 5539/4966/1977 5538/4965/1977 5536/4963/573
f 5539/4966/1977 5540/4967/1978 5538/4965/1977
f 5541/4968/1978 5538/4965/1977 5540/4967/1978
f 5541/4968/1978 5540/4967/1978 5542/4969/1979
f 5543/4970/1979 5542/4969/1979 5540/4967/1978
f 5546/4970/1979 5545/4971/673 5544/4969/1979
f 5547/4972/673 5544/4969/1979 5545/4971/673
f 5547/4972/673 5545/4971/673 5548/4973/1980
f 5549/4974/1980 5548/4973/1980 5545/4971/673
f 5549/4974/1980 5550/4975/1970 5548/4973/1980
f 5551/4950/1970 5548/4973/1980 5550/4975/1970
f 5550/4975/1970 5552/4949/1969 5551/4950/1970
f 5555/4976/707 5554/4977/707 5553/4978/707
f 5554/4977/707 5556/4979/707 5553/4978/707
f 5556/4979/707 5557/4980/707 5553/4978/707
f 5557/4980/707 5558/4981/707 5553/4978/707
f 5559/4982/707 5557/4980/707 5556/4979/707
f 5560/4983/707 5557/4980/707 5559/4982/707
f 5561/4984/707 5557/4980/707 5560/4983/707
f 5562/4985/707 5557/4980/707 5561/4984/707
f 5563/4986/707 5560/4983/707 5559/4982/707
f 5564/4987/707 5563/4986/707 5559/4982/707
f 5565/4988/707 5564/4987/707 5559/4982/707
f 5566/4989/707 5564/4987/707 5565/4988/707
f 5567/4990/707 5563/4986/707 5564/4987/707
f 5568/4991/707 5567/4990/707 5564/4987/707
f 5571/4992/671 5570/4993/671 5569/4994/671
f 5570/4993/671 5572/4995/671 5569/4994/671
f 5572/4995/671 5573/4996/671 5569/4994/671
f 5574/4997/671 5572/4995/671 5570/4993/671
f 5575/4998/671 5572/4995/671 5574/4997/671
f 5576/4999/671 5572/4995/671 5575/4998/671
f 5577/5000/671 5572/4995/671 5576/4999/671
f 5578/5001/671 5573/4996/671 5572/4995/671
f 5579/5002/671 5578/5001/671 5572/4995/671
f 5580/5003/671 5578/5001/671 5579/5002/671
f 5581/5004/671 5578/5001/671 5580/5003/671
f 5582/5005/671 5580/5003/671 5579/5002/671
f 5583/5006/671 5582/5005/671 5579/5002/671
f 5584/5007/671 5582/5005/671 5583/5006/671
f 5587/5008/1966 5586/5009/1967 5585/5010/2096
f 5588/5011/1967 5585/5010/2096 5586/5009/1967
f 5586/5009/1967 5589/5012/640 5588/5011/1967
f 5590/5013/640 5588/5011/1967 5589/5012/640
f 5589/5012/640 5591/5014/1968 5590/5013/640
f 5592/5015/1968 5590/5013/640 5591/5014/1968
f 5591/5014/1968 5593/5016/1970 5592/5015/1968
f 5594/5017/1970 5592/5015/1968 5593/5016/1970
f 5597/5008/1966 5596/5010/1966 5595/5018/1971
f 5598/5019/1971 5595/5018/1971 5596/5010/1966
f 5598/5019/1971 5599/5020/1972 5595/5018/1971
f 5600/5021/1972 5595/5018/1971 5599/5020/1972
f 5603/5022/1974 5602/5023/1973 5601/5024/1974
f 5604/5025/1973 5601/5024/1974 5602/5023/1973
f 5602/5023/1973 5605/5026/1975 5604/5025/1973
f 5606/5027/1975 5604/5025/1973 5605/5026/1975
f 5609/5027/1975 5608/5026/2100 5607/5028/1976
f 5610/5029/1976 5607/5028/1976 5608/5026/2100
f 5610/5029/1976 5611/5030/573 5607/5028/1976
f 5612/5031/573 5607/5028/1976 5611/5030/573
f 5612/5031/573 5611/5030/573 5613/5032/1977
f 5614/5033/1977 5613/5032/1977 5611/5030/573
f 5614/5033/1977 5615/5034/1978 5613/5032/1977
f 5616/5035/1978 5613/5032/1977 5615/5034/1978
f 5616/5035/1978 5615/5034/1978 5617/5036/1979
f 5620/5037/1982 5619/5036/1979 5618/5034/1978
f 5620/5037/1982 5621/5038/673 5619/5036/1979
f 5622/5039/673 5619/5036/1979 5621/5038/673
f 5622/5039/673 5621/5038/673 5623/5040/1980
f 5624/5041/1980 5623/5040/1980 5621/5038/673
f 5624/5041/1980 5625/5017/1970 5623/5040/1980
f 5626/5016/1970 5623/5040/1980 5625/5017/1970
f 5629/5042/707 5628/5043/707 5627/5044/707
f 5628/5043/707 5630/5045/707 5627/5044/707
f 5630/5045/707 5631/5046/707 5627/5044/707
f 5631/5046/707 5632/5047/707 5627/5044/707
f 5633/5048/707 5631/5046/707 5630/5045/707
f 5634/5049/707 5631/5046/707 5633/5048/707
f 5635/5050/707 5631/5046/707 5634/5049/707
f 5636/5051/707 5631/5046/707 5635/5050/707
f 5637/5052/707 5634/5049/707 5633/5048/707
f 5638/5053/707 5637/5052/707 5633/5048/707
f 5639/5054/707 5638/5053/707 5633/5048/707
f 5640/5055/707 5638/5053/707 5639/5054/707
f 5641/5056/707 5637/5052/707 5638/5053/707
f 5642/5057/707 5641/5056/707 5638/5053/707
f 5645/5058/671 5644/5059/671 5643/5060/671
f 5644/5059/671 5646/5061/671 5643/5060/671
f 5646/5061/671 5647/5062/671 5643/5060/671
f 5648/5063/671 5646/5061/671 5644/5059/671
f 5649/5064/671 5646/5061/671 5648/5063/671
f 5650/5065/671 5646/5061/671 5649/5064/671
f 5651/5066/671 5646/5061/671 5650/5065/671
f 5652/5067/671 5647/5062/671 5646/5061/671
f 5653/5068/671 5652/5067/671 5646/5061/671
f 5654/5069/671 5652/5067/671 5653/5068/671
f 5655/5070/671 5652/5067/671 5654/5069/671
f 5656/5071/671 5654/5069/671 5653/5068/671
f 5657/5072/671 5656/5071/671 5653/5068/671
f 5658/5073/671 5656/5071/671 5657/5072/671
f 5661/5074/1966 5660/5075/1967 5659/5076/1966
f 5662/5077/1967 5659/5076/1966 5660/5075/1967
f 5660/5075/1967 5663/5078/640 5662/5077/1967
f 5664/5079/640 5662/5077/1967 5663/5078/640
f 5663/5078/640 5665/5080/1968 5664/5079/640
f 5666/5081/1969 5664/5079/640 5665/5080/1968
f 5665/5080/1968 5667/5082/1970 5666/5081/1969
f 5670/5074/1966 5669/5076/1966 5668/5083/1971
f 5671/5084/1971 5668/5083/1971 5669/5076/1966
f 5671/5084/1971 5672/5085/680 5668/5083/1971
f 5673/5086/1742 5668/5083/1971 5672/5085/680
f 5676/5087/680 5675/5088/1973 5674/5089/680
f 5677/5090/1973 5674/5089/680 5675/5088/1973
f 5675/5088/1973 5678/5091/1975 5677/5090/1973
f 5679/5092/1975 5677/5090/1973 5678/5091/1975
f 5682/5092/1975 5681/5091/1975 5680/5093/1976
f 5683/5094/1976 5680/5093/1976 5681/5091/1975
f 5683/5094/1976 5684/5095/573 5680/5093/1976
f 5685/5096/573 5680/5093/1976 5684/5095/573
f 5685/5096/573 5684/5095/573 5686/5097/1977
f 5687/5098/1977 5686/5097/1977 5684/5095/573
f 5687/5098/1977 5688/5099/1978 5686/5097/1977
f 5689/5100/1978 5686/5097/1977 5688/5099/1978
f 5689/5100/1978 5688/5099/1978 5690/5101/1979
f 5691/5102/1979 5690/5101/1979 5688/5099/1978
f 5694/5102/1979 5693/5103/673 5692/5101/1979
f 5695/5104/673 5692/5101/1979 5693/5103/673
f 5695/5104/673 5693/5103/673 5696/5105/1980
f 5697/5106/1980 5696/5105/1980 5693/5103/673
f 5697/5106/1980 5698/5107/1970 5696/5105/1980
f 5699/5082/1970 5696/5105/1980 5698/5107/1970
f 5698/5107/1970 5700/5081/1968 5699/5082/1970
f 5703/5108/707 5702/5109/707 5701/5110/707
f 5702/5109/707 5704/5111/707 5701/5110/707
f 5704/5111/707 5705/5112/707 5701/5110/707
f 5705/5112/707 5706/5113/707 5701/5110/707
f 5707/5114/707 5705/5112/707 5704/5111/707
f 5708/5115/707 5705/5112/707 5707/5114/707
f 5709/5116/707 5705/5112/707 5708/5115/707
f 5710/5117/1985 5705/5112/707 5709/5116/707
f 5711/5118/707 5708/5115/707 5707/5114/707
f 5712/5119/707 5711/5118/707 5707/5114/707
f 5713/5120/707 5712/5119/707 5707/5114/707
f 5714/5121/707 5712/5119/707 5713/5120/707
f 5715/5122/707 5711/5118/707 5712/5119/707
f 5716/5123/707 5715/5122/707 5712/5119/707
f 5719/5124/671 5718/5125/671 5717/5126/671
f 5718/5125/671 5720/5127/671 5717/5126/671
f 5720/5127/671 5721/5128/671 5717/5126/671
f 5722/5129/671 5720/5127/671 5718/5125/671
f 5723/5130/671 5720/5127/671 5722/5129/671
f 5724/5131/671 5720/5127/671 5723/5130/671
f 5725/5132/671 5720/5127/671 5724/5131/671
f 5726/5133/671 5721/5128/671 5720/5127/671
f 5727/5134/671 5726/5133/671 5720/5127/671
f 5728/5135/671 5726/5133/671 5727/5134/671
f 5729/5136/671 5726/5133/671 5728/5135/671
f 5730/5137/671 5728/5135/671 5727/5134/671
f 5731/5138/671 5730/5137/671 5727/5134/671
f 5732/5139/671 5730/5137/671 5731/5138/671
f 5735/5140/1966 5734/5141/1967 5733/5142/1966
f 5736/5143/1967 5733/5142/1966 5734/5141/1967
f 5734/5141/1967 5737/5144/640 5736/5143/1967
f 5738/5145/640 5736/5143/1967 5737/5144/640
f 5737/5144/640 5739/5146/1968 5738/5145/640
f 5740/5147/1969 5738/5145/640 5739/5146/1968
f 5739/5146/1968 5741/5148/1970 5740/5147/1969
f 5744/5140/1966 5743/5142/1986 5742/5149/1971
f 5745/5150/1971 5742/5149/1971 5743/5142/1986
f 5745/5150/1971 5746/5151/1972 5742/5149/1971
f 5747/5152/1972 5742/5149/1971 5746/5151/1972
f 5750/5153/1974 5749/5154/1973 5748/5155/1974
f 5751/5156/1973 5748/5155/1974 5749/5154/1973
f 5749/5154/1973 5752/5157/1975 5751/5156/1973
f 5753/5158/1975 5751/5156/1973 5752/5157/1975
f 5756/5158/1975 5755/5157/1975 5754/5159/1976
f 5757/5160/1976 5754/5159/1976 5755/5157/1975
f 5757/5160/1976 5758/5161/573 5754/5159/1976
f 5759/5162/573 5754/5159/1976 5758/5161/573
f 5759/5162/573 5758/5161/573 5760/5163/1977
f 5761/5164/1977 5760/5163/1977 5758/5161/573
f 5761/5164/1977 5762/5165/1978 5760/5163/1977
f 5763/5166/1978 5760/5163/1977 5762/5165/1978
f 5763/5166/1978 5762/5165/1978 5764/5167/1979
f 5765/5168/1979 5764/5167/1979 5762/5165/1978
f 5768/5168/1979 5767/5169/673 5766/5167/1979
f 5769/5170/673 5766/5167/1979 5767/5169/673
f 5769/5170/673 5767/5169/673 5770/5171/1980
f 5771/5172/1980 5770/5171/1980 5767/5169/673
f 5771/5172/1980 5772/5173/1970 5770/5171/1980
f 5773/5148/1970 5770/5171/1980 5772/5173/1970
f 5772/5173/1970 5774/5147/1969 5773/5148/1970
f 5777/5174/707 5776/5175/707 5775/5176/707
f 5776/5175/707 5778/5177/707 5775/5176/707
f 5778/5177/707 5779/5178/707 5775/5176/707
f 5779/5178/707 5780/5179/707 5775/5176/707
f 5781/5180/707 5779/5178/707 5778/5177/707
f 5782/5181/707 5779/5178/707 5781/5180/707
f 5783/5182/707 5779/5178/707 5782/5181/707
f 5784/5183/707 5779/5178/707 5783/5182/707
f 5785/5184/707 5782/5181/707 5781/5180/707
f 5786/5185/707 5785/5184/707 5781/5180/707
f 5787/5186/707 5786/5185/707 5781/5180/707
f 5788/5187/707 5786/5185/707 5787/5186/707
f 5789/5188/707 5785/5184/707 5786/5185/707
f 5790/5189/707 5789/5188/707 5786/5185/707
f 5793/5190/673 5792/5191/673 5791/5192/673
f 5794/5193/673 5791/5192/673 5792/5191/673
f 5795/5194/673 5794/5193/673 5792/5191/673
f 5794/5193/673 5796/5195/673 5791/5192/673
f 5797/5196/673 5791/5192/673 5796/5195/673
f 5796/5195/673 5798/5197/673 5797/5196/673
f 5799/5198/673 5797/5196/673 5798/5197/673
f 5799/5198/673 5798/5197/673 5800/5199/673
f 5801/5200/673 5800/5199/673 5798/5197/673
f 5798/5197/673 5802/5201/673 5801/5200/673
f 5805/5202/2108 5804/5203/2109 5803/5204/2108
f 5806/5205/2109 5803/5204/2108 5804/5203/2109
f 5806/5205/2109 5804/5203/2109 5807/5206/707
f 5808/5207/707 5807/5206/707 5804/5203/2109
f 5808/5207/707 5809/5208/2110 5807/5206/707
f 5812/5209/573 5811/5210/573 5810/5211/573
f 5813/5212/573 5810/5211/573 5811/5210/573
f 5816/5213/2111 5815/5214/2111 5814/5215/707
f 5817/5216/707 5814/5215/707 5815/5214/2111
f 5814/5215/707 5817/5216/707 5818/5217/2112
f 5819/5218/2112 5818/5217/2112 5817/5216/707
f 5822/5219/573 5821/5220/573 5820/5221/573
f 5823/5222/573 5820/5221/573 5821/5220/573
f 5826/5223/2113 5825/5206/707 5824/5208/2113
f 5824/5208/2113 5827/5224/2114 5826/5223/2113
f 5828/5225/2115 5826/5223/2113 5827/5224/2114
f 5831/5226/640 5830/5227/640 5829/5228/640
f 5832/5229/640 5829/5228/640 5830/5227/640
f 5835/5230/640 5834/5231/640 5833/5232/640
f 5836/5233/640 5833/5232/640 5834/5231/640
f 5839/5234/573 5838/5235/573 5837/5236/573
f 5840/5237/573 5837/5236/573 5838/5235/573
f 5843/5238/640 5842/5239/640 5841/5240/640
f 5844/5241/640 5841/5240/640 5842/5239/640
f 5847/5242/707 5846/5243/707 5845/5244/707
f 5848/5245/707 5845/5244/707 5846/5243/707
f 5851/5246/671 5850/5247/671 5849/5248/671
f 5852/5249/671 5849/5248/671 5850/5247/671
f 5855/5250/671 5854/5251/671 5853/5252/671
f 5854/5251/671 5856/5253/671 5853/5252/671
f 5856/5253/671 5857/5254/671 5853/5252/671
f 5858/5255/671 5856/5253/671 5854/5251/671
f 5859/5256/671 5856/5253/671 5858/5255/671
f 5860/5257/671 5856/5253/671 5859/5256/671
f 5861/5258/671 5856/5253/671 5860/5257/671
f 5862/5259/671 5857/5254/671 5856/5253/671
f 5863/5260/671 5862/5259/671 5856/5253/671
f 5864/5261/671 5862/5259/671 5863/5260/671
f 5865/5262/671 5862/5259/671 5864/5261/671
f 5866/5263/671 5864/5261/671 5863/5260/671
f 5867/5264/671 5866/5263/671 5863/5260/671
f 5868/5265/671 5866/5263/671 5867/5264/671
f 5871/5266/1966 5870/5267/1967 5869/5268/1966
f 5872/5269/1967 5869/5268/1966 5870/5267/1967
f 5870/5267/1967 5873/5270/640 5872/5269/1967
f 5874/5271/640 5872/5269/1967 5873/5270/640
f 5873/5270/640 5875/5272/1968 5874/5271/640
f 5876/5273/1065 5874/5271/640 5875/5272/1968
f 5875/5272/1968 5877/5274/1970 5876/5273/1065
f 5880/5266/1966 5879/5268/1966 5878/5275/1971
f 5881/5276/1971 5878/5275/1971 5879/5268/1966
f 5881/5276/1971 5882/5277/1972 5878/5275/1971
f 5883/5278/680 5878/5275/1971 5882/5277/1972
f 5886/5279/1974 5885/5280/1973 5884/5281/1974
f 5887/5282/1973 5884/5281/1974 5885/5280/1973
f 5885/5280/1973 5888/5283/1975 5887/5282/1973
f 5889/5284/2116 5887/5282/1973 5888/5283/1975
f 5892/5284/1975 5891/5283/1975 5890/5285/1976
f 5893/5286/1976 5890/5285/1976 5891/5283/1975
f 5893/5286/1976 5894/5287/573 5890/5285/1976
f 5895/5288/573 5890/5285/1976 5894/5287/573
f 5895/5288/573 5894/5287/573 5896/5289/1977
f 5897/5290/1977 5896/5289/1977 5894/5287/573
f 5897/5290/1977 5898/5291/1978 5896/5289/1977
f 5899/5292/1978 5896/5289/1977 5898/5291/1978
f 5899/5292/1978 5898/5291/1978 5900/5293/1084
f 5901/5294/1084 5900/5293/1084 5898/5291/1978
f 5904/5294/2117 5903/5295/673 5902/5293/1084
f 5905/5296/673 5902/5293/1084 5903/5295/673
f 5905/5296/673 5903/5295/673 5906/5297/2118
f 5907/5298/1980 5906/5297/2118 5903/5295/673
f 5907/5298/1980 5908/5299/1970 5906/5297/2118
f 5909/5274/1970 5906/5297/2118 5908/5299/1970
f 5908/5299/1970 5910/5273/1054 5909/5274/1970
f 5913/5300/707 5912/5301/707 5911/5302/707
f 5912/5301/707 5914/5303/707 5911/5302/707
f 5914/5303/707 5915/5304/707 5911/5302/707
f 5915/5304/707 5916/5305/707 5911/5302/707
f 5917/5306/707 5915/5304/707 5914/5303/707
f 5918/5307/707 5915/5304/707 5917/5306/707
f 5919/5308/707 5915/5304/707 5918/5307/707
f 5920/5309/707 5915/5304/707 5919/5308/707
f 5921/5310/707 5918/5307/707 5917/5306/707
f 5922/5311/707 5921/5310/707 5917/5306/707
f 5923/5312/707 5922/5311/707 5917/5306/707
f 5924/5313/707 5922/5311/707 5923/5312/707
f 5925/5314/707 5921/5310/707 5922/5311/707
f 5926/5315/707 5925/5314/707 5922/5311/707
f 5929/5316/2119 5928/5317/2120 5927/5318/2121
f 5928/5317/2120 5930/5319/2122 5927/5318/2121
f 5930/5319/2122 5931/5320/2123 5927/5318/2121
f 5932/5321/2124 5930/5319/2122 5928/5317/2120
f 5933/5322/2125 5930/5319/2122 5932/5321/2124
f 5934/5323/2126 5930/5319/2122 5933/5322/2125
f 5935/5324/2127 5930/5319/2122 5934/5323/2126
f 5936/5325/2128 5931/5320/2123 5930/5319/2122
f 5937/5326/2129 5936/5325/2128 5930/5319/2122
f 5938/5327/2130 5936/5325/2128 5937/5326/2129
f 5939/5328/2131 5936/5325/2128 5938/5327/2130
f 5940/5329/2132 5938/5327/2130 5937/5326/2129
f 5941/5330/2133 5940/5329/2132 5937/5326/2129
f 5942/5331/2134 5940/5329/2132 5941/5330/2133
f 5945/5332/1966 5944/5333/1967 5943/5334/2133
f 5946/5335/2134 5943/5334/2133 5944/5333/1967
f 5944/5333/1967 5947/5336/640 5946/5335/2134
f 5948/5337/2135 5946/5335/2134 5947/5336/640
f 5947/5336/640 5949/5338/1968 5948/5337/2135
f 5950/5339/2136 5948/5337/2135 5949/5338/1968
f 5949/5338/1968 5951/5340/1970 5950/5339/2136
f 5954/5332/1966 5953/5334/2133 5952/5341/1971
f 5955/5342/2137 5952/5341/1971 5953/5334/2133
f 5955/5342/2137 5956/5343/2138 5952/5341/1971
f 5957/5344/1972 5952/5341/1971 5956/5343/2138
f 5960/5345/2138 5959/5346/2127 5958/5347/1974
f 5961/5348/1973 5958/5347/1974 5959/5346/2127
f 5959/5346/2127 5962/5349/2139 5961/5348/1973
f 5963/5350/1975 5961/5348/1973 5962/5349/2139
f 5966/5350/1975 5965/5349/2139 5964/5351/2140
f 5967/5352/2141 5964/5351/2140 5965/5349/2139
f 5967/5352/2141 5968/5353/2142 5964/5351/2140
f 5969/5354/573 5964/5351/2140 5968/5353/2142
f 5969/5354/573 5968/5353/2142 5970/5355/2101
f 5971/5317/2120 5970/5355/2101 5968/5353/2142
f 5971/5317/2120 5972/5316/2143 5970/5355/2101
f 5973/5356/1978 5970/5355/2101 5972/5316/2143
f 5973/5356/1978 5972/5316/2143 5974/5357/1979
f 5975/5358/2144 5974/5357/1979 5972/5316/2143
f 5978/5358/2121 5977/5359/2145 5976/5357/1979
f 5979/5360/673 5976/5357/1979 5977/5359/2145
f 5979/5360/673 5977/5359/2145 5980/5361/1980
f 5981/5362/2128 5980/5361/1980 5977/5359/2145
f 5981/5362/2128 5982/5363/2146 5980/5361/1980
f 5983/5340/1970 5980/5361/1980 5982/5363/2146
f 5982/5363/2146 5984/5339/2136 5983/5340/1970
f 5987/5364/707 5986/5365/707 5985/5366/707
f 5986/5365/707 5988/5367/707 5985/5366/707
f 5988/5367/707 5989/5368/707 5985/5366/707
f 5989/5368/707 5990/5369/707 5985/5366/707
f 5991/5370/707 5989/5368/707 5988/5367/707
f 5992/5371/707 5989/5368/707 5991/5370/707
f 5993/5372/707 5989/5368/707 5992/5371/707
f 5994/5373/707 5989/5368/707 5993/5372/707
f 5995/5374/707 5992/5371/707 5991/5370/707
f 5996/5375/707 5995/5374/707 5991/5370/707
f 5997/5376/707 5996/5375/707 5991/5370/707
f 5998/5377/707 5996/5375/707 5997/5376/707
f 5999/5378/707 5995/5374/707 5996/5375/707
f 6000/5379/707 5999/5378/707 5996/5375/707
f 6003/5380/671 6002/5381/671 6001/5382/671
f 6002/5381/671 6004/5383/671 6001/5382/671
f 6004/5383/671 6005/5384/671 6001/5382/671
f 6006/5385/671 6004/5383/671 6002/5381/671
f 6007/5386/671 6004/5383/671 6006/5385/671
f 6008/5387/671 6004/5383/671 6007/5386/671
f 6009/5388/671 6004/5383/671 6008/5387/671
f 6010/5389/671 6005/5384/671 6004/5383/671
f 6011/5390/671 6010/5389/671 6004/5383/671
f 6012/5391/671 6010/5389/671 6011/5390/671
f 6013/5392/671 6010/5389/671 6012/5391/671
f 6014/5393/671 6012/5391/671 6011/5390/671
f 6015/5394/671 6014/5393/671 6011/5390/671
f 6016/5395/671 6014/5393/671 6015/5394/671
f 6019/5396/1966 6018/5397/1967 6017/5398/1966
f 6020/5399/1967 6017/5398/1966 6018/5397/1967
f 6018/5397/1967 6021/5400/640 6020/5399/1967
f 6022/5401/640 6020/5399/1967 6021/5400/640
f 6021/5400/640 6023/5402/1968 6022/5401/640
f 6024/5403/1968 6022/5401/640 6023/5402/1968
f 6023/5402/1968 6025/5404/2097 6024/5403/1968
f 6026/5405/2097 6024/5403/1968 6025/5404/2097
f 6029/5396/1966 6028/5398/2094 6027/5406/1971
f 6030/5407/1971 6027/5406/1971 6028/5398/2094
f 6030/5407/1971 6031/5408/1972 6027/5406/1971
f 6032/5409/1972 6027/5406/1971 6031/5408/1972
f 6035/5410/2147 6034/5411/1973 6033/5412/1974
f 6036/5413/1973 6033/5412/1974 6034/5411/1973
f 6034/5411/1973 6037/5414/2148 6036/5413/1973
f 6038/5415/1975 6036/5413/1973 6037/5414/2148
f 6041/5415/1975 6040/5414/1975 6039/5416/1976
f 6042/5417/1976 6039/5416/1976 6040/5414/1975
f 6042/5417/1976 6043/5418/573 6039/5416/1976
f 6044/5419/573 6039/5416/1976 6043/5418/573
f 6044/5419/573 6043/5418/573 6045/5420/1977
f 6046/5421/1977 6045/5420/1977 6043/5418/573
f 6046/5421/1977 6047/5422/1978 6045/5420/1977
f 6048/5423/1978 6045/5420/1977 6047/5422/1978
f 6048/5423/1978 6047/5422/1978 6049/5424/1979
f 6052/5425/1982 6051/5424/1979 6050/5422/1978
f 6052/5425/1982 6053/5426/673 6051/5424/1979
f 6054/5427/673 6051/5424/1979 6053/5426/673
f 6054/5427/673 6053/5426/673 6055/5428/1980
f 6056/5429/1980 6055/5428/1980 6053/5426/673
f 6056/5429/1980 6057/5405/1970 6055/5428/1980
f 6058/5404/1970 6055/5428/1980 6057/5405/1970
f 6061/5430/707 6060/5431/707 6059/5432/707
f 6060/5431/707 6062/5433/707 6059/5432/707
f 6062/5433/707 6063/5434/707 6059/5432/707
f 6063/5434/707 6064/5435/707 6059/5432/707
f 6065/5436/707 6063/5434/707 6062/5433/707
f 6066/5437/707 6063/5434/707 6065/5436/707
f 6067/5438/707 6063/5434/707 6066/5437/707
f 6068/5439/707 6063/5434/707 6067/5438/707
f 6069/5440/707 6066/5437/707 6065/5436/707
f 6070/5441/707 6069/5440/707 6065/5436/707
f 6071/5442/707 6070/5441/707 6065/5436/707
f 6072/5443/707 6070/5441/707 6071/5442/707
f 6073/5444/707 6069/5440/707 6070/5441/707
f 6074/5445/707 6073/5444/707 6070/5441/707
f 6077/5446/671 6076/5447/671 6075/5448/671
f 6076/5447/671 6078/5449/671 6075/5448/671
f 6078/5449/671 6079/5450/671 6075/5448/671
f 6080/5451/671 6078/5449/671 6076/5447/671
f 6081/5452/671 6078/5449/671 6080/5451/671
f 6082/5453/671 6078/5449/671 6081/5452/671
f 6083/5454/671 6078/5449/671 6082/5453/671
f 6084/5455/671 6079/5450/671 6078/5449/671
f 6085/5456/671 6084/5455/671 6078/5449/671
f 6086/5457/671 6084/5455/671 6085/5456/671
f 6087/5458/671 6084/5455/671 6086/5457/671
f 6088/5459/671 6086/5457/671 6085/5456/671
f 6089/5460/671 6088/5459/671 6085/5456/671
f 6090/5461/996 6088/5459/671 6089/5460/671
f 6093/5462/1966 6092/5463/2149 6091/5464/1966
f 6094/5465/2149 6091/5464/1966 6092/5463/2149
f 6092/5463/2149 6095/5466/640 6094/5465/2149
f 6096/5467/640 6094/5465/2149 6095/5466/640
f 6095/5466/640 6097/5468/1969 6096/5467/640
f 6098/5469/1969 6096/5467/640 6097/5468/1969
f 6097/5468/1969 6099/5470/1970 6098/5469/1969
f 6100/5471/1970 6098/5469/1969 6099/5470/1970
f 6103/5462/2094 6102/5464/1966 6101/5472/1971
f 6104/5473/1971 6101/5472/1971 6102/5464/1966
f 6104/5473/1971 6105/5474/680 6101/5472/1971
f 6106/5475/680 6101/5472/1971 6105/5474/680
f 6109/5476/680 6108/5477/1973 6107/5478/680
f 6110/5479/1973 6107/5478/680 6108/5477/1973
f 6108/5477/1973 6111/5480/1975 6110/5479/1973
f 6112/5481/2148 6110/5479/1973 6111/5480/1975
f 6115/5481/1975 6114/5480/1975 6113/5482/2150
f 6116/5483/1976 6113/5482/2150 6114/5480/1975
f 6116/5483/1976 6117/5484/573 6113/5482/2150
f 6118/5485/573 6113/5482/2150 6117/5484/573
f 6118/5485/573 6117/5484/573 6119/5486/1977
f 6120/5487/1977 6119/5486/1977 6117/5484/573
f 6120/5487/1977 6121/5488/1978 6119/5486/1977
f 6122/5489/1978 6119/5486/1977 6121/5488/1978
f 6122/5489/1978 6121/5488/1978 6123/5490/1979
f 6126/5491/1982 6125/5490/1979 6124/5488/1978
f 6126/5491/1982 6127/5492/673 6125/5490/1979
f 6128/5493/673 6125/5490/1979 6127/5492/673
f 6128/5493/673 6127/5492/673 6129/5494/1980
f 6130/5495/1980 6129/5494/1980 6127/5492/673
f 6130/5495/1980 6131/5471/1970 6129/5494/1980
f 6132/5470/1970 6129/5494/1980 6131/5471/1970
f 6135/5496/707 6134/5497/707 6133/5498/707
f 6134/5497/707 6136/5499/707 6133/5498/707
f 6136/5499/707 6137/5500/707 6133/5498/707
f 6137/5500/707 6138/5501/707 6133/5498/707
f 6139/5502/707 6137/5500/707 6136/5499/707
f 6140/5503/707 6137/5500/707 6139/5502/707
f 6141/5504/707 6137/5500/707 6140/5503/707
f 6142/5505/707 6137/5500/707 6141/5504/707
f 6143/5506/707 6140/5503/707 6139/5502/707
f 6144/5507/707 6143/5506/707 6139/5502/707
f 6145/5508/707 6144/5507/707 6139/5502/707
f 6146/5509/707 6144/5507/707 6145/5508/707
f 6147/5510/707 6143/5506/707 6144/5507/707
f 6148/5511/707 6147/5510/707 6144/5507/707
f 6151/5512/671 6150/5513/671 6149/5514/671
f 6150/5513/671 6152/5515/671 6149/5514/671
f 6152/5515/671 6153/5516/671 6149/5514/671
f 6154/5517/671 6152/5515/671 6150/5513/671
f 6155/5518/671 6152/5515/671 6154/5517/671
f 6156/5519/671 6152/5515/671 6155/5518/671
f 6157/5520/671 6152/5515/671 6156/5519/671
f 6158/5521/671 6153/5516/671 6152/5515/671
f 6159/5522/671 6158/5521/671 6152/5515/671
f 6160/5523/671 6158/5521/671 6159/5522/671
f 6161/5524/671 6158/5521/671 6160/5523/671
f 6162/5525/671 6160/5523/671 6159/5522/671
f 6163/5526/671 6162/5525/671 6159/5522/671
f 6164/5527/671 6162/5525/671 6163/5526/671
f 6167/5528/1966 6166/5529/1967 6165/5530/1966
f 6168/5531/1967 6165/5530/1966 6166/5529/1967
f 6166/5529/1967 6169/5532/640 6168/5531/1967
f 6170/5533/640 6168/5531/1967 6169/5532/640
f 6169/5532/640 6171/5534/1968 6170/5533/640
f 6172/5535/1969 6170/5533/640 6171/5534/1968
f 6171/5534/1968 6173/5536/1970 6172/5535/1969
f 6176/5528/1966 6175/5530/1966 6174/5537/2095
f 6177/5538/2095 6174/5537/2095 6175/5530/1966
f 6177/5538/2095 6178/5539/1972 6174/5537/2095
f 6179/5540/1972 6174/5537/2095 6178/5539/1972
f 6182/5541/1974 6181/5542/1973 6180/5543/1974
f 6183/5544/1973 6180/5543/1974 6181/5542/1973
f 6181/5542/1973 6184/5545/1975 6183/5544/1973
f 6185/5546/1975 6183/5544/1973 6184/5545/1975
f 6188/5546/2100 6187/5545/1975 6186/5547/1976
f 6189/5548/1976 6186/5547/1976 6187/5545/1975
f 6189/5548/1976 6190/5549/573 6186/5547/1976
f 6191/5550/573 6186/5547/1976 6190/5549/573
f 6191/5550/573 6190/5549/573 6192/5551/1977
f 6193/5552/1977 6192/5551/1977 6190/5549/573
f 6193/5552/1977 6194/5553/1978 6192/5551/1977
f 6195/5554/1978 6192/5551/1977 6194/5553/1978
f 6195/5554/1978 6194/5553/1978 6196/5555/2151
f 6197/5556/2091 6196/5555/2151 6194/5553/1978
f 6200/5556/2117 6199/5557/673 6198/5555/2117
f 6201/5558/673 6198/5555/2117 6199/5557/673
f 6201/5558/673 6199/5557/673 6202/5559/1980
f 6203/5560/1980 6202/5559/1980 6199/5557/673
f 6203/5560/1980 6204/5561/1970 6202/5559/1980
f 6205/5536/1970 6202/5559/1980 6204/5561/1970
f 6204/5561/1970 6206/5535/1969 6205/5536/1970
f 6209/5562/707 6208/5563/707 6207/5564/707
f 6208/5563/707 6210/5565/707 6207/5564/707
f 6210/5565/707 6211/5566/707 6207/5564/707
f 6211/5566/707 6212/5567/707 6207/5564/707
f 6213/5568/707 6211/5566/707 6210/5565/707
f 6214/5569/707 6211/5566/707 6213/5568/707
f 6215/5570/707 6211/5566/707 6214/5569/707
f 6216/5571/1985 6211/5566/707 6215/5570/707
f 6217/5572/707 6214/5569/707 6213/5568/707
f 6218/5573/707 6217/5572/707 6213/5568/707
f 6219/5574/707 6218/5573/707 6213/5568/707
f 6220/5575/707 6218/5573/707 6219/5574/707
f 6221/5576/707 6217/5572/707 6218/5573/707
f 6222/5577/707 6221/5576/707 6218/5573/707
f 6225/5578/671 6224/5579/671 6223/5580/671
f 6224/5579/671 6226/5581/671 6223/5580/671
f 6226/5581/671 6227/5582/671 6223/5580/671
f 6228/5583/671 6226/5581/671 6224/5579/671
f 6229/5584/671 6226/5581/671 6228/5583/671
f 6230/5585/671 6226/5581/671 6229/5584/671
f 6231/5586/671 6226/5581/671 6230/5585/671
f 6232/5587/671 6227/5582/671 6226/5581/671
f 6233/5588/671 6232/5587/671 6226/5581/671
f 6234/5589/671 6232/5587/671 6233/5588/671
f 6235/5590/671 6232/5587/671 6234/5589/671
f 6236/5591/671 6234/5589/671 6233/5588/671
f 6237/5592/671 6236/5591/671 6233/5588/671
f 6238/5593/671 6236/5591/671 6237/5592/671
f 6241/5594/1966 6240/5595/1967 6239/5596/1966
f 6242/5597/1967 6239/5596/1966 6240/5595/1967
f 6240/5595/1967 6243/5598/640 6242/5597/1967
f 6244/5599/640 6242/5597/1967 6243/5598/640
f 6243/5598/640 6245/5600/1968 6244/5599/640
f 6246/5601/1968 6244/5599/640 6245/5600/1968
f 6245/5600/1968 6247/5602/1970 6246/5601/1968
f 6248/5603/1970 6246/5601/1968 6247/5602/1970
f 6251/5594/1966 6250/5596/1966 6249/5604/1971
f 6252/5605/1971 6249/5604/1971 6250/5596/1966
f 6252/5605/1971 6253/5606/680 6249/5604/1971
f 6254/5607/680 6249/5604/1971 6253/5606/680
f 6257/5608/680 6256/5609/1973 6255/5610/680
f 6258/5611/1973 6255/5610/680 6256/5609/1973
f 6256/5609/1973 6259/5612/1975 6258/5611/1973
f 6260/5613/1975 6258/5611/1973 6259/5612/1975
f 6263/5613/1975 6262/5612/1975 6261/5614/1976
f 6264/5615/1976 6261/5614/1976 6262/5612/1975
f 6264/5615/1976 6265/5616/573 6261/5614/1976
f 6266/5617/573 6261/5614/1976 6265/5616/573
f 6266/5617/573 6265/5616/573 6267/5618/1977
f 6268/5619/1977 6267/5618/1977 6265/5616/573
f 6268/5619/1977 6269/5620/1978 6267/5618/1977
f 6270/5621/1978 6267/5618/1977 6269/5620/1978
f 6270/5621/1978 6269/5620/1978 6271/5622/1982
f 6274/5623/1982 6273/5622/1979 6272/5620/1978
f 6274/5623/1982 6275/5624/673 6273/5622/1979
f 6276/5625/673 6273/5622/1979 6275/5624/673
f 6276/5625/673 6275/5624/673 6277/5626/1980
f 6278/5627/1980 6277/5626/1980 6275/5624/673
f 6278/5627/1980 6279/5603/1970 6277/5626/1980
f 6280/5602/1970 6277/5626/1980 6279/5603/1970
f 6283/5628/707 6282/5629/707 6281/5630/707
f 6282/5629/707 6284/5631/707 6281/5630/707
f 6284/5631/707 6285/5632/707 6281/5630/707
f 6285/5632/707 6286/5633/707 6281/5630/707
f 6287/5634/707 6285/5632/707 6284/5631/707
f 6288/5635/707 6285/5632/707 6287/5634/707
f 6289/5636/707 6285/5632/707 6288/5635/707
f 6290/5637/707 6285/5632/707 6289/5636/707
f 6291/5638/707 6288/5635/707 6287/5634/707
f 6292/5639/707 6291/5638/707 6287/5634/707
f 6293/5640/707 6292/5639/707 6287/5634/707
f 6294/5641/707 6292/5639/707 6293/5640/707
f 6295/5642/707 6291/5638/707 6292/5639/707
f 6296/5643/707 6295/5642/707 6292/5639/707
f 6299/5644/671 6298/5645/671 6297/5646/671
f 6298/5645/671 6300/5647/671 6297/5646/671
f 6300/5647/671 6301/5648/671 6297/5646/671
f 6302/5649/671 6300/5647/671 6298/5645/671
f 6303/5650/671 6300/5647/671 6302/5649/671
f 6304/5651/671 6300/5647/671 6303/5650/671
f 6305/5652/671 6300/5647/671 6304/5651/671
f 6306/5653/671 6301/5648/671 6300/5647/671
f 6307/5654/671 6306/5653/671 6300/5647/671
f 6308/5655/671 6306/5653/671 6307/5654/671
f 6309/5656/671 6306/5653/671 6308/5655/671
f 6310/5657/671 6308/5655/671 6307/5654/671
f 6311/5658/671 6310/5657/671 6307/5654/671
f 6312/5659/671 6310/5657/671 6311/5658/671
f 6315/5660/1966 6314/5661/1967 6313/5662/1966
f 6316/5663/1967 6313/5662/1966 6314/5661/1967
f 6314/5661/1967 6317/5664/640 6316/5663/1967
f 6318/5665/640 6316/5663/1967 6317/5664/640
f 6317/5664/640 6319/5666/1968 6318/5665/640
f 6320/5667/1969 6318/5665/640 6319/5666/1968
f 6319/5666/1968 6321/5668/1970 6320/5667/1969
f 6324/5660/1966 6323/5662/1986 6322/5669/1971
f 6325/5670/1971 6322/5669/1971 6323/5662/1986
f 6325/5670/1971 6326/5671/680 6322/5669/1971
f 6327/5672/680 6322/5669/1971 6326/5671/680
f 6330/5673/680 6329/5674/1973 6328/5675/680
f 6331/5676/1973 6328/5675/680 6329/5674/1973
f 6329/5674/1973 6332/5677/1975 6331/5676/1973
f 6333/5678/2116 6331/5676/1973 6332/5677/1975
f 6336/5678/1975 6335/5677/1975 6334/5679/1976
f 6337/5680/1976 6334/5679/1976 6335/5677/1975
f 6337/5680/1976 6338/5681/573 6334/5679/1976
f 6339/5682/573 6334/5679/1976 6338/5681/573
f 6339/5682/573 6338/5681/573 6340/5683/1977
f 6341/5684/1977 6340/5683/1977 6338/5681/573
f 6341/5684/1977 6342/5685/1978 6340/5683/1977
f 6343/5686/1978 6340/5683/1977 6342/5685/1978
f 6343/5686/1978 6342/5685/1978 6344/5687/1979
f 6345/5688/1979 6344/5687/1979 6342/5685/1978
f 6348/5688/1979 6347/5689/673 6346/5687/1979
f 6349/5690/673 6346/5687/1979 6347/5689/673
f 6349/5690/673 6347/5689/673 6350/5691/1980
f 6351/5692/1980 6350/5691/1980 6347/5689/673
f 6351/5692/1980 6352/5693/1970 6350/5691/1980
f 6353/5668/1970 6350/5691/1980 6352/5693/1970
f 6352/5693/1970 6354/5667/1969 6353/5668/1970
f 6357/5694/707 6356/5695/707 6355/5696/707
f 6356/5695/707 6358/5697/707 6355/5696/707
f 6358/5697/707 6359/5698/707 6355/5696/707
f 6359/5698/707 6360/5699/707 6355/5696/707
f 6361/5700/707 6359/5698/707 6358/5697/707
f 6362/5701/707 6359/5698/707 6361/5700/707
f 6363/5702/707 6359/5698/707 6362/5701/707
f 6364/5703/707 6359/5698/707 6363/5702/707
f 6365/5704/707 6362/5701/707 6361/5700/707
f 6366/5705/707 6365/5704/707 6361/5700/707
f 6367/5706/707 6366/5705/707 6361/5700/707
f 6368/5707/707 6366/5705/707 6367/5706/707
f 6369/5708/707 6365/5704/707 6366/5705/707
f 6370/5709/707 6369/5708/707 6366/5705/707
f 6373/5710/671 6372/5711/671 6371/5712/671
f 6372/5711/671 6374/5713/671 6371/5712/671
f 6374/5713/671 6375/5714/671 6371/5712/671
f 6376/5715/671 6374/5713/671 6372/5711/671
f 6377/5716/671 6374/5713/671 6376/5715/671
f 6378/5717/671 6374/5713/671 6377/5716/671
f 6379/5718/671 6374/5713/671 6378/5717/671
f 6380/5719/671 6375/5714/671 6374/5713/671
f 6381/5720/671 6380/5719/671 6374/5713/671
f 6382/5721/671 6380/5719/671 6381/5720/671
f 6383/5722/671 6380/5719/671 6382/5721/671
f 6384/5723/671 6382/5721/671 6381/5720/671
f 6385/5724/671 6384/5723/671 6381/5720/671
f 6386/5725/997 6384/5723/671 6385/5724/671
f 6389/5726/1966 6388/5727/1967 6387/5728/1966
f 6390/5729/1967 6387/5728/1966 6388/5727/1967
f 6388/5727/1967 6391/5730/640 6390/5729/1967
f 6392/5731/640 6390/5729/1967 6391/5730/640
f 6391/5730/640 6393/5732/1968 6392/5731/640
f 6394/5733/1969 6392/5731/640 6393/5732/1968
f 6393/5732/1968 6395/5734/1970 6394/5733/1969
f 6398/5726/2094 6397/5728/1966 6396/5735/1971
f 6399/5736/1971 6396/5735/1971 6397/5728/1966
f 6399/5736/1971 6400/5737/680 6396/5735/1971
f 6401/5738/680 6396/5735/1971 6400/5737/680
f 6404/5739/680 6403/5740/1973 6402/5741/680
f 6405/5742/1973 6402/5741/680 6403/5740/1973
f 6403/5740/1973 6406/5743/1975 6405/5742/1973
f 6407/5744/2148 6405/5742/1973 6406/5743/1975
f 6410/5744/1975 6409/5743/1975 6408/5745/1976
f 6411/5746/1976 6408/5745/1976 6409/5743/1975
f 6411/5746/1976 6412/5747/573 6408/5745/1976
f 6413/5748/573 6408/5745/1976 6412/5747/573
f 6413/5748/573 6412/5747/573 6414/5749/1977
f 6415/5750/1977 6414/5749/1977 6412/5747/573
f 6415/5750/1977 6416/5751/1978 6414/5749/1977
f 6417/5752/1978 6414/5749/1977 6416/5751/1978
f 6417/5752/1978 6416/5751/1978 6418/5753/1979
f 6419/5754/1979 6418/5753/1979 6416/5751/1978
f 6422/5754/1979 6421/5755/673 6420/5753/1979
f 6423/5756/673 6420/5753/1979 6421/5755/673
f 6423/5756/673 6421/5755/673 6424/5757/1980
f 6425/5758/1980 6424/5757/1980 6421/5755/673
f 6425/5758/1980 6426/5759/1970 6424/5757/1980
f 6427/5734/1970 6424/5757/1980 6426/5759/1970
f 6426/5759/1970 6428/5733/1969 6427/5734/1970
f 6431/5760/707 6430/5761/707 6429/5762/707
f 6430/5761/707 6432/5763/707 6429/5762/707
f 6432/5763/707 6433/5764/707 6429/5762/707
f 6433/5764/707 6434/5765/707 6429/5762/707
f 6435/5766/707 6433/5764/707 6432/5763/707
f 6436/5767/707 6433/5764/707 6435/5766/707
f 6437/5768/707 6433/5764/707 6436/5767/707
f 6438/5769/707 6433/5764/707 6437/5768/707
f 6439/5770/707 6436/5767/707 6435/5766/707
f 6440/5771/707 6439/5770/707 6435/5766/707
f 6441/5772/707 6440/5771/707 6435/5766/707
f 6442/5773/707 6440/5771/707 6441/5772/707
f 6443/5774/707 6439/5770/707 6440/5771/707
f 6444/5775/707 6443/5774/707 6440/5771/707
f 6447/5776/671 6446/5777/671 6445/5778/671
f 6446/5777/671 6448/5779/671 6445/5778/671
f 6448/5779/671 6449/5780/671 6445/5778/671
f 6450/5781/671 6448/5779/671 6446/5777/671
f 6451/5782/671 6448/5779/671 6450/5781/671
f 6452/5783/671 6448/5779/671 6451/5782/671
f 6453/5784/671 6448/5779/671 6452/5783/671
f 6454/5785/671 6449/5780/671 6448/5779/671
f 6455/5786/671 6454/5785/671 6448/5779/671
f 6456/5787/671 6454/5785/671 6455/5786/671
f 6457/5788/671 6454/5785/671 6456/5787/671
f 6458/5789/671 6456/5787/671 6455/5786/671
f 6459/5790/671 6458/5789/671 6455/5786/671
f 6460/5791/671 6458/5789/671 6459/5790/671
f 6463/5792/1966 6462/5793/1967 6461/5794/1966
f 6464/5795/1967 6461/5794/1966 6462/5793/1967
f 6462/5793/1967 6465/5796/640 6464/5795/1967
f 6466/5797/640 6464/5795/1967 6465/5796/640
f 6465/5796/640 6467/5798/1968 6466/5797/640
f 6468/5799/1969 6466/5797/640 6467/5798/1968
f 6467/5798/1968 6469/5800/1970 6468/5799/1969
f 6472/5792/1966 6471/5794/1966 6470/5801/1971
f 6473/5802/1971 6470/5801/1971 6471/5794/1966
f 6473/5802/1971 6474/5803/680 6470/5801/1971
f 6475/5804/680 6470/5801/1971 6474/5803/680
f 6478/5805/1974 6477/5806/1973 6476/5807/1974
f 6479/5808/1973 6476/5807/1974 6477/5806/1973
f 6477/5806/1973 6480/5809/1975 6479/5808/1973
f 6481/5810/1975 6479/5808/1973 6480/5809/1975
f 6484/5810/1975 6483/5809/1975 6482/5811/1976
f 6485/5812/1976 6482/5811/1976 6483/5809/1975
f 6485/5812/1976 6486/5813/573 6482/5811/1976
f 6487/5814/573 6482/5811/1976 6486/5813/573
f 6487/5814/573 6486/5813/573 6488/5815/1977
f 6489/5816/1977 6488/5815/1977 6486/5813/573
f 6489/5816/1977 6490/5817/1978 6488/5815/1977
f 6491/5818/1978 6488/5815/1977 6490/5817/1978
f 6491/5818/1978 6490/5817/1978 6492/5819/2152
f 6493/5820/1979 6492/5819/2152 6490/5817/1978
f 6496/5820/1979 6495/5821/673 6494/5819/1979
f 6497/5822/673 6494/5819/1979 6495/5821/673
f 6497/5822/673 6495/5821/673 6498/5823/1980
f 6499/5824/1980 6498/5823/1980 6495/5821/673
f 6499/5824/1980 6500/5825/1970 6498/5823/1980
f 6501/5800/1970 6498/5823/1980 6500/5825/1970
f 6500/5825/1970 6502/5799/1969 6501/5800/1970
f 6505/5826/707 6504/5827/707 6503/5828/707
f 6504/5827/707 6506/5829/707 6503/5828/707
f 6506/5829/707 6507/5830/707 6503/5828/707
f 6507/5830/707 6508/5831/707 6503/5828/707
f 6509/5832/707 6507/5830/707 6506/5829/707
f 6510/5833/707 6507/5830/707 6509/5832/707
f 6511/5834/707 6507/5830/707 6510/5833/707
f 6512/5835/707 6507/5830/707 6511/5834/707
f 6513/5836/707 6510/5833/707 6509/5832/707
f 6514/5837/707 6513/5836/707 6509/5832/707
f 6515/5838/707 6514/5837/707 6509/5832/707
f 6516/5839/707 6514/5837/707 6515/5838/707
f 6517/5840/707 6513/5836/707 6514/5837/707
f 6518/5841/707 6517/5840/707 6514/5837/707
f 6521/5842/1966 6520/5843/1967 6519/5844/1966
f 6522/5845/1967 6519/5844/1966 6520/5843/1967
f 6520/5843/1967 6523/5846/640 6522/5845/1967
f 6524/5847/640 6522/5845/1967 6523/5846/640
f 6524/5847/640 6523/5846/640 6525/5848/1968
f 6526/5849/1968 6525/5848/1968 6523/5846/640
f 6525/5848/1968 6526/5849/1968 6527/5850/1970
f 6528/5851/1970 6527/5850/1970 6526/5849/1968
f 6531/5844/1966 6530/5852/1971 6529/5842/1966
f 6532/5853/1971 6529/5842/1966 6530/5852/1971
f 6530/5852/1971 6533/5854/1972 6532/5853/1971
f 6534/5855/1972 6532/5853/1971 6533/5854/1972
f 6537/5851/1970 6536/5856/1980 6535/5850/1970
f 6538/5857/1980 6535/5850/1970 6536/5856/1980
f 6536/5856/1980 6539/5858/673 6538/5857/1980
f 6540/5859/673 6538/5857/1980 6539/5858/673
f 6539/5858/673 6541/5860/2107 6540/5859/673
f 6542/5861/2107 6540/5859/673 6541/5860/2107
f 6541/5860/2107 6543/5862/1978 6542/5861/2107
f 6544/5863/1978 6542/5861/2107 6543/5862/1978
f 6547/5864/1987 6546/5865/573 6545/5866/1987
f 6548/5867/573 6545/5866/1987 6546/5865/573
f 6545/5866/1987 6548/5867/573 6549/5868/1987
f 6548/5867/573 6546/5865/573 6550/5869/2153
f 6551/5870/2153 6550/5869/2153 6546/5865/573
f 6552/5871/1977 6551/5870/2153 6546/5865/573
f 6552/5871/1977 6553/5872/1978 6551/5870/2153
f 6554/5873/1978 6551/5870/2153 6553/5872/1978
f 6553/5872/1978 6555/5874/1982 6554/5873/1978
f 6556/5875/1982 6554/5873/1978 6555/5874/1982
f 6556/5875/1982 6555/5874/1982 6557/5876/2154
f 6558/5877/673 6557/5876/2154 6555/5874/1982
f 6550/5869/2153 6559/5878/2155 6548/5867/573
f 6550/5869/2153 6560/5879/1978 6559/5878/2155
f 6548/5867/573 6559/5878/2155 6561/5880/573
f 6561/5880/573 6549/5868/1987 6548/5867/573
f 6561/5880/573 6562/5881/573 6549/5868/1987
f 6563/5882/1976 6549/5868/1987 6562/5881/573
f 6549/5868/1987 6563/5882/1976 6564/5883/1975
f 6565/5884/1975 6564/5883/1975 6563/5882/1976
f 6566/5885/2153 6561/5880/573 6559/5878/2155
f 6563/5882/1976 6567/5886/1976 6565/5884/1975
f 6563/5882/1976 6562/5881/573 6567/5886/1976
f 6568/5887/1975 6565/5884/1975 6567/5886/1976
f 6568/5887/1975 6567/5886/1976 6569/5888/1975
f 6570/5889/1976 6569/5888/1975 6567/5886/1976
f 6567/5886/1976 6571/5890/573 6570/5889/1976
f 6571/5890/573 6567/5886/1976 6562/5881/573
f 6572/5891/573 6570/5889/1976 6571/5890/573
f 6572/5891/573 6571/5890/573 6573/5892/1977
f 6574/5893/2153 6573/5892/1977 6571/5890/573
f 6571/5890/573 6562/5881/573 6574/5893/2153
f 6573/5892/1977 6574/5893/2153 6575/5894/1978
f 6576/5895/2153 6574/5893/2153 6562/5881/573
f 6576/5895/2153 6562/5881/573 6577/5896/2153
f 6577/5896/2153 6562/5881/573 6578/5897/2153
f 6561/5880/573 6578/5897/2153 6562/5881/573
f 6578/5897/2153 6561/5880/573 6566/5885/2153
f 6578/5897/2153 6566/5885/2153 6579/5898/1978
f 6580/5899/1978 6579/5898/1978 6566/5885/2153
f 6580/5899/1978 6581/5900/2156 6579/5898/1978
f 6582/5901/2157 6579/5898/1978 6581/5900/2156
f 6581/5900/2156 6583/5902/2158 6582/5901/2157
f 6586/5903/1978 6585/5894/1978 6584/5893/2159
f 6585/5894/1978 6586/5903/1978 6587/5904/1982
f 6588/5905/1982 6587/5904/1982 6586/5903/1978
f 6588/5905/1982 6589/5906/673 6587/5904/1982
f 6590/5907/673 6587/5904/1982 6589/5906/673
f 6590/5907/673 6589/5906/673 6591/5908/2160
f 6592/5909/2160 6591/5908/2160 6589/5906/673
f 6595/5895/2159 6594/5896/2159 6593/5910/1978
f 6596/5911/1978 6593/5910/1978 6594/5896/2159
f 6593/5910/1978 6596/5911/1978 6597/5912/1982
f 6598/5913/1982 6597/5912/1982 6596/5911/1978
f 6597/5912/1982 6598/5913/1982 6599/5914/673
f 6600/5915/673 6599/5914/673 6598/5913/1982
f 6599/5914/673 6600/5915/673 6601/5916/2160
f 6602/5917/2160 6601/5916/2160 6600/5915/673
f 6605/5918/1978 6604/5878/2159 6603/5879/1978
f 6603/5879/1978 6606/5919/1982 6605/5918/1978
f 6607/5920/1982 6605/5918/1978 6606/5919/1982
f 6607/5920/1982 6606/5919/1982 6608/5921/673
f 6609/5922/673 6608/5921/673 6606/5919/1982
f 6609/5922/673 6610/5923/2161 6608/5921/673
f 6611/5924/2161 6608/5921/673 6610/5923/2161
f 6614/5925/673 6613/5901/2157 6612/5902/2158
f 6614/5925/673 6612/5902/2158 6615/5926/2162
f 6616/5927/2162 6615/5926/2162 6612/5902/2158
f 6616/5927/2162 6617/5928/1970 6615/5926/2162
f 6618/5929/1970 6615/5926/2162 6617/5928/1970
f 6621/5930/680 6620/5931/680 6619/5932/1973
f 6622/5933/2163 6619/5932/1973 6620/5931/680
f 6622/5933/2163 6620/5931/680 6623/5934/2164
f 6624/5935/680 6623/5934/2164 6620/5931/680
f 6624/5935/680 6625/5936/680 6623/5934/2164
f 6622/5933/2163 6626/5887/1975 6619/5932/1973
f 6622/5933/2163 6623/5934/2164 6626/5887/1975
f 6627/5888/1975 6619/5932/1973 6626/5887/1975
f 6628/5884/1975 6626/5887/1975 6623/5934/2164
f 6628/5884/1975 6623/5934/2164 6629/5883/1975
f 6630/5937/1973 6623/5934/2164 6625/5936/680
f 6630/5937/1973 6629/5883/1975 6623/5934/2164
f 6630/5937/1973 6625/5936/680 6631/5938/2163
f 6632/5939/680 6631/5938/2163 6625/5936/680
f 6629/5883/1975 6630/5937/1973 6633/5940/1975
f 6631/5938/2163 6633/5940/1975 6630/5937/1973
f 6629/5883/1975 6633/5940/1975 6634/5868/1987
f 6635/5866/1987 6634/5868/1987 6633/5940/1975
f 6635/5866/1987 6633/5940/1975 6636/5864/1987
f 6637/5941/1975 6636/5864/1987 6633/5940/1975
f 6633/5940/1975 6631/5938/2163 6637/5941/1975
f 6638/5942/1973 6637/5941/1975 6631/5938/2163
f 6631/5938/2163 6632/5939/680 6638/5942/1973
f 6639/5943/680 6638/5942/1973 6632/5939/680
f 6642/5944/707 6641/5945/707 6640/5946/707
f 6643/5947/707 6640/5946/707 6641/5945/707
f 6641/5945/707 6644/5948/707 6643/5947/707
f 6645/5949/707 6643/5947/707 6644/5948/707
f 6644/5948/707 6646/5950/707 6645/5949/707
f 6647/5951/707 6645/5949/707 6646/5950/707
f 6647/5951/707 6646/5950/707 6648/5952/707
f 6649/5953/707 6648/5952/707 6646/5950/707
f 6649/5953/707 6650/5954/707 6648/5952/707
f 6651/5955/707 6648/5952/707 6650/5954/707
f 6651/5955/707 6650/5954/707 6652/5956/707
f 6653/5957/707 6652/5956/707 6650/5954/707
f 6656/5958/671 6655/5959/671 6654/5960/671
f 6657/5961/671 6654/5960/671 6655/5959/671
f 6657/5961/671 6655/5959/671 6658/5962/671
f 6659/5963/671 6658/5962/671 6655/5959/671
f 6658/5962/671 6659/5963/671 6660/5964/671
f 6661/5965/671 6660/5964/671 6659/5963/671
f 6661/5965/671 6662/5966/671 6660/5964/671
f 6663/5967/671 6660/5964/671 6662/5966/671
f 6663/5967/671 6662/5966/671 6664/5968/671
f 6665/5969/671 6664/5968/671 6662/5966/671
f 6664/5968/671 6665/5969/671 6666/5970/671
f 6667/5971/671 6666/5970/671 6665/5969/671
f 6670/5972/707 6669/5973/707 6668/5974/707
f 6671/5975/707 6668/5974/707 6669/5973/707
f 6671/5975/707 6669/5973/707 6672/5976/707
f 6673/5977/707 6672/5976/707 6669/5973/707
f 6672/5976/707 6673/5977/707 6674/5978/707
f 6675/5979/707 6674/5978/707 6673/5977/707
f 6674/5978/707 6675/5979/707 6676/5980/707
f 6677/5981/707 6676/5980/707 6675/5979/707
f 6677/5981/707 6678/5982/707 6676/5980/707
f 6679/5983/707 6676/5980/707 6678/5982/707
f 6678/5982/707 6680/5984/707 6679/5983/707
f 6681/5985/707 6679/5983/707 6680/5984/707
f 6684/5986/671 6683/5987/671 6682/5988/671
f 6685/5989/671 6682/5988/671 6683/5987/671
f 6685/5989/671 6686/5990/671 6682/5988/671
f 6687/5991/671 6682/5988/671 6686/5990/671
f 6687/5991/671 6686/5990/671 6688/5992/671
f 6689/5993/671 6688/5992/671 6686/5990/671
f 6688/5992/671 6689/5993/671 6690/5994/671
f 6691/5995/671 6690/5994/671 6689/5993/671
f 6690/5994/671 6691/5995/671 6692/5996/671
f 6693/5997/671 6692/5996/671 6691/5995/671
f 6693/5997/671 6694/5998/671 6692/5996/671
f 6695/5999/671 6692/5996/671 6694/5998/671
f 6698/6000/707 6697/6001/707 6696/6002/707
f 6699/6003/707 6696/6002/707 6697/6001/707
f 6697/6001/707 6700/6004/707 6699/6003/707
f 6701/6005/707 6699/6003/707 6700/6004/707
f 6700/6004/707 6702/6006/707 6701/6005/707
f 6703/6007/707 6701/6005/707 6702/6006/707
f 6703/6007/707 6702/6006/707 6704/6008/707
f 6705/6009/707 6704/6008/707 6702/6006/707
f 6705/6009/707 6706/6010/707 6704/6008/707
f 6707/6011/707 6704/6008/707 6706/6010/707
f 6707/6011/707 6706/6010/707 6708/6012/707
f 6709/6013/707 6708/6012/707 6706/6010/707
f 6712/6014/671 6711/6015/671 6710/6016/671
f 6713/6017/671 6710/6016/671 6711/6015/671
f 6711/6015/671 6714/6018/671 6713/6017/671
f 6715/6019/671 6713/6017/671 6714/6018/671
f 6715/6019/671 6714/6018/671 6716/6020/671
f 6717/6021/671 6716/6020/671 6714/6018/671
f 6716/6020/671 6717/6021/671 6718/6022/671
f 6719/6023/671 6718/6022/671 6717/6021/671
f 6718/6022/671 6719/6023/671 6720/6024/671
f 6721/6025/671 6720/6024/671 6719/6023/671
f 6721/6025/671 6722/6026/671 6720/6024/671
f 6723/6027/671 6720/6024/671 6722/6026/671
f 6726/6028/707 6725/6029/707 6724/6030/707
f 6727/6031/707 6724/6030/707 6725/6029/707
f 6724/6030/707 6727/6031/707 6728/6032/707
f 6729/6033/707 6728/6032/707 6727/6031/707
f 6728/6032/707 6729/6033/707 6730/6034/707
f 6731/6035/707 6730/6034/707 6729/6033/707
f 6730/6034/707 6731/6035/707 6732/6036/707
f 6733/6037/707 6732/6036/707 6731/6035/707
f 6733/6037/707 6734/6038/707 6732/6036/707
f 6735/6039/707 6732/6036/707 6734/6038/707
f 6734/6038/707 6736/6040/707 6735/6039/707
f 6737/6041/707 6735/6039/707 6736/6040/707
f 6740/6042/671 6739/6043/671 6738/6044/671
f 6741/6045/671 6738/6044/671 6739/6043/671
f 6738/6044/671 6741/6045/671 6742/6046/671
f 6743/6047/671 6742/6046/671 6741/6045/671
f 6742/6046/671 6743/6047/671 6744/6048/671
f 6745/6049/671 6744/6048/671 6743/6047/671
f 6744/6048/671 6745/6049/671 6746/6050/671
f 6747/6051/671 6746/6050/671 6745/6049/671
f 6746/6050/671 6747/6051/671 6748/6052/671
f 6749/6053/671 6748/6052/671 6747/6051/671
f 6748/6052/671 6749/6053/671 6750/6054/671
f 6751/6055/671 6750/6054/671 6749/6053/671
f 6754/6056/1980 6753/6057/1980 6752/6058/2165
f 6755/6059/2165 6752/6058/2165 6753/6057/1980
f 6755/6059/2165 6756/6060/1978 6752/6058/2165
f 6757/6061/1978 6752/6058/2165 6756/6060/1978
f 6757/6061/1978 6756/6060/1978 6758/6062/2166
f 6759/6063/1982 6758/6062/2166 6756/6060/1978
f 6759/6063/1982 6760/6064/673 6758/6062/2166
f 6761/6065/673 6758/6062/2166 6760/6064/673
f 6760/6064/673 6762/6066/1042 6761/6065/673
f 6763/6067/1042 6761/6065/673 6762/6066/1042
f 6766/6068/1980 6765/6069/1980 6764/6070/2165
f 6767/6071/2165 6764/6070/2165 6765/6069/1980
f 6767/6071/2165 6768/6072/1978 6764/6070/2165
f 6769/6073/1978 6764/6070/2165 6768/6072/1978
f 6768/6072/1978 6770/6074/1982 6769/6073/1978
f 6771/6075/1982 6769/6073/1978 6770/6074/1982
f 6771/6075/1982 6770/6074/1982 6772/6076/673
f 6773/6077/673 6772/6076/673 6770/6074/1982
f 6773/6077/673 6774/6078/1042 6772/6076/673
f 6775/6079/1042 6772/6076/673 6774/6078/1042
f 6778/6080/1980 6777/6081/2165 6776/6082/1980
f 6779/6083/2165 6776/6082/1980 6777/6081/2165
f 6777/6081/2165 6780/6084/1978 6779/6083/2165
f 6781/6085/1978 6779/6083/2165 6780/6084/1978
f 6780/6084/1978 6782/6086/1982 6781/6085/1978
f 6783/6087/2107 6781/6085/1978 6782/6086/1982
f 6783/6087/2107 6782/6086/1982 6784/6088/673
f 6785/6089/673 6784/6088/673 6782/6086/1982
f 6784/6088/673 6785/6089/673 6786/6090/1042
f 6787/6091/1042 6786/6090/1042 6785/6089/673
f 6790/6092/1980 6789/6093/2165 6788/6094/1980
f 6791/6095/2165 6788/6094/1980 6789/6093/2165
f 6789/6093/2165 6792/6096/1978 6791/6095/2165
f 6793/6097/1978 6791/6095/2165 6792/6096/1978
f 6793/6097/1978 6792/6096/1978 6794/6098/1982
f 6795/6099/1982 6794/6098/1982 6792/6096/1978
f 6794/6098/1982 6795/6099/1982 6796/6100/673
f 6797/6101/673 6796/6100/673 6795/6099/1982
f 6797/6101/673 6798/6102/1042 6796/6100/673
f 6799/6103/1042 6796/6100/673 6798/6102/1042
f 6802/6104/1985 6801/6105/707 6800/6106/707
f 6801/6105/707 6803/6107/707 6800/6106/707
f 6803/6107/707 6804/6108/707 6800/6106/707
f 6805/6109/707 6804/6108/707 6803/6107/707
f 6806/6110/707 6805/6109/707 6803/6107/707
f 6807/6111/707 6803/6107/707 6801/6105/707
f 6808/6112/707 6807/6111/707 6801/6105/707
f 6803/6107/707 6809/6113/707 6806/6110/707
f 6806/6110/707 6809/6113/707 6810/6114/707
f 6811/6115/707 6806/6110/707 6810/6114/707
f 6812/6116/707 6806/6110/707 6811/6115/707
f 6810/6114/707 6809/6113/707 6813/6117/707
f 6814/6118/2167 6810/6114/707 6813/6117/707
f 6809/6113/707 6815/6119/1985 6813/6117/707
f 6818/6120/1987 6817/6121/573 6816/6122/1987
f 6819/6123/573 6816/6122/1987 6817/6121/573
f 6817/6121/573 6820/6124/1977 6819/6123/573
f 6821/6125/1977 6819/6123/573 6820/6124/1977
f 6820/6124/1977 6822/5863/1978 6821/6125/1977
f 6823/5862/1978 6821/6125/1977 6822/5863/1978
f 6826/6120/1987 6825/6122/1987 6824/6126/1975
f 6827/6127/1975 6824/6126/1975 6825/6122/1987
f 6824/6126/1975 6827/6127/1975 6828/6128/1973
f 6829/6129/1973 6828/6128/1973 6827/6127/1975
f 6828/6128/1973 6829/6129/1973 6830/6130/1974
f 6831/6131/1974 6830/6130/1974 6829/6129/1973
f 6834/6132/2168 6833/6133/2168 6832/6134/1970
f 6835/6135/1970 6832/6134/1970 6833/6133/2168
f 6832/6134/1970 6835/6135/1970 6836/6102/1042
f 6837/6103/1042 6836/6102/1042 6835/6135/1970
f 6840/6136/2168 6839/6137/2168 6838/6138/1970
f 6841/6139/1970 6838/6138/1970 6839/6137/2168
f 6841/6139/1970 6842/6067/1042 6838/6138/1970
f 6843/6066/1042 6838/6138/1970 6842/6067/1042
f 6846/6140/2168 6845/6141/2168 6844/6142/1970
f 6847/6143/1970 6844/6142/1970 6845/6141/2168
f 6847/6143/1970 6848/6079/1042 6844/6142/1970
f 6849/6078/1042 6844/6142/1970 6848/6079/1042
f 6852/6144/2168 6851/6145/1970 6850/6146/2168
f 6853/6147/1970 6850/6146/2168 6851/6145/1970
f 6853/6147/1970 6851/6145/1970 6854/6091/1042
f 6855/6090/1042 6854/6091/1042 6851/6145/1970
f 6858/5929/1970 6857/5928/2097 6856/6148/2169
f 6859/6149/2169 6856/6148/2169 6857/5928/2097
f 6860/6150/640 6856/6148/2169 6859/6149/2169
f 6860/6150/640 6861/6151/640 6856/6148/2169
f 6862/6152/2169 6856/6148/2169 6861/6151/640
f 6859/6149/2169 6863/6153/2169 6860/6150/640
f 6861/6151/640 6864/6154/2169 6862/6152/2169
f 6862/6152/2169 6864/6154/2169 6865/6155/1970
f 6866/6156/1970 6865/6155/1970 6864/6154/2169
f 6865/6155/1970 6866/6156/1970 6867/5917/2160
f 6868/5916/1980 6867/5917/2160 6866/6156/1970
f 6864/6154/2169 6861/6151/640 6869/6157/2169
f 6870/6158/640 6860/6150/640 6863/6153/2169
f 6863/6153/2169 6871/6159/2169 6870/6158/640
f 6863/6153/2169 6872/6160/1970 6871/6159/2169
f 6873/6161/1970 6871/6159/2169 6872/6160/1970
f 6872/6160/1970 6874/5924/2160 6873/6161/1970
f 6875/5923/2160 6873/6161/1970 6874/5924/2160
f 6870/6158/640 6871/6159/2169 6876/6162/640
f 6877/6163/2169 6876/6162/640 6871/6159/2169
f 6877/6163/2169 6878/6164/1969 6876/6162/640
f 6877/6163/2169 6879/6165/1970 6878/6164/1969
f 6880/6166/1970 6878/6164/1969 6879/6165/1970
f 6879/6165/1970 6881/6167/2160 6880/6166/1970
f 6882/6168/1980 6880/6166/1970 6881/6167/2160
f 6876/6162/640 6883/6169/1967 6870/6158/640
f 6870/6158/640 6884/6170/1967 6860/6150/640
f 6884/6170/1967 6870/6158/640 6883/6169/1967
f 6884/6170/1967 6883/6169/1967 6885/6171/2096
f 6886/6172/1966 6885/6171/2096 6883/6169/1967
f 6885/6171/2096 6887/6173/1966 6884/6170/1967
f 6888/6174/1967 6860/6150/640 6884/6170/1967
f 6888/6174/1967 6884/6170/1967 6887/6173/1966
f 6860/6150/640 6888/6174/1967 6861/6151/640
f 6887/6173/1966 6889/6175/1966 6888/6174/1967
f 6889/6175/1966 6887/6173/1966 6890/6176/1981
f 6891/6177/1967 6888/6174/1967 6889/6175/1966
f 6891/6177/1967 6861/6151/640 6888/6174/1967
f 6889/6175/1966 6890/6176/1981 6892/6178/1966
f 6889/6175/1966 6892/6178/1966 6891/6177/1967
f 6893/6179/1981 6892/6178/1966 6890/6176/1981
f 6893/6179/1981 6894/6180/1981 6892/6178/1966
f 6895/6181/1966 6892/6178/1966 6894/6180/1981
f 6896/6182/2149 6891/6177/1967 6892/6178/1966
f 6892/6178/1966 6895/6181/1966 6896/6182/2149
f 6891/6177/1967 6896/6182/2149 6861/6151/640
f 6897/6183/1967 6896/6182/2149 6895/6181/1966
f 6897/6183/1967 6898/6184/640 6896/6182/2149
f 6899/6185/640 6861/6151/640 6896/6182/2149
f 6899/6185/640 6896/6182/2149 6898/6184/640
f 6899/6185/640 6869/6157/2169 6861/6151/640
f 6899/6185/640 6898/6184/640 6869/6157/2169
f 6900/6186/1969 6869/6157/2169 6898/6184/640
f 6869/6157/2169 6900/6186/1969 6901/6187/1970
f 6902/6188/1970 6901/6187/1970 6900/6186/1969
f 6902/6188/1970 6903/5908/1980 6901/6187/1970
f 6904/5909/1980 6901/6187/1970 6903/5908/1980
f 6907/6167/2160 6906/5876/673 6905/6168/2161
f 6908/5877/673 6905/6168/2161 6906/5876/673
f 6911/6189/680 6910/6180/2170 6909/6190/680
f 6912/6179/2170 6909/6190/680 6910/6180/2170
f 6912/6179/2170 6913/6176/1981 6909/6190/680
f 6914/6191/680 6909/6190/680 6913/6176/1981
f 6914/6191/680 6913/6176/1981 6915/6192/680
f 6916/6193/1971 6915/6192/680 6913/6176/1981
f 6916/6193/1971 6913/6176/1981 6917/6173/1966
f 6917/6173/1966 6918/6171/1966 6916/6193/1971
f 6916/6193/1971 6919/6194/1971 6915/6192/680
f 6919/6194/1971 6916/6193/1971 6918/6171/1966
f 6920/6195/680 6915/6192/680 6919/6194/1971
f 6918/6171/1966 6921/6172/1966 6919/6194/1971
f 6920/6195/680 6919/6194/1971 6922/6196/680
f 6923/6197/1971 6919/6194/1971 6921/6172/1966
f 6923/6197/1971 6922/6196/680 6919/6194/1971
f 6926/6136/2171 6925/6198/1982 6924/6137/2171
f 6927/6199/1982 6924/6137/2171 6925/6198/1982
f 6930/6200/1982 6929/6201/1982 6928/6140/2171
f 6931/6141/2171 6928/6140/2171 6929/6201/1982
f 6934/6146/2171 6933/6202/1982 6932/6144/2171
f 6935/6203/1982 6932/6144/2171 6933/6202/1982
f 6938/6204/1982 6937/6133/2171 6936/6205/1982
f 6939/6132/2171 6936/6205/1982 6937/6133/2171
f 6942/6206/2172 6941/6207/2173 6940/6208/2174
f 6940/6208/2174 6943/6209/2175 6942/6206/2172
f 6942/6206/2172 6943/6209/2175 6944/6210/2176
f 6945/6211/2177 6944/6210/2176 6943/6209/2175
f 6946/6212/2178 6944/6210/2176 6945/6211/2177
f 6944/6210/2176 6946/6212/2178 6947/6213/2179
f 6947/6213/2179 6946/6212/2178 6948/6214/2180
f 6947/6213/2179 6948/6214/2180 6949/6215/2181
f 6950/6216/2182 6949/6215/2181 6948/6214/2180
f 6949/6215/2181 6950/6216/2182 6951/6217/2183
f 6951/6217/2183 6950/6216/2182 6952/6218/2184
f 6952/6218/2184 6953/6219/2185 6951/6217/2183
f 6952/6218/2184 6954/6220/2186 6953/6219/2185
f 6955/6221/2187 6953/6219/2185 6954/6220/2186
f 6956/6222/2188 6955/6221/2187 6954/6220/2186
f 6959/6207/2189 6958/6223/2190 6957/6208/2191
f 6960/6224/2192 6958/6223/2190 6959/6207/2189
f 6960/6224/2192 6961/6225/2193 6958/6223/2190
f 6962/6226/2193 6961/6225/2193 6960/6224/2192
f 6965/6227/2194 6964/6228/2195 6963/6229/2196
f 6963/6229/2196 6966/6230/2197 6965/6227/2194
f 6966/6230/2197 6963/6229/2196 6967/6231/2198
f 6967/6231/2198 6968/6232/2199 6966/6230/2197
f 6969/6233/2200 6968/6232/2199 6967/6231/2198
f 6967/6231/2198 6970/6234/2201 6969/6233/2200
f 6971/6235/2202 6969/6233/2200 6970/6234/2201
f 6970/6234/2201 6972/6236/2203 6971/6235/2202
f 6971/6235/2202 6972/6236/2203 6973/6237/2204
f 6974/6238/2205 6973/6237/2204 6972/6236/2203
f 6975/6239/2206 6973/6237/2204 6974/6238/2205
f 6974/6238/2205 6976/6240/2207 6975/6239/2206
f 6977/6241/2208 6975/6239/2206 6976/6240/2207
f 6977/6241/2208 6976/6240/2207 6978/6242/2209
f 6977/6241/2208 6978/6242/2209 6979/6243/2210
f 6982/6228/2211 6981/6227/2212 6980/6244/2213
f 6982/6228/2211 6980/6244/2213 6983/6245/2214
f 6983/6245/2214 6980/6244/2213 6984/6246/2193
f 6984/6246/2193 6985/6247/2193 6983/6245/2214
f 6988/6248/2215 6987/6249/2216 6986/6250/2217
f 6987/6249/2216 6988/6248/2215 6989/6251/2218
f 6989/6251/2218 6990/6252/2219 6987/6249/2216
f 6989/6251/2218 6988/6248/2215 6991/6253/2220
f 6992/6254/2220 6989/6251/2218 6991/6253/2220
f 6993/6255/2221 6992/6254/2220 6991/6253/2220
f 6993/6255/2221 6991/6253/2220 6994/6256/2221
f 6995/6257/2222 6993/6255/2221 6994/6256/2221
f 6994/6256/2221 6996/6258/2222 6995/6257/2222
f 6997/6259/2223 6995/6257/2222 6996/6258/2222
f 6996/6258/2222 6998/6260/2223 6997/6259/2223
f 6997/6259/2223 6998/6260/2223 6999/6261/2224
f 6997/6259/2223 6999/6261/2224 7000/6262/2224
f 6999/6261/2224 7001/6263/2225 7000/6262/2224
f 7001/6263/2225 7002/6264/2226 7000/6262/2224
f 7001/6263/2225 7003/6265/2227 7002/6264/2226
f 7003/6265/2227 7004/6266/2228 7002/6264/2226
f 7005/6267/2229 7003/6265/2227 7001/6263/2225
f 7008/6268/2230 7007/6269/2230 7006/6270/2231
f 7006/6270/2231 7009/6271/2232 7008/6268/2230
f 7006/6270/2231 7010/6272/2233 7009/6271/2232
f 7006/6270/2231 7011/6273/2233 7010/6272/2233
f 7014/6222/2234 7013/6220/2235 7012/6274/2236
f 7015/6275/2237 7014/6222/2234 7012/6274/2236
f 7016/6243/2210 7015/6275/2237 7012/6274/2236
f 7012/6274/2236 7017/6241/2238 7016/6243/2210
f 7020/6276/2239 7019/6277/2239 7018/6278/2240
f 7021/6279/2240 7020/6276/2239 7018/6278/2240
f 7022/6280/2241 7021/6279/2240 7018/6278/2240
f 7018/6278/2240 7023/6281/2242 7022/6280/2241
f 7026/6282/2243 7025/6283/2244 7024/6284/2245
f 7027/6285/2246 7024/6284/2245 7025/6283/2244
f 7026/6282/2243 7024/6284/2245 7028/6286/2247
f 7024/6284/2245 7027/6285/2246 7029/6287/2248
f 7030/6288/2249 7029/6287/2248 7027/6285/2246
f 7030/6288/2249 7031/6289/2250 7029/6287/2248
f 7032/6290/2251 7028/6286/2247 7024/6284/2245
f 7024/6284/2245 7029/6287/2248 7032/6290/2251
f 7033/6291/2252 7029/6287/2248 7031/6289/2250
f 7031/6289/2250 7034/6292/2253 7033/6291/2252
f 7032/6290/2251 7035/6293/2254 7028/6286/2247
f 7036/6294/2255 7028/6286/2247 7035/6293/2254
f 7036/6294/2255 7035/6293/2254 7037/6295/2256
f 7038/6296/2257 7037/6295/2256 7035/6293/2254
f 7038/6296/2257 7035/6293/2254 7039/6297/2258
f 7040/6298/2259 7032/6290/2251 7029/6287/2248
f 7029/6287/2248 7033/6291/2252 7040/6298/2259
f 7035/6293/2254 7032/6290/2251 7041/6299/2260
f 7041/6299/2260 7039/6297/2258 7035/6293/2254
f 7040/6298/2259 7041/6299/2260 7032/6290/2251
f 7041/6299/2260 7042/6300/2261 7039/6297/2258
f 7043/6301/2262 7039/6297/2258 7042/6300/2261
f 7040/6298/2259 7044/6302/2263 7041/6299/2260
f 7044/6302/2263 7040/6298/2259 7033/6291/2252
f 7042/6300/2261 7041/6299/2260 7044/6302/2263
f 7042/6300/2261 7045/6303/2264 7043/6301/2262
f 7046/6304/2265 7043/6301/2262 7045/6303/2264
f 7044/6302/2263 7047/6305/2266 7042/6300/2261
f 7044/6302/2263 7033/6291/2252 7047/6305/2266
f 7045/6303/2264 7042/6300/2261 7047/6305/2266
f 7045/6303/2264 7048/6306/2267 7046/6304/2265
f 7049/6307/2268 7046/6304/2265 7048/6306/2267
f 7049/6307/2268 7048/6306/2267 7050/6308/2269
f 7051/6309/2270 7047/6305/2266 7033/6291/2252
f 7051/6309/2270 7033/6291/2252 7034/6292/2253
f 7051/6309/2270 7034/6292/2253 7052/6310/2271
f 7051/6309/2270 7052/6310/2271 7047/6305/2266
f 7053/6311/2272 7052/6310/2271 7034/6292/2253
f 7053/6311/2272 7054/6312/2273 7052/6310/2271
f 7047/6305/2266 7055/6313/2274 7045/6303/2264
f 7055/6313/2274 7047/6305/2266 7052/6310/2271
f 7048/6306/2267 7045/6303/2264 7055/6313/2274
f 7056/6314/2275 7052/6310/2271 7054/6312/2273
f 7052/6310/2271 7056/6314/2275 7055/6313/2274
f 7055/6313/2274 7057/6315/2276 7048/6306/2267
f 7057/6315/2276 7055/6313/2274 7056/6314/2275
f 7058/6316/2277 7050/6308/2269 7048/6306/2267
f 7058/6316/2277 7048/6306/2267 7057/6315/2276
f 7058/6316/2277 7059/6317/2278 7050/6308/2269
f 7058/6316/2277 7057/6315/2276 7059/6317/2278
f 7060/6318/2279 7050/6308/2269 7059/6317/2278
f 7056/6314/2275 7054/6312/2273 7061/6319/2280
f 7062/6320/2281 7061/6319/2280 7054/6312/2273
f 7062/6320/2281 7063/6321/2282 7061/6319/2280
f 7057/6315/2276 7056/6314/2275 7064/6322/2283
f 7061/6319/2280 7064/6322/2283 7056/6314/2275
f 7064/6322/2283 7059/6317/2278 7057/6315/2276
f 7065/6323/2284 7061/6319/2280 7063/6321/2282
f 7061/6319/2280 7065/6323/2284 7064/6322/2283
f 7063/6321/2282 7066/1146/2285 7065/6323/2284
f 7059/6317/2278 7067/6324/2286 7060/6318/2279
f 7068/6325/2287 7060/6318/2279 7067/6324/2286
f 7064/6322/2283 7069/6326/2288 7059/6317/2278
f 7069/6326/2288 7064/6322/2283 7065/6323/2284
f 7067/6324/2286 7059/6317/2278 7069/6326/2288
f 7070/6327/2289 7065/6323/2284 7066/1146/2285
f 7065/6323/2284 7070/6327/2289 7069/6326/2288
f 7070/6327/2289 7066/1146/2285 7071/1145/541
f 7067/6324/2286 7072/6328/2290 7068/6325/2287
f 7067/6324/2286 7069/6326/2288 7072/6328/2290
f 7073/1159/555 7068/6325/2287 7072/6328/2290
f 7072/6328/2290 7074/1156/2291 7073/1159/555
f 7074/1156/2291 7072/6328/2290 7075/1149/2292
f 7070/6327/2289 7071/1145/541 7076/6329/2293
f 7076/6329/2293 7069/6326/2288 7070/6327/2289
f 7075/1149/2292 7076/6329/2293 7071/1145/541
f 7076/6329/2293 7072/6328/2290 7069/6326/2288
f 7076/6329/2293 7075/1149/2292 7072/6328/2290
f 7079/6330/673 7078/6331/673 7077/6332/673
f 7079/6330/673 7077/6332/673 7080/6333/673
f 7081/6334/673 7077/6332/673 7078/6331/673
f 7082/6335/673 7080/6333/673 7077/6332/673
f 7081/6334/673 7078/6331/673 7083/6336/673
f 7080/6333/673 7082/6335/673 7084/6337/673
f 7083/6336/673 7084/6337/673 7082/6335/673
f 7084/6337/673 7083/6336/673 7078/6331/673
f 7087/6338/707 7086/6339/707 7085/6340/707
f 7087/6338/707 7085/6340/707 7088/6341/707
f 7089/6342/707 7085/6340/707 7086/6339/707
f 7090/6343/707 7088/6341/707 7085/6340/707
f 7088/6341/707 7090/6343/707 7091/6344/707
f 7092/6345/707 7091/6344/707 7090/6343/707
f 7086/6339/707 7093/6346/707 7089/6342/707
f 7094/6347/707 7089/6342/707 7093/6346/707
f 7091/6344/707 7092/6345/707 7095/6348/707
f 7096/6349/707 7095/6348/707 7092/6345/707
f 7094/6347/707 7093/6346/707 7097/6350/707
f 7098/6351/707 7097/6350/707 7093/6346/707
f 7098/6351/707 7099/6352/707 7097/6350/707
f 7100/6353/707 7097/6350/707 7099/6352/707
f 7096/6349/707 7101/6354/707 7095/6348/707
f 7102/6355/707 7095/6348/707 7101/6354/707
f 7099/6352/707 7103/6356/707 7100/6353/707
f 7104/6357/707 7100/6353/707 7103/6356/707
f 7102/6355/707 7101/6354/707 7105/6358/707
f 7106/6359/707 7105/6358/707 7101/6354/707
f 7104/6357/707 7103/6356/707 7107/6360/707
f 7108/6361/707 7107/6360/707 7103/6356/707
f 7108/6361/707 7109/6362/707 7107/6360/707
f 7110/6363/707 7107/6360/707 7109/6362/707
f 7106/6359/707 7111/6364/707 7105/6358/707
f 7112/6365/707 7105/6358/707 7111/6364/707
f 7112/6365/707 7111/6364/707 7113/6366/707
f 7114/6367/707 7113/6366/707 7111/6364/707
f 7109/6362/707 7115/6368/707 7110/6363/707
f 7113/6366/707 7114/6367/707 7115/6368/707
f 7116/6369/707 7110/6363/707 7115/6368/707
f 7116/6369/707 7115/6368/707 7114/6367/707
f 7119/6370/2294 7118/6371/2295 7117/6372/2295
f 7120/6373/2295 7118/6371/2295 7119/6370/2294
f 7117/6372/2295 7121/6374/2296 7119/6370/2294
f 7121/6374/2296 7122/6375/2297 7119/6370/2294
f 7119/6370/2294 7123/6376/2296 7120/6373/2295
f 7119/6370/2294 7122/6375/2297 7123/6376/2296
f 7124/6377/2298 7122/6375/2297 7121/6374/2296
f 7122/6375/2297 7125/6378/2298 7123/6376/2296
f 7122/6375/2297 7124/6377/2298 7126/6379/2299
f 7122/6375/2297 7127/6380/2299 7125/6378/2298
f 7126/6379/2299 7128/6381/2300 7122/6375/2297
f 7128/6381/2300 7127/6380/2299 7122/6375/2297
f 7128/6381/2300 7126/6379/2299 7129/6382/2301
f 7130/6383/2301 7127/6380/2299 7128/6381/2300
f 7129/6382/2301 7131/6384/2302 7128/6381/2300
f 7128/6381/2300 7131/6384/2302 7130/6383/2301
f 7131/6384/2302 7129/6382/2301 7132/6385/2303
f 7133/6386/2303 7130/6383/2301 7131/6384/2302
f 7132/6385/2303 7134/6387/2304 7131/6384/2302
f 7131/6384/2302 7134/6387/2304 7133/6386/2303
f 7134/6387/2304 7132/6385/2303 7135/6388/2305
f 7134/6387/2304 7136/6389/2306 7133/6386/2303
f 7135/6388/2305 7137/6390/2307 7134/6387/2304
f 7136/6389/2306 7134/6387/2304 7137/6390/2307
f 7137/6390/2307 7135/6388/2305 7138/6391/2308
f 7139/6392/2309 7136/6389/2306 7137/6390/2307
f 7138/6391/2308 7140/6393/2310 7137/6390/2307
f 7137/6390/2307 7140/6393/2310 7139/6392/2309
f 7143/6394/680 7142/6395/680 7141/6396/680
f 7143/6394/680 7141/6396/680 7144/6397/680
f 7145/6398/680 7141/6396/680 7142/6395/680
f 7146/6399/680 7144/6397/680 7141/6396/680
f 7142/6395/680 7147/6400/680 7145/6398/680
f 7146/6399/680 7148/6401/680 7144/6397/680
f 7148/6401/680 7145/6398/680 7147/6400/680
f 7147/6400/680 7144/6397/680 7148/6401/680
f 7151/6402/2311 7150/6403/2312 7149/6404/2313
f 7149/6404/2313 7152/6405/2314 7151/6402/2311
f 7151/6402/2311 7152/6405/2314 7153/6406/2315
f 7154/6407/2316 7149/6404/2313 7150/6403/2312
f 7155/6408/2317 7154/6407/2316 7150/6403/2312
f 7150/6403/2312 7156/6409/2318 7155/6408/2317
f 7154/6407/2316 7157/6410/2319 7149/6404/2313
f 7154/6407/2316 7155/6408/2317 7157/6410/2319
f 7158/6411/2320 7149/6404/2313 7157/6410/2319
f 7158/6411/2320 7159/6412/2321 7149/6404/2313
f 7158/6411/2320 7157/6410/2319 7159/6412/2321
f 7152/6405/2314 7149/6404/2313 7159/6412/2321
f 7160/6413/2322 7157/6410/2319 7155/6408/2317
f 7160/6413/2322 7159/6412/2321 7157/6410/2319
f 7155/6408/2317 7161/6414/2323 7160/6413/2322
f 7161/6414/2323 7155/6408/2317 7156/6409/2318
f 7160/6413/2322 7162/6415/2324 7159/6412/2321
f 7162/6415/2324 7160/6413/2322 7161/6414/2323
f 7159/6412/2321 7163/6416/2325 7152/6405/2314
f 7163/6416/2325 7159/6412/2321 7162/6415/2324
f 7164/6417/2326 7153/6406/2315 7152/6405/2314
f 7164/6417/2326 7152/6405/2314 7163/6416/2325
f 7153/6406/2315 7165/6418/2327 7156/6409/2318
f 7164/6417/2326 7165/6418/2327 7153/6406/2315
f 7163/6416/2325 7166/6419/2328 7164/6417/2326
f 7163/6416/2325 7162/6415/2324 7166/6419/2328
f 7165/6418/2327 7164/6417/2326 7166/6419/2328
f 7167/6420/2329 7156/6409/2318 7165/6418/2327
f 7167/6420/2329 7161/6414/2323 7156/6409/2318
f 7165/6418/2327 7166/6419/2328 7167/6420/2329
f 7168/6421/2330 7166/6419/2328 7162/6415/2324
f 7162/6415/2324 7161/6414/2323 7168/6421/2330
f 7168/6421/2330 7167/6420/2329 7166/6419/2328
f 7167/6420/2329 7168/6421/2330 7161/6414/2323
f 7171/6422/2331 7170/6423/2332 7169/6424/2333
f 7172/6425/2334 7170/6423/2332 7171/6422/2331
f 7171/6422/2331 7173/6426/2335 7172/6425/2334
f 7174/6427/2336 7169/6424/2333 7170/6423/2332
f 7174/6427/2336 7170/6423/2332 7175/6428/2337
f 7174/6427/2336 7176/6429/2338 7169/6424/2333
f 7174/6427/2336 7175/6428/2337 7176/6429/2338
f 7170/6423/2332 7172/6425/2334 7177/6430/2339
f 7177/6430/2339 7175/6428/2337 7170/6423/2332
f 7178/6431/2340 7177/6430/2339 7172/6425/2334
f 7177/6430/2339 7178/6431/2340 7175/6428/2337
f 7179/6432/2341 7172/6425/2334 7173/6426/2335
f 7172/6425/2334 7179/6432/2341 7178/6431/2340
f 7180/6433/2342 7175/6428/2337 7178/6431/2340
f 7180/6433/2342 7176/6429/2338 7175/6428/2337
f 7176/6429/2338 7181/6434/2343 7169/6424/2333
f 7182/6435/2344 7169/6424/2333 7181/6434/2343
f 7182/6435/2344 7183/6436/2345 7173/6426/2335
f 7181/6434/2343 7183/6436/2345 7182/6435/2344
f 7178/6431/2340 7184/6437/2346 7180/6433/2342
f 7184/6437/2346 7178/6431/2340 7179/6432/2341
f 7180/6433/2342 7185/6438/2347 7176/6429/2338
f 7181/6434/2343 7176/6429/2338 7185/6438/2347
f 7185/6438/2347 7180/6433/2342 7184/6437/2346
f 7186/6439/2348 7179/6432/2341 7173/6426/2335
f 7186/6439/2348 7173/6426/2335 7183/6436/2345
f 7184/6437/2346 7179/6432/2341 7187/6440/2349
f 7186/6439/2348 7187/6440/2349 7179/6432/2341
f 7184/6437/2346 7187/6440/2349 7185/6438/2347
f 7186/6439/2348 7183/6436/2345 7187/6440/2349
f 7183/6436/2345 7181/6434/2343 7188/6441/2350
f 7185/6438/2347 7188/6441/2350 7181/6434/2343
f 7188/6441/2350 7187/6440/2349 7183/6436/2345
f 7188/6441/2350 7185/6438/2347 7187/6440/2349
